session_id,release,device,jitter_mm,tracking_loss_per_hr,mtp_latency_ms,battery_drain_pct_hr
sess000000,v68,quest3,2.37,1.6,41.8,16.6
sess000001,v70,quest3s,2.22,1.13,31.4,19.4
sess000002,v69,quest3,1.89,1.33,34.6,18.9
sess000003,v68,quest3,1.9,1.72,43.3,20.5
sess000004,v70,quest3s,1.87,1.13,39.9,18.9
sess000005,v69,quest3s,2.34,2.3,35.6,19.6
sess000006,v70,quest3s,1.78,1.32,36.8,19.0
sess000007,v70,quest3,1.64,0.66,42.8,19.4
sess000008,v70,quest3,2.15,1.13,35.8,18.3
sess000009,v69,quest3,2.14,1.72,45.3,18.1
sess000010,v69,quest3s,2.97,1.65,42.1,19.2
sess000011,v70,quest3s,1.58,1.68,42.4,20.7
sess000012,v70,quest3,2.11,0.72,43.1,19.8
sess000013,v68,quest3s,2.05,1.04,33.5,19.7
sess000014,v68,quest3s,2.04,0.85,40.2,17.7
sess000015,v70,quest3s,2.52,1.17,38.9,20.2
sess000016,v69,quest3,2.75,1.15,43.4,20.1
sess000017,v69,quest3,1.96,1.11,46.9,17.4
sess000018,v68,quest3,2.8,1.75,40.7,17.7
sess000019,v70,quest3s,2.89,0.91,40.4,18.7
sess000020,v69,quest3s,3.0,2.43,32.0,19.7
sess000021,v69,quest3,1.2,1.61,40.5,13.0
sess000022,v69,quest3,2.42,0.23,36.5,17.8
sess000023,v70,quest3,1.92,0.96,47.4,19.4
sess000024,v69,quest3,1.21,2.0,48.1,16.3
sess000025,v69,quest3s,3.54,1.77,45.9,16.3
sess000026,v69,quest3,3.26,1.09,41.9,19.6
sess000027,v69,quest3,1.92,1.39,45.2,17.6
sess000028,v68,quest3,1.48,1.29,37.9,16.4
sess000029,v69,quest3s,3.04,1.67,36.8,20.5
sess000030,v70,quest3s,2.34,1.75,45.6,18.9
sess000031,v68,quest3,1.71,0.85,43.9,17.6
sess000032,v70,quest3s,1.76,0.71,49.7,14.6
sess000033,v70,quest3,3.62,0.97,38.3,18.6
sess000034,v70,quest3s,2.52,0.67,43.3,18.9
sess000035,v68,quest3,1.21,1.25,43.8,17.9
sess000036,v69,quest3,2.44,1.65,40.1,17.3
sess000037,v69,quest3s,3.22,1.89,45.2,18.8
sess000038,v70,quest3,2.52,1.24,38.8,17.6
sess000039,v68,quest3,2.01,1.45,29.2,18.7
sess000040,v69,quest3s,3.34,1.0,40.7,17.0
sess000041,v68,quest3,1.94,0.77,40.7,17.1
sess000042,v68,quest3s,2.0,1.26,41.8,16.8
sess000043,v69,quest3,2.06,1.53,41.2,18.3
sess000044,v69,quest3,2.77,1.05,47.1,16.4
sess000045,v69,quest3s,3.07,1.58,38.0,19.1
sess000046,v68,quest3s,2.0,1.36,45.7,19.9
sess000047,v70,quest3s,2.86,1.47,45.9,17.3
sess000048,v70,quest3,1.62,1.5,47.1,18.2
sess000049,v68,quest3s,2.13,0.95,43.2,18.3
sess000050,v68,quest3s,2.34,1.44,45.8,21.1
sess000051,v69,quest3,2.29,1.58,44.3,20.4
sess000052,v70,quest3s,2.42,1.09,38.4,20.0
sess000053,v68,quest3,1.48,1.31,39.4,18.6
sess000054,v69,quest3s,3.72,1.18,36.9,17.9
sess000055,v70,quest3,2.28,1.3,41.0,20.6
sess000056,v68,quest3s,2.44,1.08,49.8,16.2
sess000057,v70,quest3s,2.57,1.56,35.0,17.0
sess000058,v68,quest3s,3.61,0.98,40.1,15.5
sess000059,v69,quest3s,3.87,2.25,38.9,19.2
sess000060,v68,quest3,1.55,0.9,42.5,16.7
sess000061,v69,quest3s,3.0,1.74,41.4,17.7
sess000062,v69,quest3s,2.81,2.5,41.7,18.0
sess000063,v68,quest3s,2.35,1.56,36.2,17.0
sess000064,v70,quest3,2.22,0.79,39.5,19.9
sess000065,v68,quest3,2.97,1.48,40.0,18.7
sess000066,v69,quest3,3.21,0.4,45.3,18.3
sess000067,v68,quest3,3.27,0.7,37.0,17.7
sess000068,v69,quest3,2.57,1.69,33.7,17.6
sess000069,v69,quest3,2.44,0.0,41.9,18.1
sess000070,v69,quest3s,3.09,2.12,38.3,16.5
sess000071,v69,quest3s,4.25,1.2,41.3,19.3
sess000072,v68,quest3,1.95,1.49,51.3,16.0
sess000073,v70,quest3,2.8,1.51,48.1,17.9
sess000074,v70,quest3s,2.45,1.07,47.8,16.7
sess000075,v68,quest3s,2.19,1.24,43.3,18.0
sess000076,v70,quest3,2.25,0.51,43.8,19.4
sess000077,v68,quest3s,2.42,1.03,42.4,20.1
sess000078,v70,quest3,1.43,1.5,40.9,18.9
sess000079,v69,quest3,2.18,1.71,41.1,15.4
sess000080,v70,quest3,1.96,1.15,47.0,19.8
sess000081,v68,quest3s,2.43,1.36,39.1,18.7
sess000082,v68,quest3s,2.6,1.49,40.7,19.7
sess000083,v70,quest3,1.86,0.25,39.7,18.7
sess000084,v70,quest3s,2.2,0.87,36.0,17.7
sess000085,v69,quest3,1.76,1.18,39.0,18.6
sess000086,v69,quest3,2.22,0.96,40.8,18.6
sess000087,v68,quest3,1.97,1.18,41.2,18.5
sess000088,v70,quest3,2.33,1.27,44.1,15.2
sess000089,v69,quest3,2.51,1.58,35.3,15.3
sess000090,v68,quest3s,2.23,1.16,38.1,16.4
sess000091,v69,quest3s,3.84,1.82,50.5,17.1
sess000092,v70,quest3,1.6,1.28,47.1,19.5
sess000093,v69,quest3,1.58,1.94,43.6,17.2
sess000094,v68,quest3,2.42,1.18,44.7,17.6
sess000095,v70,quest3,2.45,0.38,40.1,20.1
sess000096,v69,quest3,1.91,1.67,44.8,16.9
sess000097,v68,quest3,2.59,0.76,45.2,19.8
sess000098,v70,quest3s,2.06,1.24,42.5,21.3
sess000099,v70,quest3s,1.44,1.53,43.5,22.7
sess000100,v68,quest3s,1.58,1.29,41.8,16.5
sess000101,v68,quest3s,2.17,0.0,42.4,18.5
sess000102,v70,quest3,1.97,1.36,42.0,21.8
sess000103,v68,quest3s,2.25,1.05,48.7,20.2
sess000104,v70,quest3,1.97,1.22,38.3,16.9
sess000105,v68,quest3s,2.15,1.52,42.3,15.6
sess000106,v70,quest3,1.79,1.03,58.2,19.2
sess000107,v69,quest3s,3.57,1.78,43.6,20.1
sess000108,v69,quest3s,2.66,1.35,45.3,19.4
sess000109,v70,quest3,1.8,1.7,46.5,19.5
sess000110,v68,quest3,0.98,1.3,39.2,19.8
sess000111,v70,quest3s,2.15,0.71,45.4,16.4
sess000112,v68,quest3s,2.05,1.29,39.9,17.6
sess000113,v68,quest3,2.68,1.07,39.7,18.7
sess000114,v70,quest3,2.49,1.11,39.5,19.2
sess000115,v69,quest3s,2.8,1.53,41.7,15.5
sess000116,v70,quest3s,2.55,1.18,47.0,17.9
sess000117,v68,quest3,2.35,0.53,40.7,17.2
sess000118,v69,quest3,2.84,0.89,35.8,19.2
sess000119,v68,quest3,2.61,0.78,34.6,21.0
sess000120,v69,quest3,2.2,0.22,40.1,17.5
sess000121,v69,quest3s,2.01,1.08,38.5,20.2
sess000122,v70,quest3,2.93,1.05,38.5,20.3
sess000123,v68,quest3,3.38,1.3,39.4,17.2
sess000124,v69,quest3,2.11,1.7,44.4,18.6
sess000125,v69,quest3s,3.19,2.23,38.0,14.7
sess000126,v68,quest3,1.5,1.17,46.1,17.8
sess000127,v68,quest3s,2.93,0.83,44.4,17.2
sess000128,v68,quest3,2.13,0.5,40.2,18.4
sess000129,v69,quest3s,3.34,1.91,45.7,14.6
sess000130,v70,quest3,2.2,1.29,45.8,17.8
sess000131,v68,quest3,1.41,1.25,45.4,18.5
sess000132,v68,quest3s,3.21,1.06,44.3,18.2
sess000133,v69,quest3s,3.01,2.19,47.9,19.8
sess000134,v69,quest3s,2.83,2.67,45.5,20.1
sess000135,v70,quest3s,2.63,0.63,45.4,20.0
sess000136,v68,quest3s,2.72,1.67,45.6,16.0
sess000137,v69,quest3,1.93,1.23,44.9,18.5
sess000138,v68,quest3,2.55,0.81,39.1,18.8
sess000139,v70,quest3,1.93,0.12,41.5,17.6
sess000140,v70,quest3s,3.44,0.92,45.2,20.0
sess000141,v68,quest3,2.69,0.98,39.0,15.2
sess000142,v70,quest3s,2.18,1.39,38.0,17.0
sess000143,v69,quest3,2.39,1.59,42.2,18.6
sess000144,v70,quest3,2.89,1.78,44.6,16.6
sess000145,v69,quest3,3.03,1.26,41.2,19.8
sess000146,v69,quest3s,2.88,2.32,48.4,16.5
sess000147,v70,quest3s,0.74,1.83,40.2,17.3
sess000148,v70,quest3s,1.99,1.14,38.0,20.0
sess000149,v68,quest3,2.04,1.15,42.0,17.4
sess000150,v68,quest3s,2.41,1.52,43.6,15.9
sess000151,v70,quest3,2.3,1.5,41.7,19.9
sess000152,v68,quest3s,1.56,0.37,37.0,16.4
sess000153,v69,quest3,1.96,1.43,45.7,19.2
sess000154,v70,quest3,2.76,1.87,35.8,21.1
sess000155,v70,quest3,2.86,1.21,45.3,18.3
sess000156,v69,quest3s,2.97,2.31,41.4,17.5
sess000157,v70,quest3,1.59,1.24,41.6,17.3
sess000158,v68,quest3s,1.95,1.17,53.2,18.4
sess000159,v70,quest3,1.96,0.73,40.2,20.7
sess000160,v69,quest3s,2.52,2.53,41.4,19.5
sess000161,v68,quest3s,2.07,1.52,39.6,18.2
sess000162,v69,quest3s,2.87,1.58,43.2,16.4
sess000163,v70,quest3,1.9,2.03,42.7,16.7
sess000164,v69,quest3s,2.64,1.53,42.6,18.5
sess000165,v68,quest3,1.38,1.5,37.6,18.1
sess000166,v69,quest3s,2.57,1.71,43.3,18.2
sess000167,v68,quest3,2.2,0.0,47.6,17.2
sess000168,v70,quest3s,1.81,1.22,41.4,20.6
sess000169,v68,quest3s,2.12,1.66,41.6,15.8
sess000170,v68,quest3,2.66,0.62,35.2,19.7
sess000171,v70,quest3,1.91,1.02,49.7,17.5
sess000172,v70,quest3,1.4,1.17,41.2,19.3
sess000173,v70,quest3s,1.55,0.9,44.3,17.2
sess000174,v70,quest3,1.16,1.1,49.0,18.4
sess000175,v69,quest3,1.66,1.46,43.3,17.2
sess000176,v70,quest3,1.57,1.51,49.6,15.1
sess000177,v69,quest3,2.03,1.0,36.4,19.0
sess000178,v70,quest3s,2.45,1.01,47.5,16.8
sess000179,v68,quest3,1.91,1.47,41.1,18.8
sess000180,v69,quest3s,2.54,1.45,40.7,18.4
sess000181,v68,quest3s,1.83,1.25,48.6,19.5
sess000182,v69,quest3s,3.13,2.2,42.0,17.9
sess000183,v68,quest3,1.12,1.11,38.5,15.8
sess000184,v68,quest3s,2.42,0.73,37.5,18.3
sess000185,v70,quest3,1.46,1.3,42.8,19.8
sess000186,v69,quest3s,2.94,2.23,47.2,20.9
sess000187,v70,quest3,1.94,0.26,49.9,21.3
sess000188,v70,quest3,1.7,1.13,40.8,20.1
sess000189,v69,quest3,1.81,0.52,40.6,19.1
sess000190,v70,quest3,2.46,1.53,47.7,17.1
sess000191,v70,quest3s,2.4,1.71,49.8,19.7
sess000192,v68,quest3,1.52,1.36,48.0,17.7
sess000193,v68,quest3s,2.29,0.92,38.2,19.6
sess000194,v68,quest3s,2.29,1.15,46.2,16.4
sess000195,v70,quest3s,2.25,0.95,40.8,18.7
sess000196,v70,quest3s,2.89,0.64,44.8,16.6
sess000197,v70,quest3,2.03,1.71,46.3,18.0
sess000198,v68,quest3,1.68,1.66,41.5,15.9
sess000199,v70,quest3s,2.28,1.09,38.7,15.5
sess000200,v70,quest3s,2.27,0.89,46.3,18.8
sess000201,v68,quest3,2.71,1.27,42.3,18.2
sess000202,v70,quest3s,2.54,1.53,38.8,19.2
sess000203,v70,quest3s,2.15,1.15,43.0,22.4
sess000204,v70,quest3,2.39,1.06,44.7,17.4
sess000205,v68,quest3s,2.4,0.87,44.8,19.2
sess000206,v69,quest3s,3.3,1.18,41.1,19.4
sess000207,v70,quest3,1.48,2.0,49.5,16.2
sess000208,v70,quest3s,2.33,1.13,42.3,20.8
sess000209,v69,quest3s,2.88,1.94,36.5,16.5
sess000210,v68,quest3s,2.18,0.93,43.7,18.3
sess000211,v68,quest3,2.16,1.44,39.4,19.8
sess000212,v68,quest3,2.8,1.67,37.6,19.6
sess000213,v69,quest3,1.37,1.46,42.9,18.1
sess000214,v69,quest3s,3.68,2.35,43.2,15.9
sess000215,v68,quest3,1.88,0.82,45.1,17.3
sess000216,v68,quest3,1.84,0.76,37.4,18.5
sess000217,v69,quest3s,2.7,1.52,38.6,16.9
sess000218,v68,quest3,2.12,2.04,35.5,18.1
sess000219,v68,quest3s,1.68,1.37,47.2,19.8
sess000220,v69,quest3s,3.61,2.54,43.8,20.3
sess000221,v69,quest3s,2.48,1.91,43.1,21.4
sess000222,v69,quest3s,3.1,1.52,43.4,16.1
sess000223,v68,quest3,2.02,1.08,41.9,20.1
sess000224,v69,quest3,1.67,1.69,37.4,16.0
sess000225,v69,quest3s,3.08,1.52,40.9,18.6
sess000226,v70,quest3,1.95,0.8,38.8,19.7
sess000227,v68,quest3,1.81,0.76,38.5,19.6
sess000228,v70,quest3,2.49,1.83,49.4,18.2
sess000229,v70,quest3s,2.02,1.33,46.7,19.3
sess000230,v68,quest3s,2.38,1.17,39.7,17.2
sess000231,v69,quest3,1.63,2.39,42.4,19.3
sess000232,v70,quest3,2.84,0.57,43.1,16.6
sess000233,v68,quest3s,2.98,1.25,38.5,19.5
sess000234,v68,quest3,2.13,1.63,40.9,18.4
sess000235,v70,quest3s,1.42,2.01,42.9,20.7
sess000236,v70,quest3,2.53,1.84,40.6,18.9
sess000237,v68,quest3s,2.33,1.56,47.0,15.3
sess000238,v68,quest3s,1.93,1.0,43.1,17.1
sess000239,v68,quest3,1.73,1.16,37.3,18.8
sess000240,v69,quest3s,2.99,1.86,43.0,19.5
sess000241,v68,quest3s,2.26,1.67,39.1,16.4
sess000242,v70,quest3,1.88,0.83,44.7,17.8
sess000243,v69,quest3s,3.14,1.51,41.4,17.6
sess000244,v70,quest3,2.2,0.5,45.3,19.6
sess000245,v69,quest3s,2.17,1.9,42.3,15.1
sess000246,v68,quest3,1.16,1.53,36.9,17.0
sess000247,v68,quest3s,2.62,1.12,43.0,18.5
sess000248,v68,quest3s,2.09,0.07,41.1,15.8
sess000249,v69,quest3,2.09,1.17,36.0,17.6
sess000250,v68,quest3s,1.59,1.29,31.5,17.6
sess000251,v68,quest3s,1.93,1.5,40.0,15.6
sess000252,v70,quest3s,2.4,1.13,37.4,18.6
sess000253,v70,quest3,2.57,1.28,43.9,17.5
sess000254,v68,quest3s,1.94,1.33,37.2,17.9
sess000255,v69,quest3,2.65,0.93,43.9,15.0
sess000256,v68,quest3s,1.86,0.71,37.3,16.9
sess000257,v68,quest3s,1.4,0.85,43.4,18.9
sess000258,v69,quest3,2.76,1.46,39.7,18.1
sess000259,v69,quest3,1.81,1.52,43.3,16.2
sess000260,v69,quest3s,2.73,2.09,42.4,17.6
sess000261,v68,quest3,1.28,0.59,40.9,18.7
sess000262,v70,quest3s,1.77,1.53,43.8,20.2
sess000263,v70,quest3s,1.47,1.58,43.8,17.9
sess000264,v69,quest3,2.06,1.45,40.6,15.4
sess000265,v70,quest3,1.17,0.45,46.6,17.8
sess000266,v69,quest3s,2.32,1.88,41.3,18.8
sess000267,v70,quest3,1.43,1.04,42.4,19.3
sess000268,v68,quest3,2.12,0.84,41.9,17.1
sess000269,v70,quest3,1.52,1.56,39.3,19.2
sess000270,v68,quest3s,1.33,1.54,49.3,18.1
sess000271,v69,quest3,2.12,1.2,36.2,18.1
sess000272,v69,quest3,2.06,1.55,42.8,17.9
sess000273,v69,quest3s,3.09,2.24,42.0,18.6
sess000274,v69,quest3s,2.96,1.41,41.8,17.3
sess000275,v69,quest3,2.01,1.63,41.4,15.8
sess000276,v69,quest3,1.58,1.62,40.7,17.5
sess000277,v68,quest3s,1.67,0.77,46.6,17.2
sess000278,v70,quest3s,1.47,1.1,50.1,17.9
sess000279,v70,quest3,1.4,1.97,40.5,18.5
sess000280,v68,quest3s,2.07,1.12,42.5,18.5
sess000281,v69,quest3,2.83,1.24,40.3,17.6
sess000282,v70,quest3,1.94,1.38,43.7,18.2
sess000283,v69,quest3,2.18,0.85,42.2,20.7
sess000284,v70,quest3,1.72,1.22,43.3,17.2
sess000285,v70,quest3,2.5,1.26,39.9,18.9
sess000286,v69,quest3,2.93,1.17,39.4,17.6
sess000287,v70,quest3,1.92,1.68,46.9,20.9
sess000288,v68,quest3s,1.16,1.08,49.7,17.6
sess000289,v69,quest3s,2.79,1.72,41.2,15.3
sess000290,v70,quest3s,1.92,1.43,36.1,19.7
sess000291,v69,quest3s,2.25,1.7,43.8,18.8
sess000292,v70,quest3,0.94,0.95,49.0,19.7
sess000293,v70,quest3,2.21,1.3,33.6,19.6
sess000294,v69,quest3s,2.97,1.35,49.7,19.9
sess000295,v68,quest3s,2.45,1.14,43.5,21.5
sess000296,v69,quest3,2.78,1.22,41.5,19.8
sess000297,v69,quest3s,2.76,0.99,37.1,17.5
sess000298,v68,quest3,2.23,1.34,43.0,19.6
sess000299,v70,quest3s,1.61,1.31,41.5,19.1
sess000300,v69,quest3s,2.86,2.14,41.3,17.9
sess000301,v69,quest3s,3.28,1.96,48.7,16.4
sess000302,v70,quest3,1.99,1.71,41.0,20.6
sess000303,v69,quest3s,2.91,1.04,45.3,19.6
sess000304,v68,quest3,2.51,1.48,42.9,17.4
sess000305,v70,quest3,1.61,0.8,38.2,18.5
sess000306,v68,quest3s,2.22,0.9,40.3,18.4
sess000307,v70,quest3,1.67,1.41,45.2,17.9
sess000308,v69,quest3,1.83,1.98,36.7,17.9
sess000309,v70,quest3s,2.08,1.16,38.5,19.2
sess000310,v68,quest3s,3.33,1.93,49.6,16.5
sess000311,v69,quest3s,3.13,1.06,46.5,20.1
sess000312,v70,quest3,2.4,0.99,38.7,19.1
sess000313,v68,quest3,2.02,1.25,43.9,17.2
sess000314,v69,quest3s,2.3,1.71,46.5,18.7
sess000315,v69,quest3,2.43,1.09,47.4,18.7
sess000316,v70,quest3,0.2,1.59,42.5,20.6
sess000317,v68,quest3,1.75,0.55,42.7,19.8
sess000318,v70,quest3,2.45,1.32,41.4,17.5
sess000319,v68,quest3,2.3,0.74,47.5,15.8
sess000320,v69,quest3,1.72,1.0,37.0,19.1
sess000321,v69,quest3s,2.92,2.1,47.0,17.0
sess000322,v68,quest3,2.54,1.67,37.6,18.4
sess000323,v68,quest3s,2.58,1.4,38.8,18.4
sess000324,v69,quest3,2.02,2.14,45.0,19.7
sess000325,v68,quest3s,1.88,0.83,38.3,18.2
sess000326,v69,quest3,2.46,1.17,50.4,18.1
sess000327,v70,quest3s,2.22,0.91,40.1,21.2
sess000328,v69,quest3s,3.12,2.19,44.9,17.5
sess000329,v70,quest3,2.87,1.18,38.9,18.8
sess000330,v68,quest3,2.49,0.54,41.7,19.3
sess000331,v70,quest3s,2.25,1.45,40.9,18.8
sess000332,v69,quest3s,3.79,2.02,47.0,19.0
sess000333,v70,quest3s,2.99,0.77,39.6,18.7
sess000334,v69,quest3,2.56,1.72,38.4,19.9
sess000335,v69,quest3,1.33,1.4,40.7,19.1
sess000336,v70,quest3s,1.26,1.24,46.1,17.7
sess000337,v70,quest3,2.41,1.1,43.1,20.3
sess000338,v68,quest3,2.17,0.92,46.7,15.9
sess000339,v68,quest3s,1.61,1.63,41.7,15.3
sess000340,v68,quest3s,1.91,0.97,42.3,16.1
sess000341,v70,quest3,2.11,0.64,45.3,18.4
sess000342,v70,quest3s,2.1,1.31,47.2,18.8
sess000343,v68,quest3,1.89,1.03,48.9,17.4
sess000344,v70,quest3,1.94,0.77,41.5,18.4
sess000345,v70,quest3,1.49,1.21,43.5,19.8
sess000346,v68,quest3s,3.08,1.49,38.7,17.2
sess000347,v68,quest3s,1.52,1.15,32.7,16.7
sess000348,v69,quest3s,3.83,1.93,45.5,15.9
sess000349,v68,quest3,1.28,1.97,48.9,16.8
sess000350,v70,quest3,1.94,0.84,43.6,17.5
sess000351,v69,quest3s,3.71,2.28,41.8,19.1
sess000352,v68,quest3,1.93,1.38,46.6,19.4
sess000353,v69,quest3,1.87,1.66,42.8,17.0
sess000354,v70,quest3,2.39,2.15,38.5,20.5
sess000355,v69,quest3,2.02,1.55,36.3,17.2
sess000356,v69,quest3,1.64,0.87,40.7,17.9
sess000357,v68,quest3s,1.88,1.06,35.6,16.6
sess000358,v69,quest3s,3.59,2.02,37.1,18.5
sess000359,v69,quest3,2.43,1.9,38.9,19.5
sess000360,v68,quest3,2.19,0.59,43.4,20.8
sess000361,v69,quest3,2.32,1.02,41.6,15.6
sess000362,v70,quest3,2.14,1.23,42.3,19.6
sess000363,v69,quest3s,3.46,1.49,35.4,15.8
sess000364,v69,quest3s,2.03,1.43,39.8,20.3
sess000365,v70,quest3,1.84,1.49,38.7,17.7
sess000366,v68,quest3s,1.93,1.55,38.6,17.4
sess000367,v68,quest3s,2.0,1.02,38.0,20.0
sess000368,v69,quest3s,3.53,1.87,34.2,19.1
sess000369,v69,quest3s,2.88,2.02,40.2,18.8
sess000370,v69,quest3s,2.86,1.84,39.0,15.2
sess000371,v68,quest3s,2.52,1.32,44.5,18.3
sess000372,v68,quest3,1.9,1.19,47.7,18.0
sess000373,v69,quest3,1.92,1.47,39.8,19.4
sess000374,v68,quest3s,2.62,1.82,42.4,18.3
sess000375,v68,quest3,1.5,0.9,47.1,17.2
sess000376,v70,quest3,1.9,0.91,44.7,19.0
sess000377,v68,quest3,2.1,0.53,39.1,18.0
sess000378,v69,quest3,2.05,1.33,44.1,19.1
sess000379,v69,quest3,2.23,1.53,47.0,18.0
sess000380,v69,quest3,3.33,1.51,42.0,18.1
sess000381,v68,quest3s,1.67,0.61,37.2,19.2
sess000382,v69,quest3s,2.59,1.83,43.7,18.5
sess000383,v68,quest3s,2.66,1.05,42.8,19.5
sess000384,v70,quest3s,2.69,0.7,41.4,18.2
sess000385,v69,quest3,2.84,0.76,44.3,15.6
sess000386,v70,quest3s,2.44,1.1,36.8,20.4
sess000387,v68,quest3,2.44,0.65,44.6,19.6
sess000388,v70,quest3,2.05,1.13,44.8,18.2
sess000389,v68,quest3,1.37,1.45,41.3,19.9
sess000390,v70,quest3,1.21,1.17,39.5,18.2
sess000391,v68,quest3,2.41,0.65,43.1,19.3
sess000392,v70,quest3,1.88,2.3,41.1,17.9
sess000393,v69,quest3,2.58,0.89,40.6,17.4
sess000394,v70,quest3,1.32,1.59,41.3,21.3
sess000395,v69,quest3s,1.91,1.87,35.6,17.1
sess000396,v70,quest3,1.14,1.37,42.2,19.8
sess000397,v68,quest3s,2.89,1.51,38.4,19.2
sess000398,v68,quest3s,1.81,0.95,41.1,16.2
sess000399,v70,quest3,2.6,1.15,48.5,17.8
sess000400,v69,quest3s,3.35,1.74,50.1,18.9
sess000401,v69,quest3,2.67,1.7,38.4,17.7
sess000402,v69,quest3,1.81,1.59,36.4,20.5
sess000403,v70,quest3s,2.34,0.94,31.9,20.4
sess000404,v70,quest3,1.67,0.29,40.2,20.8
sess000405,v70,quest3s,2.35,0.83,39.0,19.5
sess000406,v70,quest3,2.18,0.99,42.1,19.8
sess000407,v68,quest3s,2.19,1.23,46.5,17.7
sess000408,v68,quest3,1.51,1.38,42.7,19.6
sess000409,v69,quest3s,2.87,2.31,48.2,19.0
sess000410,v70,quest3,2.72,1.3,45.3,16.5
sess000411,v70,quest3s,1.85,0.88,42.4,19.4
sess000412,v69,quest3,1.64,1.51,40.9,18.4
sess000413,v68,quest3s,1.33,1.43,38.2,18.4
sess000414,v70,quest3s,1.36,0.97,52.5,18.2
sess000415,v69,quest3s,2.43,1.72,44.7,19.2
sess000416,v69,quest3s,3.22,1.65,38.0,17.7
sess000417,v69,quest3s,3.55,1.28,43.5,17.3
sess000418,v70,quest3,2.2,0.49,42.2,18.9
sess000419,v69,quest3,2.31,1.68,32.8,18.4
sess000420,v70,quest3,1.76,0.27,40.7,18.7
sess000421,v69,quest3,2.03,1.91,41.8,18.3
sess000422,v68,quest3,2.92,0.77,44.3,17.0
sess000423,v70,quest3s,1.93,1.26,42.4,19.0
sess000424,v68,quest3,1.58,0.5,37.8,19.4
sess000425,v69,quest3,3.02,1.19,39.4,15.3
sess000426,v69,quest3,2.83,1.27,40.6,18.7
sess000427,v70,quest3s,1.76,1.15,33.1,19.4
sess000428,v70,quest3s,1.99,1.39,39.6,13.8
sess000429,v70,quest3s,2.91,1.0,42.4,20.5
sess000430,v70,quest3,2.04,1.28,36.6,20.8
sess000431,v70,quest3s,1.89,1.34,39.3,19.4
sess000432,v68,quest3,1.64,0.88,42.6,16.2
sess000433,v68,quest3s,2.32,1.6,45.3,19.1
sess000434,v68,quest3s,2.41,1.21,40.5,18.0
sess000435,v69,quest3,2.94,1.3,37.7,18.0
sess000436,v69,quest3s,3.58,2.22,39.8,18.6
sess000437,v68,quest3,2.78,1.54,40.9,17.5
sess000438,v68,quest3,2.96,1.53,40.8,16.2
sess000439,v69,quest3,1.4,1.78,40.4,22.4
sess000440,v70,quest3s,1.33,1.69,40.0,18.2
sess000441,v70,quest3s,1.94,1.06,43.9,22.4
sess000442,v69,quest3s,3.65,1.97,43.6,18.5
sess000443,v70,quest3s,1.64,0.7,39.9,21.2
sess000444,v68,quest3s,2.09,1.9,42.1,17.5
sess000445,v69,quest3,2.11,1.14,41.8,18.5
sess000446,v69,quest3,2.05,0.68,46.1,17.5
sess000447,v70,quest3,1.25,0.48,44.1,20.8
sess000448,v68,quest3s,2.96,1.04,41.3,18.2
sess000449,v69,quest3s,3.76,2.42,43.7,18.5
sess000450,v68,quest3,2.14,1.48,47.5,18.4
sess000451,v69,quest3,2.69,1.04,48.8,17.4
sess000452,v68,quest3,2.2,0.87,45.6,20.7
sess000453,v68,quest3s,2.25,1.32,47.1,20.0
sess000454,v70,quest3,2.2,1.36,40.8,21.0
sess000455,v70,quest3,1.8,0.95,43.5,20.8
sess000456,v69,quest3s,3.07,2.21,39.7,17.9
sess000457,v68,quest3,2.04,1.26,44.7,18.8
sess000458,v70,quest3,2.72,1.43,40.5,17.7
sess000459,v69,quest3s,2.45,2.08,38.3,18.7
sess000460,v69,quest3,2.71,1.22,42.5,16.4
sess000461,v69,quest3s,3.53,2.61,45.3,17.1
sess000462,v70,quest3,1.61,1.39,43.9,18.7
sess000463,v70,quest3s,2.9,1.89,43.0,18.0
sess000464,v68,quest3,2.92,0.72,45.0,20.2
sess000465,v70,quest3s,2.05,1.55,44.9,18.5
sess000466,v68,quest3,1.47,0.91,40.1,17.3
sess000467,v68,quest3,2.2,0.98,48.0,19.3
sess000468,v70,quest3s,3.15,1.42,35.0,18.1
sess000469,v70,quest3s,2.76,1.29,39.3,19.0
sess000470,v70,quest3s,2.58,1.29,35.2,17.1
sess000471,v68,quest3,1.98,1.7,38.0,16.5
sess000472,v70,quest3s,0.89,0.93,50.1,19.5
sess000473,v70,quest3,1.73,0.53,38.0,19.2
sess000474,v70,quest3s,2.76,1.06,44.5,20.0
sess000475,v68,quest3,1.84,0.92,42.1,18.7
sess000476,v70,quest3,1.96,1.02,48.2,18.7
sess000477,v69,quest3s,3.07,2.13,43.0,18.1
sess000478,v68,quest3,2.08,1.38,47.0,18.8
sess000479,v70,quest3,2.57,1.28,37.1,18.5
sess000480,v68,quest3s,2.21,1.68,42.4,18.0
sess000481,v70,quest3s,3.1,0.84,39.4,21.7
sess000482,v68,quest3,2.02,0.93,38.2,19.1
sess000483,v68,quest3s,1.87,1.64,48.8,17.5
sess000484,v70,quest3s,2.2,1.2,43.9,17.7
sess000485,v70,quest3s,2.48,1.08,45.7,19.6
sess000486,v68,quest3,1.48,1.04,39.3,16.3
sess000487,v70,quest3,2.4,1.22,42.7,16.8
sess000488,v69,quest3s,3.48,1.86,47.0,16.2
sess000489,v68,quest3,2.79,0.6,43.5,19.2
sess000490,v70,quest3,1.39,1.56,39.7,16.2
sess000491,v70,quest3s,2.13,0.54,42.5,16.9
sess000492,v70,quest3s,2.64,0.65,34.6,21.6
sess000493,v70,quest3,1.9,1.88,45.6,21.3
sess000494,v69,quest3s,2.35,1.72,45.6,17.8
sess000495,v70,quest3s,2.16,1.06,45.5,17.5
sess000496,v70,quest3,3.33,0.53,38.3,15.2
sess000497,v68,quest3s,1.99,0.74,45.5,16.5
sess000498,v70,quest3,1.01,2.24,38.6,20.1
sess000499,v70,quest3,3.21,1.54,42.9,16.5
sess000500,v68,quest3,3.05,0.8,39.9,17.1
sess000501,v68,quest3s,1.98,1.41,37.1,18.6
sess000502,v68,quest3s,2.1,0.96,50.9,17.2
sess000503,v68,quest3s,1.8,0.82,48.0,17.6
sess000504,v69,quest3,1.56,1.24,36.1,19.0
sess000505,v69,quest3,2.01,1.61,43.9,17.2
sess000506,v70,quest3s,1.62,1.77,44.9,19.3
sess000507,v70,quest3,1.93,1.37,42.2,20.6
sess000508,v69,quest3,1.81,0.28,47.9,18.3
sess000509,v68,quest3,2.47,0.77,37.9,16.6
sess000510,v70,quest3s,2.66,1.81,43.2,19.5
sess000511,v69,quest3,2.58,1.97,38.5,20.8
sess000512,v68,quest3,2.49,2.05,48.1,18.1
sess000513,v68,quest3,1.83,1.4,45.0,20.0
sess000514,v70,quest3,1.74,1.71,43.9,17.7
sess000515,v69,quest3,2.67,1.44,45.1,18.5
sess000516,v70,quest3,2.94,0.97,36.1,19.1
sess000517,v68,quest3,2.06,1.03,46.0,18.0
sess000518,v68,quest3,2.45,1.46,34.8,17.8
sess000519,v68,quest3s,1.72,1.25,51.5,16.6
sess000520,v70,quest3,2.33,1.43,40.9,22.1
sess000521,v69,quest3s,2.84,1.54,41.5,18.8
sess000522,v68,quest3,2.23,1.16,46.1,17.4
sess000523,v69,quest3,1.8,1.01,36.9,17.5
sess000524,v69,quest3,2.65,1.34,39.6,16.1
sess000525,v68,quest3s,1.8,0.85,41.2,18.0
sess000526,v70,quest3,1.26,1.01,36.9,18.8
sess000527,v68,quest3s,2.53,0.97,39.8,17.8
sess000528,v70,quest3,1.67,0.49,38.2,19.5
sess000529,v70,quest3s,1.54,1.72,47.1,16.5
sess000530,v70,quest3,1.4,0.62,37.3,17.8
sess000531,v68,quest3s,1.52,1.23,42.1,17.3
sess000532,v70,quest3s,2.54,1.53,43.6,21.1
sess000533,v68,quest3,2.04,0.62,41.5,19.0
sess000534,v69,quest3,2.2,1.15,42.8,17.7
sess000535,v70,quest3,3.2,1.2,47.2,20.0
sess000536,v68,quest3,2.0,1.34,43.5,21.7
sess000537,v70,quest3,2.58,1.16,47.0,17.7
sess000538,v69,quest3,1.87,1.88,38.8,20.2
sess000539,v70,quest3s,2.5,0.87,46.7,19.1
sess000540,v69,quest3s,3.16,1.23,43.6,15.7
sess000541,v68,quest3,1.97,0.93,42.2,17.5
sess000542,v70,quest3,2.46,1.07,49.9,16.7
sess000543,v69,quest3s,3.66,1.74,46.3,17.5
sess000544,v70,quest3s,1.61,1.7,45.6,19.9
sess000545,v69,quest3s,3.69,2.18,42.5,21.9
sess000546,v70,quest3s,1.77,1.36,38.2,16.8
sess000547,v68,quest3,2.77,1.42,44.3,19.7
sess000548,v70,quest3s,2.75,1.64,45.5,18.5
sess000549,v69,quest3,2.58,1.65,43.2,19.1
sess000550,v68,quest3s,1.63,0.79,43.2,18.5
sess000551,v70,quest3,2.48,1.79,43.8,20.6
sess000552,v68,quest3,2.37,0.7,37.5,18.0
sess000553,v69,quest3s,3.01,1.6,40.0,16.7
sess000554,v69,quest3,1.53,1.86,42.3,19.3
sess000555,v69,quest3s,2.82,2.58,50.5,19.6
sess000556,v70,quest3s,2.53,0.73,44.5,22.1
sess000557,v70,quest3s,1.59,0.77,36.2,16.5
sess000558,v70,quest3s,2.44,1.18,36.1,16.3
sess000559,v68,quest3s,2.05,1.24,43.9,18.1
sess000560,v68,quest3s,1.67,1.61,43.5,15.4
sess000561,v69,quest3,2.75,0.66,46.3,22.2
sess000562,v68,quest3,2.18,1.07,46.7,17.7
sess000563,v70,quest3s,2.0,1.16,41.5,21.3
sess000564,v70,quest3,2.04,1.52,44.8,19.8
sess000565,v70,quest3s,2.35,1.53,42.3,22.3
sess000566,v69,quest3,2.2,1.72,42.7,16.8
sess000567,v68,quest3,1.41,0.96,40.2,19.1
sess000568,v68,quest3s,2.28,1.05,48.3,16.2
sess000569,v69,quest3,2.14,1.22,40.2,19.3
sess000570,v69,quest3,1.75,0.6,42.8,17.7
sess000571,v68,quest3s,2.41,1.56,39.5,16.9
sess000572,v68,quest3s,2.03,0.39,41.2,19.7
sess000573,v68,quest3s,1.86,0.69,35.8,19.7
sess000574,v68,quest3,2.66,1.5,35.0,18.8
sess000575,v69,quest3,3.11,1.26,40.9,18.1
sess000576,v69,quest3,2.81,1.12,41.3,18.3
sess000577,v70,quest3s,2.16,1.1,45.5,18.2
sess000578,v68,quest3s,2.1,0.8,45.1,14.8
sess000579,v68,quest3,1.72,0.58,33.0,19.7
sess000580,v70,quest3s,1.41,1.12,42.0,19.1
sess000581,v69,quest3,1.39,0.93,36.2,15.6
sess000582,v69,quest3s,2.89,2.24,39.6,18.4
sess000583,v68,quest3s,1.75,1.18,41.7,16.6
sess000584,v69,quest3s,2.42,2.07,44.2,16.9
sess000585,v68,quest3s,1.75,1.15,50.5,17.2
sess000586,v68,quest3,2.6,1.93,40.4,18.8
sess000587,v69,quest3,1.02,1.06,44.2,16.4
sess000588,v70,quest3,1.42,1.58,36.0,22.0
sess000589,v69,quest3,1.35,1.12,44.8,16.9
sess000590,v68,quest3s,1.53,1.5,45.6,15.8
sess000591,v70,quest3,2.44,1.55,50.2,20.0
sess000592,v68,quest3,1.48,0.88,39.4,18.7
sess000593,v69,quest3,2.06,0.49,38.5,21.7
sess000594,v68,quest3,2.73,1.03,34.5,16.4
sess000595,v68,quest3,2.71,1.54,42.8,17.9
sess000596,v70,quest3s,2.07,1.64,46.5,19.2
sess000597,v69,quest3,1.84,0.24,45.1,19.0
sess000598,v68,quest3s,1.73,0.86,34.0,18.5
sess000599,v70,quest3,2.45,1.28,34.3,19.9
sess000600,v70,quest3s,1.99,1.05,43.6,20.4
sess000601,v69,quest3s,1.83,1.67,43.8,19.4
sess000602,v69,quest3,2.13,0.76,37.2,17.3
sess000603,v68,quest3s,2.9,1.31,33.6,18.0
sess000604,v68,quest3s,1.53,1.27,38.4,18.0
sess000605,v68,quest3,1.81,0.87,47.8,16.9
sess000606,v70,quest3,1.66,0.33,45.0,22.8
sess000607,v70,quest3s,1.36,1.01,36.5,18.3
sess000608,v70,quest3s,2.65,1.27,45.8,17.2
sess000609,v70,quest3,1.85,1.94,37.0,18.9
sess000610,v69,quest3s,3.35,1.45,37.1,18.2
sess000611,v68,quest3,2.2,0.33,39.8,15.2
sess000612,v70,quest3s,2.47,1.05,31.5,19.9
sess000613,v70,quest3s,1.89,1.18,33.0,18.2
sess000614,v68,quest3s,2.53,1.5,50.2,16.3
sess000615,v70,quest3,2.69,1.07,37.9,19.1
sess000616,v70,quest3s,2.21,1.72,43.0,18.9
sess000617,v68,quest3,1.73,0.88,40.9,15.9
sess000618,v69,quest3,3.18,1.75,42.9,17.5
sess000619,v69,quest3,2.08,1.32,50.0,18.8
sess000620,v70,quest3s,2.35,1.48,36.2,20.1
sess000621,v70,quest3,1.93,0.98,38.7,18.6
sess000622,v70,quest3,1.28,1.1,40.4,18.1
sess000623,v69,quest3,2.89,1.51,46.3,17.5
sess000624,v70,quest3,2.56,0.83,53.8,18.3
sess000625,v70,quest3,1.59,1.21,38.7,18.7
sess000626,v69,quest3s,3.39,2.28,38.9,17.1
sess000627,v70,quest3,2.07,0.6,42.9,20.9
sess000628,v70,quest3s,2.2,1.05,41.6,18.3
sess000629,v69,quest3,3.03,1.74,46.7,18.4
sess000630,v69,quest3s,3.68,1.98,34.7,18.4
sess000631,v69,quest3,2.0,1.16,50.0,19.2
sess000632,v68,quest3s,3.12,0.76,41.2,15.0
sess000633,v70,quest3,2.41,0.88,40.4,18.5
sess000634,v70,quest3,2.25,1.34,44.2,19.3
sess000635,v68,quest3s,1.92,0.82,49.5,20.5
sess000636,v69,quest3s,2.4,1.85,44.2,17.4
sess000637,v70,quest3s,2.45,1.53,42.6,19.0
sess000638,v69,quest3s,1.93,1.09,36.0,16.1
sess000639,v70,quest3,2.35,1.12,42.8,19.3
sess000640,v68,quest3,2.17,1.52,44.8,18.4
sess000641,v69,quest3,1.9,2.15,38.3,21.2
sess000642,v68,quest3s,2.48,0.71,44.7,18.2
sess000643,v68,quest3,1.3,1.52,47.8,19.0
sess000644,v68,quest3,1.95,0.53,48.7,17.1
sess000645,v68,quest3,2.38,1.49,45.3,17.4
sess000646,v68,quest3,2.59,1.16,36.6,17.4
sess000647,v68,quest3s,1.76,1.55,38.1,20.6
sess000648,v68,quest3,2.68,1.17,40.1,15.7
sess000649,v68,quest3,1.83,1.42,37.5,18.0
sess000650,v69,quest3,2.4,2.12,48.4,18.0
sess000651,v68,quest3s,2.47,1.21,42.3,19.1
sess000652,v69,quest3s,3.05,2.07,40.1,18.2
sess000653,v68,quest3,2.11,1.14,43.6,18.2
sess000654,v69,quest3,2.28,1.19,47.4,17.7
sess000655,v69,quest3,2.57,0.99,42.3,15.9
sess000656,v68,quest3,1.45,0.26,38.4,19.1
sess000657,v69,quest3,1.49,1.22,38.6,19.4
sess000658,v68,quest3,2.03,1.71,41.7,18.4
sess000659,v68,quest3s,2.5,1.33,40.3,20.6
sess000660,v69,quest3s,2.89,1.92,46.0,17.3
sess000661,v69,quest3,1.91,1.36,38.1,16.6
sess000662,v68,quest3,1.44,1.01,41.1,17.8
sess000663,v68,quest3s,2.56,1.27,42.4,20.1
sess000664,v70,quest3s,1.32,1.37,43.2,15.8
sess000665,v69,quest3s,3.42,2.37,33.3,17.0
sess000666,v69,quest3s,2.26,1.89,40.5,18.6
sess000667,v68,quest3,2.09,1.17,35.6,16.3
sess000668,v69,quest3,2.5,1.73,38.0,18.1
sess000669,v70,quest3,2.63,1.01,40.3,18.2
sess000670,v69,quest3s,3.13,2.57,42.7,20.3
sess000671,v68,quest3s,1.3,0.79,38.9,19.3
sess000672,v70,quest3s,2.43,1.25,42.2,17.8
sess000673,v69,quest3s,2.83,1.66,41.3,17.5
sess000674,v70,quest3,1.97,0.6,43.9,18.8
sess000675,v68,quest3,2.16,1.73,45.4,17.4
sess000676,v70,quest3s,2.14,1.26,40.0,23.3
sess000677,v69,quest3,1.42,0.84,36.2,13.8
sess000678,v70,quest3s,2.84,0.61,40.2,18.7
sess000679,v70,quest3,2.28,1.49,39.5,19.0
sess000680,v70,quest3s,2.37,1.51,43.7,18.6
sess000681,v69,quest3s,3.03,1.39,39.8,15.9
sess000682,v68,quest3s,2.16,1.79,38.0,19.0
sess000683,v69,quest3,2.73,1.6,43.7,18.8
sess000684,v68,quest3s,2.39,0.94,36.5,18.7
sess000685,v68,quest3,1.09,0.94,39.3,18.0
sess000686,v70,quest3s,2.88,2.3,49.6,16.8
sess000687,v68,quest3,3.09,0.86,44.5,19.0
sess000688,v70,quest3s,1.74,1.21,42.4,17.0
sess000689,v70,quest3,1.18,1.6,40.5,21.0
sess000690,v68,quest3,1.35,0.94,38.3,17.2
sess000691,v68,quest3s,2.2,1.11,40.5,20.1
sess000692,v69,quest3s,2.4,2.02,46.4,17.0
sess000693,v70,quest3,1.77,1.47,34.8,16.9
sess000694,v70,quest3s,1.76,1.02,40.5,15.5
sess000695,v69,quest3,2.12,1.4,46.5,16.8
sess000696,v68,quest3,2.03,1.49,44.8,20.0
sess000697,v69,quest3,0.88,1.44,41.9,14.0
sess000698,v70,quest3s,1.94,1.16,47.0,16.5
sess000699,v70,quest3s,1.95,1.15,45.0,20.0
sess000700,v68,quest3,2.02,1.36,41.4,19.5
sess000701,v68,quest3s,1.79,1.22,47.5,19.1
sess000702,v68,quest3s,2.03,1.18,44.4,20.0
sess000703,v68,quest3s,2.08,0.6,37.9,17.7
sess000704,v68,quest3s,2.17,1.04,36.5,18.0
sess000705,v70,quest3,2.65,1.08,42.4,19.7
sess000706,v68,quest3s,2.21,1.6,38.4,18.2
sess000707,v70,quest3s,2.08,1.42,39.7,20.0
sess000708,v69,quest3,2.36,2.08,43.9,18.6
sess000709,v70,quest3,2.75,1.2,41.2,18.6
sess000710,v70,quest3s,2.04,1.62,44.0,18.4
sess000711,v69,quest3s,2.31,2.56,43.2,18.6
sess000712,v68,quest3s,2.91,1.42,40.8,16.0
sess000713,v70,quest3,2.28,1.92,45.0,19.7
sess000714,v70,quest3s,2.11,2.11,43.7,20.8
sess000715,v70,quest3,2.02,1.52,40.4,18.2
sess000716,v69,quest3s,2.49,2.81,45.5,13.3
sess000717,v69,quest3s,3.21,1.93,42.6,17.6
sess000718,v68,quest3,2.28,1.67,43.6,13.9
sess000719,v69,quest3s,2.55,1.68,43.0,20.2
sess000720,v70,quest3,1.31,0.94,43.4,16.1
sess000721,v68,quest3s,2.52,1.17,47.3,19.6
sess000722,v68,quest3,2.21,0.9,39.4,17.5
sess000723,v69,quest3,1.83,1.3,33.5,15.1
sess000724,v68,quest3s,2.04,1.2,44.9,19.6
sess000725,v68,quest3,1.21,0.79,41.7,18.2
sess000726,v69,quest3,2.24,1.53,36.9,12.9
sess000727,v68,quest3s,1.87,0.78,48.1,18.5
sess000728,v70,quest3,2.35,1.74,43.9,20.3
sess000729,v68,quest3s,1.82,1.42,44.0,19.4
sess000730,v70,quest3,2.1,0.82,44.7,18.8
sess000731,v69,quest3s,2.12,1.8,40.4,18.7
sess000732,v69,quest3s,2.63,1.39,43.4,14.1
sess000733,v69,quest3,1.56,1.14,38.5,19.5
sess000734,v70,quest3,1.84,1.02,37.2,20.6
sess000735,v68,quest3,2.48,0.67,43.6,18.3
sess000736,v69,quest3,1.25,1.76,36.8,18.5
sess000737,v68,quest3,2.84,0.31,42.7,16.5
sess000738,v68,quest3,1.94,1.0,44.6,19.8
sess000739,v69,quest3,2.13,0.78,46.7,16.1
sess000740,v69,quest3,2.43,1.42,46.0,20.1
sess000741,v69,quest3,2.91,1.39,43.4,21.1
sess000742,v70,quest3,1.88,1.08,36.4,21.4
sess000743,v68,quest3s,2.08,1.49,49.3,18.7
sess000744,v69,quest3,2.19,1.65,41.7,16.7
sess000745,v69,quest3,1.59,0.51,41.3,18.3
sess000746,v70,quest3,2.18,1.54,41.4,18.2
sess000747,v69,quest3,2.73,1.18,40.5,16.7
sess000748,v68,quest3,2.44,1.06,47.1,18.5
sess000749,v69,quest3s,2.23,2.22,42.5,15.9
sess000750,v69,quest3,1.75,1.75,36.6,21.1
sess000751,v69,quest3,2.36,1.01,33.6,18.5
sess000752,v69,quest3s,3.1,1.47,37.2,16.6
sess000753,v70,quest3,1.87,0.87,44.2,19.2
sess000754,v70,quest3s,2.33,1.1,45.2,18.9
sess000755,v69,quest3s,3.07,1.65,47.3,18.4
sess000756,v68,quest3s,2.42,0.64,37.7,16.8
sess000757,v68,quest3,2.43,1.74,46.6,17.5
sess000758,v68,quest3,1.7,1.41,43.1,17.8
sess000759,v70,quest3s,2.67,1.49,37.5,20.6
sess000760,v70,quest3s,2.41,1.06,49.5,21.5
sess000761,v68,quest3s,1.84,0.95,50.8,20.6
sess000762,v70,quest3s,1.66,1.31,40.1,21.9
sess000763,v69,quest3s,2.4,1.6,43.7,18.0
sess000764,v70,quest3s,3.14,1.75,46.5,19.2
sess000765,v69,quest3,2.49,1.55,42.5,19.3
sess000766,v69,quest3,2.33,0.81,41.4,17.7
sess000767,v70,quest3s,2.88,0.84,42.9,17.5
sess000768,v68,quest3,2.27,1.31,37.3,15.9
sess000769,v68,quest3,1.95,1.93,40.2,16.4
sess000770,v70,quest3,1.72,0.9,39.8,17.2
sess000771,v69,quest3s,3.19,2.3,50.5,19.1
sess000772,v70,quest3s,2.96,0.51,47.0,20.0
sess000773,v70,quest3,2.04,0.59,44.7,19.5
sess000774,v69,quest3s,3.29,1.81,45.9,15.8
sess000775,v70,quest3s,2.26,1.36,41.4,19.8
sess000776,v68,quest3s,2.07,1.65,43.7,19.5
sess000777,v68,quest3,1.9,0.97,36.0,16.1
sess000778,v69,quest3s,2.34,1.47,43.6,18.6
sess000779,v69,quest3,2.12,0.78,49.1,18.1
sess000780,v70,quest3,1.9,0.34,38.1,19.1
sess000781,v70,quest3s,2.29,0.96,41.1,17.9
sess000782,v69,quest3,2.5,1.05,45.1,18.1
sess000783,v68,quest3,2.18,0.88,40.5,19.1
sess000784,v70,quest3,2.15,1.56,39.5,19.0
sess000785,v70,quest3,2.58,0.92,42.1,18.4
sess000786,v69,quest3,2.42,1.08,52.8,17.8
sess000787,v69,quest3s,3.02,2.25,35.4,17.5
sess000788,v70,quest3,2.37,0.78,46.5,15.9
sess000789,v69,quest3,2.65,1.36,39.5,18.0
sess000790,v70,quest3,2.39,0.76,43.6,18.4
sess000791,v70,quest3s,1.67,0.51,41.5,21.3
sess000792,v69,quest3,2.42,1.1,40.5,15.3
sess000793,v69,quest3s,2.68,1.97,43.2,15.0
sess000794,v68,quest3,3.06,1.1,47.4,17.2
sess000795,v70,quest3,2.31,1.51,45.7,21.9
sess000796,v70,quest3s,2.51,1.81,45.5,18.3
sess000797,v70,quest3s,2.53,1.13,46.0,17.6
sess000798,v70,quest3,2.18,1.39,43.5,21.1
sess000799,v68,quest3,1.91,0.72,45.0,17.9
sess000800,v68,quest3,2.94,1.09,45.3,19.6
sess000801,v69,quest3,2.08,0.62,44.2,17.5
sess000802,v69,quest3,2.35,1.32,45.0,17.2
sess000803,v68,quest3s,2.41,0.68,46.5,17.6
sess000804,v70,quest3s,2.25,0.71,36.9,19.8
sess000805,v68,quest3s,2.13,1.52,44.0,19.2
sess000806,v70,quest3,2.29,0.78,52.7,18.4
sess000807,v69,quest3,1.85,2.25,44.6,17.7
sess000808,v68,quest3,2.6,1.29,42.7,20.0
sess000809,v70,quest3,1.99,1.25,34.8,20.4
sess000810,v70,quest3,1.29,1.25,46.0,19.4
sess000811,v68,quest3,1.81,1.13,45.1,18.6
sess000812,v70,quest3s,3.3,0.71,40.1,19.3
sess000813,v70,quest3,1.55,1.35,43.1,17.4
sess000814,v68,quest3s,2.46,1.52,51.5,18.9
sess000815,v69,quest3s,3.55,2.05,40.2,17.9
sess000816,v70,quest3,1.64,1.86,34.3,20.3
sess000817,v69,quest3s,3.66,2.56,37.8,17.3
sess000818,v68,quest3,1.28,1.26,38.1,16.8
sess000819,v68,quest3,1.33,1.54,39.1,17.3
sess000820,v68,quest3,2.19,1.66,42.6,17.0
sess000821,v70,quest3,1.74,1.03,40.4,20.9
sess000822,v70,quest3s,2.64,1.52,41.1,19.0
sess000823,v68,quest3s,2.04,1.66,42.2,17.7
sess000824,v69,quest3,3.56,0.84,39.3,19.6
sess000825,v69,quest3,2.49,1.99,40.7,19.1
sess000826,v68,quest3,1.4,1.22,43.1,18.2
sess000827,v69,quest3s,3.08,1.92,43.6,19.0
sess000828,v69,quest3,2.7,1.35,41.9,18.3
sess000829,v69,quest3,2.13,1.56,37.6,22.1
sess000830,v68,quest3s,1.03,1.2,43.0,18.7
sess000831,v70,quest3,2.41,1.55,37.3,17.6
sess000832,v69,quest3,2.93,1.26,43.1,19.8
sess000833,v68,quest3,2.35,0.49,41.4,19.2
sess000834,v70,quest3s,2.5,1.24,39.2,19.3
sess000835,v68,quest3,2.62,0.88,40.1,17.6
sess000836,v70,quest3,1.56,1.69,39.5,18.9
sess000837,v69,quest3,1.01,1.18,38.8,20.1
sess000838,v69,quest3,2.11,1.72,45.3,18.7
sess000839,v68,quest3,1.74,1.06,46.8,19.0
sess000840,v69,quest3s,2.62,2.13,38.7,18.0
sess000841,v68,quest3s,2.18,0.62,41.4,15.1
sess000842,v68,quest3s,1.48,0.68,41.2,17.5
sess000843,v69,quest3s,2.24,1.6,40.9,19.1
sess000844,v70,quest3,2.55,1.07,37.0,17.2
sess000845,v70,quest3s,1.9,1.29,43.1,22.4
sess000846,v68,quest3s,2.14,0.89,37.8,16.9
sess000847,v69,quest3,2.85,1.76,45.6,19.9
sess000848,v70,quest3,2.25,1.37,35.8,18.8
sess000849,v70,quest3s,2.05,1.41,37.9,20.3
sess000850,v70,quest3,2.81,1.27,43.1,17.2
sess000851,v69,quest3s,2.52,2.31,42.0,19.2
sess000852,v70,quest3s,1.98,1.14,47.7,18.9
sess000853,v68,quest3s,0.67,1.81,38.1,17.7
sess000854,v68,quest3,2.58,1.3,48.0,21.9
sess000855,v68,quest3s,2.65,1.21,46.2,19.2
sess000856,v69,quest3s,2.85,2.61,48.1,17.0
sess000857,v69,quest3,2.01,1.33,39.1,16.9
sess000858,v69,quest3s,3.65,1.54,36.5,18.4
sess000859,v68,quest3s,1.1,1.54,41.5,19.0
sess000860,v69,quest3s,2.85,1.07,32.3,18.4
sess000861,v68,quest3,2.2,1.03,44.0,16.6
sess000862,v69,quest3s,2.69,1.17,45.2,21.5
sess000863,v69,quest3,1.95,0.0,38.6,17.2
sess000864,v68,quest3,1.94,0.91,39.6,17.5
sess000865,v69,quest3s,3.44,2.2,37.6,15.9
sess000866,v68,quest3s,1.9,0.98,39.4,17.1
sess000867,v70,quest3s,1.89,1.27,43.7,19.7
sess000868,v69,quest3s,2.77,1.15,37.6,17.9
sess000869,v68,quest3s,2.53,1.85,45.8,16.4
sess000870,v69,quest3,1.35,1.4,40.5,17.6
sess000871,v70,quest3s,1.46,1.68,47.7,18.7
sess000872,v69,quest3s,3.07,2.01,45.6,20.0
sess000873,v68,quest3s,2.05,1.24,45.4,18.3
sess000874,v69,quest3,1.72,0.67,40.2,17.4
sess000875,v68,quest3,1.76,1.24,43.6,20.2
sess000876,v68,quest3s,2.25,0.49,43.7,17.8
sess000877,v69,quest3s,2.96,1.6,34.3,20.7
sess000878,v69,quest3s,3.66,2.31,47.1,17.9
sess000879,v68,quest3,2.19,0.95,41.7,17.5
sess000880,v69,quest3s,2.07,2.06,35.4,17.4
sess000881,v69,quest3s,2.53,1.87,47.2,18.5
sess000882,v68,quest3s,1.93,1.02,37.9,17.2
sess000883,v68,quest3,2.03,0.82,45.0,17.9
sess000884,v69,quest3,2.2,1.29,40.9,18.6
sess000885,v70,quest3,1.38,1.28,46.0,17.1
sess000886,v70,quest3,1.83,1.25,41.3,18.4
sess000887,v70,quest3,2.8,1.45,42.6,19.6
sess000888,v69,quest3,3.02,0.29,39.4,17.0
sess000889,v68,quest3,1.78,0.81,40.3,18.8
sess000890,v68,quest3,1.62,1.43,35.9,17.0
sess000891,v68,quest3s,2.45,1.66,45.5,17.8
sess000892,v70,quest3,1.22,2.18,41.7,18.9
sess000893,v70,quest3,2.32,0.71,44.7,18.2
sess000894,v68,quest3,1.57,0.83,39.5,16.6
sess000895,v70,quest3s,1.94,1.03,38.4,18.2
sess000896,v69,quest3,2.43,1.91,42.0,19.5
sess000897,v69,quest3s,2.13,1.66,47.6,15.2
sess000898,v68,quest3,2.28,1.37,37.2,15.9
sess000899,v69,quest3,1.7,1.43,42.6,19.8
sess000900,v68,quest3,2.76,1.18,42.8,18.7
sess000901,v68,quest3,1.82,0.64,43.2,17.3
sess000902,v68,quest3s,2.01,0.78,44.5,17.8
sess000903,v69,quest3s,3.01,2.09,36.6,16.7
sess000904,v68,quest3s,1.72,0.67,46.5,19.5
sess000905,v69,quest3s,3.37,1.55,43.6,18.5
sess000906,v68,quest3s,2.46,1.18,49.4,17.2
sess000907,v68,quest3s,1.88,1.7,50.1,18.1
sess000908,v69,quest3,2.21,1.44,38.9,18.6
sess000909,v70,quest3s,1.86,0.77,44.6,19.6
sess000910,v69,quest3,1.6,0.97,40.2,18.4
sess000911,v69,quest3s,3.41,1.77,44.6,15.6
sess000912,v68,quest3s,2.23,1.35,41.0,16.5
sess000913,v70,quest3,1.86,1.42,37.3,18.0
sess000914,v70,quest3s,1.91,1.72,35.7,21.1
sess000915,v69,quest3s,2.87,1.41,42.7,21.0
sess000916,v70,quest3s,1.83,1.0,36.5,18.1
sess000917,v70,quest3,1.61,1.13,40.9,19.7
sess000918,v69,quest3s,2.89,1.34,44.5,16.5
sess000919,v69,quest3,1.86,1.09,42.4,19.7
sess000920,v68,quest3,1.84,1.55,35.8,20.1
sess000921,v70,quest3,2.46,1.16,39.3,20.8
sess000922,v69,quest3s,2.66,2.05,36.9,17.3
sess000923,v70,quest3s,2.37,1.8,41.5,18.6
sess000924,v69,quest3,2.49,0.84,42.9,19.4
sess000925,v69,quest3,1.69,1.45,48.3,18.0
sess000926,v68,quest3s,2.25,1.14,41.5,17.5
sess000927,v68,quest3s,1.47,1.09,37.9,17.6
sess000928,v68,quest3,2.35,0.8,35.4,15.9
sess000929,v69,quest3,2.55,0.83,42.4,17.4
sess000930,v70,quest3s,2.63,1.28,41.1,17.9
sess000931,v70,quest3,2.44,1.11,42.7,18.9
sess000932,v69,quest3,2.25,1.14,45.0,19.5
sess000933,v69,quest3,1.38,0.29,49.8,18.5
sess000934,v69,quest3,2.92,1.54,40.3,18.7
sess000935,v68,quest3,1.44,1.17,40.0,19.8
sess000936,v68,quest3s,2.94,1.52,43.7,15.2
sess000937,v69,quest3s,3.61,1.24,44.8,18.3
sess000938,v69,quest3,2.44,1.26,42.5,15.7
sess000939,v69,quest3,2.48,1.06,44.0,17.9
sess000940,v69,quest3s,3.19,2.02,45.9,21.3
sess000941,v70,quest3s,2.87,0.79,41.7,21.0
sess000942,v69,quest3s,3.91,1.72,35.6,16.9
sess000943,v69,quest3s,2.58,2.04,39.0,15.1
sess000944,v68,quest3,2.29,1.43,40.0,20.7
sess000945,v68,quest3,2.87,0.9,46.0,18.8
sess000946,v69,quest3s,3.55,1.78,43.0,16.7
sess000947,v69,quest3,3.11,0.83,49.3,19.1
sess000948,v68,quest3,1.98,0.63,43.8,15.0
sess000949,v68,quest3s,1.77,1.03,43.2,16.2
sess000950,v68,quest3,2.51,0.97,39.1,17.4
sess000951,v70,quest3,1.91,0.83,46.1,16.0
sess000952,v68,quest3s,2.64,1.33,40.3,19.2
sess000953,v68,quest3s,1.96,1.36,44.3,16.9
sess000954,v69,quest3s,2.88,2.02,40.9,16.7
sess000955,v69,quest3,3.08,0.42,38.1,17.7
sess000956,v68,quest3,2.8,1.01,36.8,17.6
sess000957,v69,quest3,1.84,0.87,34.3,20.0
sess000958,v70,quest3,2.34,1.11,37.4,19.1
sess000959,v68,quest3s,1.69,1.37,39.7,15.2
sess000960,v70,quest3,2.48,1.07,45.4,21.1
sess000961,v69,quest3,2.23,1.3,40.0,16.6
sess000962,v70,quest3,2.96,1.13,43.4,19.2
sess000963,v68,quest3s,3.28,1.99,41.3,17.8
sess000964,v68,quest3,1.37,1.63,42.9,20.0
sess000965,v70,quest3s,1.75,0.89,47.8,15.3
sess000966,v70,quest3,2.07,1.58,41.9,18.2
sess000967,v69,quest3,2.4,1.34,44.0,16.5
sess000968,v70,quest3,1.37,0.94,35.3,16.4
sess000969,v68,quest3s,2.13,1.66,37.6,19.0
sess000970,v70,quest3s,1.07,0.45,38.4,20.4
sess000971,v70,quest3s,2.81,1.74,47.5,21.6
sess000972,v68,quest3s,2.38,1.66,41.4,18.1
sess000973,v69,quest3s,3.09,1.52,41.9,19.4
sess000974,v68,quest3s,2.07,1.61,46.0,16.9
sess000975,v68,quest3s,1.86,1.35,42.9,21.4
sess000976,v69,quest3,2.02,1.42,44.1,19.0
sess000977,v69,quest3s,2.76,2.09,39.2,18.3
sess000978,v68,quest3,2.8,1.35,41.6,16.9
sess000979,v68,quest3s,2.04,1.09,46.6,17.4
sess000980,v69,quest3s,3.38,1.55,42.1,17.5
sess000981,v69,quest3s,2.77,2.15,47.0,18.8
sess000982,v69,quest3s,3.21,2.28,33.7,17.0
sess000983,v70,quest3,1.94,1.73,43.5,18.5
sess000984,v69,quest3,2.19,1.56,43.5,20.4
sess000985,v70,quest3s,1.95,1.44,45.8,17.3
sess000986,v69,quest3,2.45,1.02,48.7,19.9
sess000987,v68,quest3s,2.16,1.09,44.0,18.3
sess000988,v68,quest3s,2.25,1.58,35.1,18.7
sess000989,v69,quest3s,3.07,1.65,36.1,19.0
sess000990,v69,quest3s,2.9,1.42,35.1,19.6
sess000991,v70,quest3s,1.92,0.77,46.1,17.7
sess000992,v68,quest3s,1.65,0.99,37.4,22.4
sess000993,v70,quest3s,3.22,1.23,39.2,19.6
sess000994,v68,quest3,1.52,1.25,43.6,20.1
sess000995,v70,quest3s,2.03,1.26,42.5,19.6
sess000996,v70,quest3,2.6,0.76,41.0,17.4
sess000997,v68,quest3s,1.76,1.68,36.5,18.1
sess000998,v68,quest3s,2.4,1.38,40.1,17.4
sess000999,v69,quest3,2.41,1.55,41.8,20.3
sess001000,v69,quest3s,3.07,1.41,51.2,19.2
sess001001,v68,quest3,2.76,0.96,40.9,15.9
sess001002,v70,quest3s,2.27,1.15,46.8,18.6
sess001003,v69,quest3s,2.73,2.66,49.5,18.9
sess001004,v70,quest3,2.82,1.61,43.0,20.9
sess001005,v70,quest3,2.21,1.11,43.4,17.4
sess001006,v68,quest3s,1.8,1.94,42.6,14.1
sess001007,v68,quest3,2.36,1.31,43.1,16.1
sess001008,v70,quest3s,2.82,1.72,45.7,21.2
sess001009,v70,quest3,1.28,1.51,43.7,20.7
sess001010,v70,quest3,1.33,2.05,47.7,20.6
sess001011,v68,quest3,2.86,1.5,39.5,17.3
sess001012,v68,quest3s,1.87,1.82,46.1,15.4
sess001013,v70,quest3s,2.05,1.03,40.0,20.5
sess001014,v70,quest3s,2.45,1.48,44.4,18.6
sess001015,v69,quest3s,3.39,2.08,42.1,17.8
sess001016,v70,quest3,2.24,0.67,40.4,18.6
sess001017,v69,quest3s,2.44,1.53,44.2,18.1
sess001018,v70,quest3,1.98,0.73,46.7,20.7
sess001019,v69,quest3s,3.44,1.95,35.6,18.5
sess001020,v69,quest3,2.35,0.34,32.2,20.1
sess001021,v68,quest3s,2.54,1.17,46.9,16.7
sess001022,v69,quest3s,3.1,1.79,41.4,20.1
sess001023,v68,quest3s,2.47,1.12,42.7,16.6
sess001024,v69,quest3,1.59,1.55,40.6,16.7
sess001025,v70,quest3,2.62,1.54,48.7,17.6
sess001026,v68,quest3s,1.59,1.68,47.4,17.4
sess001027,v69,quest3s,2.46,1.85,45.3,21.5
sess001028,v70,quest3,1.22,0.83,42.2,18.5
sess001029,v69,quest3s,3.21,2.08,52.8,20.6
sess001030,v70,quest3s,1.95,1.59,49.9,18.6
sess001031,v70,quest3,2.84,1.02,41.1,17.0
sess001032,v70,quest3,1.44,0.53,41.0,19.4
sess001033,v68,quest3s,2.42,1.36,48.3,17.1
sess001034,v70,quest3,1.67,1.52,40.7,18.0
sess001035,v68,quest3s,1.79,1.11,41.0,19.7
sess001036,v69,quest3,2.72,1.26,44.6,18.5
sess001037,v70,quest3,2.03,0.02,39.0,17.7
sess001038,v68,quest3,2.11,0.95,41.6,16.5
sess001039,v68,quest3,2.13,1.39,44.4,19.3
sess001040,v68,quest3,2.59,0.7,34.3,19.7
sess001041,v69,quest3,2.46,1.07,44.4,19.3
sess001042,v69,quest3s,3.7,1.69,42.8,15.9
sess001043,v69,quest3,2.15,2.21,46.7,16.9
sess001044,v69,quest3s,2.36,1.58,42.6,17.1
sess001045,v69,quest3s,3.45,1.82,40.9,20.7
sess001046,v69,quest3,1.94,1.61,41.1,19.3
sess001047,v69,quest3,2.24,1.38,37.8,16.8
sess001048,v68,quest3,1.87,1.31,33.3,20.5
sess001049,v69,quest3,1.62,1.65,32.9,17.6
sess001050,v68,quest3s,2.67,1.39,34.4,14.0
sess001051,v68,quest3s,2.04,1.4,40.1,20.2
sess001052,v70,quest3,2.37,1.07,45.7,19.3
sess001053,v68,quest3,2.09,1.17,36.9,18.4
sess001054,v69,quest3,1.84,0.96,46.7,19.1
sess001055,v68,quest3s,2.37,1.09,50.4,17.8
sess001056,v70,quest3,1.93,0.9,46.7,19.6
sess001057,v69,quest3s,2.57,1.66,41.3,17.2
sess001058,v68,quest3,1.67,1.55,48.7,16.4
sess001059,v70,quest3,2.0,0.78,43.7,19.2
sess001060,v68,quest3,1.99,1.79,43.6,18.1
sess001061,v69,quest3s,3.74,2.36,45.4,20.2
sess001062,v69,quest3s,1.73,2.66,39.5,17.9
sess001063,v69,quest3s,3.28,1.81,49.9,21.2
sess001064,v70,quest3s,2.89,1.49,45.2,18.2
sess001065,v70,quest3s,2.33,1.15,31.0,20.2
sess001066,v68,quest3,2.85,0.89,45.8,19.3
sess001067,v69,quest3s,2.13,1.72,45.8,20.1
sess001068,v70,quest3,2.42,0.88,42.6,20.2
sess001069,v68,quest3,2.77,1.81,45.6,17.2
sess001070,v70,quest3,1.78,0.92,44.3,20.2
sess001071,v68,quest3s,1.85,1.67,37.9,18.4
sess001072,v70,quest3,2.29,1.91,46.6,17.4
sess001073,v68,quest3,1.87,1.58,40.7,17.7
sess001074,v69,quest3s,2.85,1.4,36.5,16.8
sess001075,v68,quest3,2.48,0.85,40.2,19.6
sess001076,v68,quest3s,2.89,0.29,36.8,18.1
sess001077,v70,quest3,1.73,1.85,44.2,19.3
sess001078,v70,quest3,2.38,0.81,39.5,19.7
sess001079,v68,quest3,1.7,0.99,39.6,19.1
sess001080,v68,quest3,1.89,0.61,39.8,19.4
sess001081,v68,quest3,2.42,1.18,38.0,21.7
sess001082,v68,quest3s,1.46,1.06,41.5,17.3
sess001083,v70,quest3,2.25,1.06,42.8,19.0
sess001084,v70,quest3s,0.93,0.77,37.8,19.0
sess001085,v69,quest3,2.24,1.32,39.9,18.3
sess001086,v70,quest3s,2.51,1.9,44.1,19.2
sess001087,v70,quest3,2.71,0.62,41.0,18.9
sess001088,v70,quest3s,1.67,1.93,36.8,18.5
sess001089,v68,quest3s,1.54,1.65,37.4,18.3
sess001090,v69,quest3,2.09,0.46,43.3,19.5
sess001091,v68,quest3s,2.45,1.6,41.7,17.8
sess001092,v68,quest3s,2.26,1.35,43.2,15.1
sess001093,v68,quest3s,2.19,1.06,41.6,16.9
sess001094,v70,quest3s,1.63,0.14,41.5,18.2
sess001095,v69,quest3s,3.25,1.94,44.8,19.7
sess001096,v70,quest3,1.72,1.81,48.6,17.2
sess001097,v68,quest3,1.91,1.31,46.6,19.6
sess001098,v70,quest3,1.47,1.63,40.0,18.4
sess001099,v70,quest3,1.73,0.9,46.0,19.1
sess001100,v70,quest3,1.61,1.03,32.7,19.3
sess001101,v69,quest3,1.92,0.27,41.9,20.3
sess001102,v68,quest3s,2.41,1.41,45.6,17.6
sess001103,v70,quest3,2.08,0.93,40.4,19.5
sess001104,v68,quest3s,1.78,1.28,48.7,17.4
sess001105,v70,quest3s,2.71,2.06,40.6,19.5
sess001106,v69,quest3s,2.15,1.95,44.8,17.6
sess001107,v68,quest3,1.52,0.75,35.3,16.7
sess001108,v70,quest3s,2.56,1.61,48.5,17.9
sess001109,v69,quest3s,3.12,1.53,43.2,18.9
sess001110,v70,quest3,1.96,0.65,45.7,19.9
sess001111,v69,quest3,2.36,0.74,45.9,20.1
sess001112,v70,quest3s,1.92,0.86,47.2,18.2
sess001113,v69,quest3s,2.92,2.5,36.2,16.3
sess001114,v69,quest3s,4.97,1.1,43.4,18.6
sess001115,v68,quest3,2.71,1.11,50.5,15.9
sess001116,v70,quest3s,2.32,1.31,49.2,17.4
sess001117,v69,quest3,2.23,1.11,39.9,17.5
sess001118,v70,quest3,3.1,1.77,43.1,21.7
sess001119,v68,quest3,2.4,1.1,42.1,16.5
sess001120,v69,quest3,2.63,0.55,38.3,21.7
sess001121,v69,quest3s,2.92,2.46,37.9,17.8
sess001122,v70,quest3,2.94,1.44,38.3,18.5
sess001123,v70,quest3,1.31,0.71,32.9,18.0
sess001124,v70,quest3,2.72,0.84,37.4,16.6
sess001125,v70,quest3,2.33,1.34,39.7,17.1
sess001126,v68,quest3s,2.1,1.44,42.6,17.3
sess001127,v70,quest3,2.68,1.65,45.0,18.2
sess001128,v70,quest3s,2.93,0.41,46.7,18.2
sess001129,v69,quest3,1.33,1.46,42.1,18.3
sess001130,v70,quest3,1.07,1.36,42.3,18.1
sess001131,v68,quest3,1.36,0.86,44.2,15.8
sess001132,v68,quest3s,1.05,1.25,40.8,18.1
sess001133,v70,quest3,1.87,1.23,40.4,20.9
sess001134,v69,quest3,2.71,1.07,41.8,17.3
sess001135,v69,quest3s,2.97,2.1,40.8,16.2
sess001136,v68,quest3,2.34,0.85,44.8,16.0
sess001137,v68,quest3,1.33,1.28,40.9,19.2
sess001138,v68,quest3,1.96,1.63,39.6,21.3
sess001139,v68,quest3,2.21,1.24,41.3,15.6
sess001140,v68,quest3,2.16,0.83,38.3,17.7
sess001141,v70,quest3s,2.51,1.08,43.4,18.1
sess001142,v69,quest3,2.51,1.2,51.0,19.3
sess001143,v69,quest3s,3.97,2.06,38.4,19.6
sess001144,v68,quest3,2.3,0.95,38.8,18.2
sess001145,v70,quest3,1.69,0.6,43.1,19.3
sess001146,v70,quest3,2.18,1.3,48.1,17.6
sess001147,v70,quest3,1.49,1.08,48.2,21.1
sess001148,v68,quest3,2.31,1.26,39.7,15.8
sess001149,v70,quest3,2.22,1.24,41.8,19.7
sess001150,v70,quest3s,2.01,0.74,44.3,15.7
sess001151,v70,quest3,1.99,1.41,40.4,20.1
sess001152,v70,quest3s,2.69,1.38,42.4,18.4
sess001153,v68,quest3,2.05,0.94,39.1,17.7
sess001154,v70,quest3s,2.03,1.61,42.7,17.7
sess001155,v68,quest3s,2.57,1.5,44.1,17.9
sess001156,v69,quest3s,3.68,1.8,41.6,17.2
sess001157,v69,quest3s,3.41,1.58,44.1,17.2
sess001158,v69,quest3,2.13,0.34,45.4,16.6
sess001159,v68,quest3,2.51,0.56,43.1,15.6
sess001160,v70,quest3,2.78,0.71,49.4,16.8
sess001161,v69,quest3,2.19,1.42,36.1,18.1
sess001162,v69,quest3,2.44,1.02,38.0,21.1
sess001163,v70,quest3s,2.76,0.33,47.6,18.2
sess001164,v70,quest3s,1.94,0.67,42.2,19.7
sess001165,v68,quest3,1.87,1.36,45.5,19.2
sess001166,v68,quest3s,1.03,0.84,41.1,17.5
sess001167,v69,quest3s,2.64,2.1,37.1,17.5
sess001168,v69,quest3s,2.08,2.2,40.5,17.4
sess001169,v68,quest3s,2.77,1.57,45.1,20.5
sess001170,v69,quest3s,3.15,1.34,41.1,17.5
sess001171,v68,quest3,1.69,0.81,47.0,17.6
sess001172,v70,quest3,2.42,1.75,46.7,19.2
sess001173,v70,quest3s,1.98,1.26,42.7,19.1
sess001174,v69,quest3s,2.73,1.79,40.0,19.4
sess001175,v69,quest3,3.01,0.79,43.5,17.9
sess001176,v68,quest3s,1.93,1.4,43.6,19.0
sess001177,v70,quest3s,2.48,1.04,40.6,19.8
sess001178,v70,quest3,1.91,0.93,38.5,20.7
sess001179,v68,quest3,2.02,0.93,47.4,18.9
sess001180,v68,quest3s,2.43,1.1,38.0,19.3
sess001181,v69,quest3s,2.36,2.26,40.3,19.0
sess001182,v69,quest3,1.86,1.29,43.5,17.6
sess001183,v69,quest3,2.21,0.97,43.6,18.6
sess001184,v70,quest3s,2.18,1.25,51.9,18.8
sess001185,v69,quest3,3.17,1.42,39.1,18.0
sess001186,v68,quest3s,2.56,1.77,40.5,16.8
sess001187,v68,quest3,2.57,0.77,41.0,17.7
sess001188,v68,quest3s,2.18,1.54,41.7,15.3
sess001189,v69,quest3,2.2,0.72,37.4,17.0
sess001190,v70,quest3,1.9,1.3,42.2,19.0
sess001191,v69,quest3s,2.98,1.75,44.6,17.3
sess001192,v70,quest3,2.5,1.15,41.1,18.0
sess001193,v68,quest3s,0.84,0.42,41.7,17.0
sess001194,v70,quest3,3.19,1.76,44.1,18.6
sess001195,v69,quest3,1.93,1.39,39.1,16.5
sess001196,v68,quest3,1.85,0.78,42.4,18.8
sess001197,v69,quest3,2.78,1.46,43.0,15.7
sess001198,v70,quest3s,1.85,1.38,45.3,19.3
sess001199,v69,quest3s,2.43,1.8,45.5,17.8
sess001200,v70,quest3s,1.53,1.26,43.9,20.3
sess001201,v69,quest3s,2.51,1.83,43.8,18.0
sess001202,v68,quest3,2.55,1.17,39.3,18.7
sess001203,v70,quest3,2.07,0.93,40.4,18.7
sess001204,v70,quest3,2.32,0.96,43.3,19.8
sess001205,v68,quest3s,1.5,0.82,49.5,17.1
sess001206,v68,quest3,2.56,1.54,37.7,17.0
sess001207,v70,quest3s,3.11,0.87,45.6,19.9
sess001208,v70,quest3,1.9,0.35,44.1,19.3
sess001209,v70,quest3,2.81,1.1,38.6,18.3
sess001210,v69,quest3,2.87,1.39,39.1,20.0
sess001211,v68,quest3s,2.07,1.01,34.5,16.7
sess001212,v69,quest3,1.04,1.38,38.5,18.7
sess001213,v69,quest3s,2.11,2.39,42.3,19.4
sess001214,v68,quest3s,2.75,1.0,43.6,21.5
sess001215,v69,quest3,2.03,1.27,44.0,17.2
sess001216,v68,quest3s,2.81,1.89,41.1,15.0
sess001217,v68,quest3s,2.04,1.6,45.7,17.5
sess001218,v70,quest3,2.26,1.14,42.1,20.8
sess001219,v68,quest3,1.7,1.38,46.0,18.7
sess001220,v70,quest3s,1.92,1.38,47.4,19.9
sess001221,v68,quest3s,1.43,0.81,39.6,20.1
sess001222,v68,quest3,2.75,1.66,41.9,16.9
sess001223,v68,quest3,1.51,0.71,44.9,14.9
sess001224,v69,quest3,2.63,1.74,40.3,17.4
sess001225,v68,quest3,2.19,0.56,40.7,17.6
sess001226,v70,quest3,1.57,1.29,43.1,21.0
sess001227,v70,quest3s,1.41,0.72,33.8,18.8
sess001228,v70,quest3,1.82,1.38,47.2,18.3
sess001229,v70,quest3s,2.34,1.63,43.9,21.8
sess001230,v70,quest3s,1.5,1.62,43.9,19.3
sess001231,v68,quest3s,2.45,1.66,37.5,15.1
sess001232,v70,quest3s,1.47,1.48,40.4,18.8
sess001233,v68,quest3,1.88,1.1,40.2,17.5
sess001234,v68,quest3s,2.79,1.4,42.3,17.2
sess001235,v69,quest3s,2.32,1.92,42.7,18.4
sess001236,v68,quest3s,2.69,1.09,44.6,16.8
sess001237,v69,quest3,2.0,1.32,43.1,19.0
sess001238,v68,quest3s,1.65,1.65,37.5,19.3
sess001239,v70,quest3s,2.89,1.1,34.9,20.2
sess001240,v69,quest3s,3.02,1.82,36.2,17.3
sess001241,v69,quest3,2.31,0.87,42.3,18.6
sess001242,v68,quest3,2.46,1.21,45.2,20.9
sess001243,v68,quest3,2.03,1.72,46.6,19.1
sess001244,v70,quest3s,2.24,0.8,51.7,18.2
sess001245,v70,quest3,1.86,1.37,45.8,18.5
sess001246,v69,quest3s,2.67,1.65,38.9,19.6
sess001247,v69,quest3,1.68,1.73,36.3,17.4
sess001248,v70,quest3s,2.0,1.22,38.3,19.0
sess001249,v69,quest3,2.41,1.25,47.7,19.9
sess001250,v68,quest3,2.57,0.39,42.4,17.5
sess001251,v70,quest3,2.07,1.37,43.2,18.1
sess001252,v68,quest3s,1.69,1.54,42.5,17.5
sess001253,v69,quest3,2.19,0.96,39.7,20.2
sess001254,v70,quest3,2.85,1.24,42.4,16.2
sess001255,v70,quest3s,2.58,1.17,40.3,21.4
sess001256,v68,quest3s,1.53,1.77,37.9,18.9
sess001257,v68,quest3s,2.71,1.29,52.7,17.4
sess001258,v69,quest3s,2.78,1.61,44.0,19.1
sess001259,v68,quest3s,1.69,1.73,40.7,18.3
sess001260,v69,quest3s,2.54,2.44,40.5,18.8
sess001261,v70,quest3,2.39,1.33,46.9,19.9
sess001262,v68,quest3,1.92,0.78,45.1,19.6
sess001263,v70,quest3s,2.26,1.68,43.0,19.0
sess001264,v70,quest3,1.84,1.24,46.0,18.1
sess001265,v70,quest3s,2.62,1.07,43.6,16.0
sess001266,v69,quest3,1.97,1.57,50.1,16.9
sess001267,v70,quest3,1.44,0.91,41.5,21.2
sess001268,v69,quest3,2.28,1.39,50.4,17.2
sess001269,v70,quest3,2.58,1.12,40.4,18.9
sess001270,v70,quest3,2.91,0.47,43.7,18.9
sess001271,v69,quest3,2.26,1.09,41.3,16.5
sess001272,v70,quest3,1.16,1.26,42.6,18.7
sess001273,v70,quest3,1.76,1.27,47.9,21.5
sess001274,v68,quest3,2.0,1.54,40.3,18.6
sess001275,v69,quest3,1.17,1.14,44.9,20.3
sess001276,v69,quest3s,2.51,2.3,39.9,20.7
sess001277,v68,quest3,2.07,1.11,43.1,18.0
sess001278,v70,quest3,1.76,1.33,37.6,17.1
sess001279,v70,quest3s,2.31,0.58,46.3,17.4
sess001280,v69,quest3s,3.92,1.57,40.7,21.9
sess001281,v69,quest3s,3.65,2.21,42.5,21.7
sess001282,v69,quest3,1.93,0.76,37.7,19.5
sess001283,v70,quest3,2.54,1.61,36.1,19.3
sess001284,v68,quest3s,1.42,0.99,32.2,19.6
sess001285,v68,quest3s,2.52,1.33,38.3,16.3
sess001286,v68,quest3,1.49,0.88,35.6,16.4
sess001287,v70,quest3s,1.83,1.34,40.6,21.0
sess001288,v68,quest3,1.34,1.34,48.6,17.8
sess001289,v70,quest3,0.86,1.19,42.7,19.8
sess001290,v69,quest3,2.43,1.38,36.0,18.1
sess001291,v69,quest3,2.14,1.04,43.8,21.8
sess001292,v69,quest3,2.22,1.71,36.7,15.6
sess001293,v69,quest3,2.21,0.05,41.9,19.2
sess001294,v68,quest3s,3.02,1.78,46.7,18.6
sess001295,v68,quest3,1.71,0.89,42.6,17.3
sess001296,v68,quest3,2.01,1.08,40.7,18.5
sess001297,v69,quest3,2.15,1.15,43.7,17.4
sess001298,v69,quest3,1.16,0.9,47.2,16.2
sess001299,v70,quest3,2.69,1.5,36.7,17.6
sess001300,v68,quest3,1.68,1.66,39.0,19.1
sess001301,v69,quest3s,3.55,2.37,46.6,18.7
sess001302,v69,quest3s,3.19,2.32,40.7,21.0
sess001303,v70,quest3s,2.08,1.68,45.9,19.4
sess001304,v69,quest3s,3.36,1.86,42.1,19.2
sess001305,v69,quest3s,3.94,1.98,48.0,18.4
sess001306,v69,quest3s,2.14,2.08,41.8,15.0
sess001307,v70,quest3,1.77,1.5,40.9,18.5
sess001308,v68,quest3,1.78,0.92,44.6,17.0
sess001309,v70,quest3,2.41,1.66,43.2,17.7
sess001310,v68,quest3,1.74,0.94,41.5,19.6
sess001311,v70,quest3,2.8,0.42,32.9,18.2
sess001312,v69,quest3s,2.37,2.19,38.3,16.6
sess001313,v68,quest3,1.78,1.34,43.7,16.0
sess001314,v70,quest3s,2.21,1.49,35.8,20.0
sess001315,v69,quest3,1.48,1.81,33.9,20.2
sess001316,v68,quest3,1.67,1.81,38.1,17.4
sess001317,v69,quest3,2.54,1.42,34.6,17.7
sess001318,v68,quest3,1.84,1.43,49.5,16.3
sess001319,v69,quest3s,3.59,2.03,40.2,18.9
sess001320,v69,quest3,1.94,1.37,46.7,20.0
sess001321,v68,quest3,2.13,1.34,42.5,19.0
sess001322,v70,quest3s,3.65,1.17,40.6,20.5
sess001323,v68,quest3s,1.9,0.77,44.9,16.9
sess001324,v68,quest3s,2.04,1.49,35.8,17.8
sess001325,v68,quest3s,1.67,0.95,39.9,16.4
sess001326,v68,quest3,2.0,0.71,40.8,19.4
sess001327,v68,quest3s,1.83,1.32,46.3,16.2
sess001328,v68,quest3,1.9,0.94,51.2,18.2
sess001329,v70,quest3,2.08,1.14,43.0,21.4
sess001330,v70,quest3s,2.35,1.21,47.0,18.4
sess001331,v70,quest3s,2.04,1.05,45.5,19.5
sess001332,v70,quest3s,1.26,0.8,38.3,20.1
sess001333,v70,quest3s,2.2,1.58,43.6,17.4
sess001334,v68,quest3,2.3,1.6,44.8,17.6
sess001335,v70,quest3s,1.31,0.45,44.8,17.7
sess001336,v68,quest3,2.44,1.04,42.6,16.5
sess001337,v69,quest3s,2.82,1.79,38.0,16.8
sess001338,v69,quest3,2.16,1.21,38.5,15.8
sess001339,v68,quest3,1.35,1.25,43.1,18.7
sess001340,v70,quest3,2.32,0.89,43.0,19.4
sess001341,v70,quest3,1.3,1.0,38.9,20.2
sess001342,v69,quest3,1.69,0.91,44.4,17.9
sess001343,v68,quest3,2.82,1.31,37.1,17.9
sess001344,v70,quest3,2.11,1.69,38.2,19.6
sess001345,v70,quest3s,0.75,1.66,39.1,18.0
sess001346,v69,quest3,1.98,1.77,38.5,17.2
sess001347,v70,quest3,1.74,1.82,46.3,15.6
sess001348,v68,quest3,1.7,1.72,38.8,16.4
sess001349,v70,quest3,2.3,0.74,39.7,20.1
sess001350,v70,quest3s,2.33,1.55,37.7,19.6
sess001351,v68,quest3s,1.22,1.56,47.1,17.1
sess001352,v70,quest3s,1.95,1.22,43.7,20.9
sess001353,v70,quest3s,1.66,1.33,37.6,21.2
sess001354,v69,quest3s,3.34,2.14,37.7,17.8
sess001355,v68,quest3,1.48,1.36,46.4,20.9
sess001356,v69,quest3,2.49,1.42,38.6,20.6
sess001357,v68,quest3s,2.33,0.95,46.5,15.5
sess001358,v69,quest3,2.14,1.52,42.1,17.7
sess001359,v68,quest3s,1.38,1.03,44.5,18.2
sess001360,v69,quest3s,2.87,1.68,40.7,20.3
sess001361,v70,quest3s,3.24,0.53,41.3,17.6
sess001362,v69,quest3s,3.34,2.25,47.3,18.3
sess001363,v69,quest3s,2.51,1.5,42.0,18.7
sess001364,v69,quest3s,2.69,1.73,42.5,17.6
sess001365,v69,quest3,1.89,0.75,41.0,16.5
sess001366,v69,quest3s,3.86,1.82,35.9,14.5
sess001367,v69,quest3,2.42,1.31,47.6,13.7
sess001368,v69,quest3,2.39,1.79,49.4,14.6
sess001369,v70,quest3,2.06,1.66,40.6,20.1
sess001370,v70,quest3s,1.26,0.98,39.2,18.5
sess001371,v68,quest3,2.18,1.36,50.1,17.7
sess001372,v68,quest3s,1.13,1.15,41.5,17.4
sess001373,v69,quest3,0.92,1.39,38.7,16.6
sess001374,v69,quest3s,3.76,1.87,42.7,15.3
sess001375,v69,quest3s,3.1,2.21,43.3,21.1
sess001376,v69,quest3s,2.87,2.3,38.1,23.2
sess001377,v68,quest3s,2.08,0.44,40.8,15.0
sess001378,v70,quest3s,2.32,1.32,41.0,19.0
sess001379,v69,quest3s,2.26,1.74,39.9,18.0
sess001380,v69,quest3s,2.69,1.78,38.9,18.2
sess001381,v68,quest3,1.86,0.95,45.6,16.5
sess001382,v68,quest3,2.2,0.49,42.3,17.5
sess001383,v70,quest3s,2.71,1.42,36.8,19.0
sess001384,v70,quest3s,1.98,0.19,47.2,19.0
sess001385,v70,quest3,1.89,0.75,40.9,20.5
sess001386,v68,quest3,2.48,1.04,40.6,19.8
sess001387,v69,quest3,2.28,1.24,38.1,18.1
sess001388,v70,quest3s,2.08,1.25,47.0,21.7
sess001389,v69,quest3s,3.25,1.84,43.8,16.8
sess001390,v69,quest3s,2.62,1.78,43.6,17.8
sess001391,v70,quest3s,1.78,1.3,42.5,22.0
sess001392,v69,quest3,2.36,1.36,47.1,15.7
sess001393,v69,quest3,1.94,1.17,47.4,18.4
sess001394,v69,quest3s,2.68,1.85,41.9,17.9
sess001395,v70,quest3,2.21,1.12,48.4,19.7
sess001396,v69,quest3,2.44,1.0,37.9,16.8
sess001397,v68,quest3s,2.8,1.52,40.2,16.1
sess001398,v69,quest3s,1.82,2.4,41.8,19.7
sess001399,v68,quest3,1.65,0.33,41.4,16.3
sess001400,v68,quest3s,1.4,0.55,38.8,20.2
sess001401,v69,quest3,1.35,0.79,42.2,17.4
sess001402,v68,quest3s,2.05,0.47,34.9,17.2
sess001403,v68,quest3s,2.35,1.36,43.5,17.7
sess001404,v70,quest3s,3.08,0.89,46.4,18.6
sess001405,v69,quest3,1.9,1.19,37.3,21.6
sess001406,v70,quest3,2.21,0.85,35.2,19.2
sess001407,v68,quest3,1.59,1.36,46.0,19.5
sess001408,v68,quest3,3.06,1.79,43.8,19.0
sess001409,v68,quest3,2.02,1.2,37.1,19.5
sess001410,v70,quest3,2.18,1.07,44.5,17.3
sess001411,v70,quest3s,2.42,1.61,42.5,19.0
sess001412,v70,quest3,1.92,0.8,43.6,20.0
sess001413,v70,quest3,2.04,1.75,44.0,19.4
sess001414,v69,quest3s,3.26,2.1,47.4,16.0
sess001415,v70,quest3,1.89,1.58,32.7,16.2
sess001416,v68,quest3,1.52,0.99,39.1,18.4
sess001417,v69,quest3,2.07,0.94,39.7,14.5
sess001418,v70,quest3,1.67,1.04,39.0,19.6
sess001419,v70,quest3,2.09,1.47,39.4,20.9
sess001420,v69,quest3s,2.8,1.72,44.0,20.1
sess001421,v70,quest3s,2.62,1.74,40.4,19.7
sess001422,v69,quest3,1.25,0.75,40.5,18.2
sess001423,v69,quest3s,3.25,2.62,42.7,16.2
sess001424,v69,quest3s,3.77,1.32,46.8,19.7
sess001425,v70,quest3s,1.61,1.22,52.8,19.3
sess001426,v70,quest3s,1.37,0.98,46.0,18.2
sess001427,v68,quest3,2.07,1.24,42.1,18.2
sess001428,v69,quest3,1.53,1.12,41.4,15.7
sess001429,v70,quest3,2.04,0.26,41.5,18.6
sess001430,v69,quest3,2.02,1.05,35.5,15.2
sess001431,v69,quest3,2.17,1.63,37.1,19.3
sess001432,v69,quest3,2.37,1.41,46.9,18.1
sess001433,v70,quest3,2.4,0.87,37.8,20.6
sess001434,v70,quest3,1.69,0.62,43.2,16.7
sess001435,v70,quest3s,2.46,0.88,39.2,17.6
sess001436,v70,quest3s,2.12,1.26,42.9,17.6
sess001437,v69,quest3s,3.68,1.49,38.6,16.8
sess001438,v70,quest3,2.61,0.61,39.5,22.1
sess001439,v69,quest3s,3.18,2.47,42.4,18.3
sess001440,v69,quest3,2.14,1.5,43.8,16.6
sess001441,v68,quest3s,2.0,1.8,48.3,15.9
sess001442,v68,quest3,1.87,0.58,39.9,16.9
sess001443,v69,quest3,1.42,0.93,47.8,21.4
sess001444,v69,quest3s,3.73,1.63,43.6,18.2
sess001445,v69,quest3s,2.74,2.17,46.4,19.0
sess001446,v69,quest3s,3.3,2.35,44.3,19.8
sess001447,v70,quest3,3.11,1.61,42.3,17.2
sess001448,v70,quest3,3.0,1.18,36.2,19.1
sess001449,v70,quest3,2.03,1.54,38.6,18.3
sess001450,v70,quest3,2.6,1.92,39.6,19.4
sess001451,v69,quest3s,3.14,1.99,42.6,16.8
sess001452,v69,quest3s,1.83,1.96,39.1,20.2
sess001453,v70,quest3s,2.49,1.27,46.9,20.3
sess001454,v68,quest3,2.33,1.27,39.8,17.8
sess001455,v70,quest3s,2.94,1.21,38.0,20.9
sess001456,v70,quest3s,2.07,1.45,43.7,18.9
sess001457,v70,quest3s,2.17,0.72,39.1,18.4
sess001458,v68,quest3s,1.5,1.02,32.5,19.6
sess001459,v70,quest3s,1.04,0.29,43.5,20.3
sess001460,v68,quest3s,2.47,1.29,41.9,17.6
sess001461,v69,quest3s,3.31,2.17,40.2,17.4
sess001462,v70,quest3,1.63,0.39,36.9,20.0
sess001463,v70,quest3,1.71,1.75,45.7,20.6
sess001464,v70,quest3,2.67,1.23,43.6,18.8
sess001465,v69,quest3s,2.61,2.28,39.7,17.7
sess001466,v70,quest3s,2.54,1.61,45.4,18.6
sess001467,v69,quest3s,2.87,2.13,40.8,19.3
sess001468,v70,quest3s,1.89,1.15,43.0,19.6
sess001469,v68,quest3,2.35,1.01,42.6,15.2
sess001470,v68,quest3s,2.67,1.32,45.8,16.8
sess001471,v68,quest3,1.56,1.64,41.2,17.4
sess001472,v68,quest3s,2.23,0.57,43.3,18.8
sess001473,v68,quest3s,2.01,1.29,43.6,15.4
sess001474,v68,quest3,2.13,1.44,41.4,19.0
sess001475,v68,quest3,1.55,1.92,39.6,17.4
sess001476,v69,quest3s,3.19,2.57,42.8,17.0
sess001477,v70,quest3,2.07,1.16,41.4,22.2
sess001478,v69,quest3,2.13,1.09,49.2,17.4
sess001479,v70,quest3,2.73,1.88,35.1,16.2
sess001480,v69,quest3,1.35,1.48,37.5,17.9
sess001481,v68,quest3,3.28,1.21,38.8,16.8
sess001482,v68,quest3s,2.14,1.43,41.6,19.3
sess001483,v68,quest3s,2.22,1.49,41.9,19.5
sess001484,v70,quest3,2.26,1.45,38.1,18.9
sess001485,v70,quest3s,2.8,1.25,44.2,19.4
sess001486,v69,quest3,2.25,1.1,42.1,17.3
sess001487,v70,quest3s,2.04,1.16,46.6,16.3
sess001488,v68,quest3s,1.89,1.68,31.5,19.5
sess001489,v70,quest3,2.22,1.24,42.8,17.6
sess001490,v68,quest3s,1.9,1.1,37.7,18.0
sess001491,v69,quest3s,2.84,2.4,45.4,18.2
sess001492,v70,quest3s,2.37,1.09,41.6,20.8
sess001493,v70,quest3,2.03,0.81,43.9,16.9
sess001494,v68,quest3,2.46,1.58,40.9,16.3
sess001495,v68,quest3,1.33,1.19,39.3,16.3
sess001496,v69,quest3s,3.05,2.07,39.1,18.0
sess001497,v69,quest3s,3.49,1.56,43.4,19.2
sess001498,v68,quest3s,2.18,1.23,32.9,18.7
sess001499,v70,quest3,1.63,1.43,46.5,22.0
sess001500,v69,quest3,2.71,1.29,36.0,19.3
sess001501,v70,quest3,2.1,1.36,44.3,21.4
sess001502,v68,quest3s,1.37,1.17,49.8,16.4
sess001503,v68,quest3,2.09,0.84,44.6,17.8
sess001504,v69,quest3,1.44,1.78,41.5,17.2
sess001505,v68,quest3,1.62,0.72,40.7,21.1
sess001506,v68,quest3s,1.59,1.26,35.1,18.9
sess001507,v68,quest3s,2.36,0.97,33.9,18.5
sess001508,v69,quest3,1.91,1.2,42.5,19.7
sess001509,v69,quest3,1.77,1.08,39.7,17.7
sess001510,v68,quest3,2.71,1.89,41.7,18.7
sess001511,v69,quest3s,3.04,2.07,45.9,17.5
sess001512,v69,quest3s,2.84,1.87,43.8,16.7
sess001513,v69,quest3s,2.25,2.25,44.5,17.0
sess001514,v70,quest3,1.97,1.51,46.5,19.2
sess001515,v68,quest3s,1.94,1.79,44.0,17.8
sess001516,v70,quest3s,1.65,1.14,40.9,18.6
sess001517,v68,quest3s,2.04,1.16,38.0,18.3
sess001518,v70,quest3,1.54,1.09,42.1,16.7
sess001519,v70,quest3,2.16,2.2,42.0,17.5
sess001520,v70,quest3,2.7,1.1,44.5,16.2
sess001521,v68,quest3,2.6,0.91,44.2,19.0
sess001522,v69,quest3,1.63,0.92,45.4,15.7
sess001523,v68,quest3,2.04,1.49,43.6,18.6
sess001524,v69,quest3s,2.07,1.5,40.9,20.3
sess001525,v68,quest3,1.96,1.15,38.8,16.1
sess001526,v68,quest3s,2.29,1.09,40.1,16.1
sess001527,v70,quest3,2.13,1.85,48.3,18.7
sess001528,v69,quest3s,2.83,1.8,43.4,17.0
sess001529,v70,quest3s,2.29,1.24,42.6,18.5
sess001530,v69,quest3s,2.9,1.97,48.4,17.9
sess001531,v68,quest3,1.2,1.51,36.0,17.9
sess001532,v68,quest3s,2.33,0.86,32.3,16.8
sess001533,v69,quest3,2.28,1.7,45.9,17.4
sess001534,v70,quest3,1.36,2.03,45.2,19.5
sess001535,v68,quest3,1.98,1.29,41.5,15.7
sess001536,v69,quest3s,3.38,1.55,29.2,19.2
sess001537,v68,quest3,1.82,1.76,40.3,18.9
sess001538,v70,quest3s,2.68,1.35,41.0,18.0
sess001539,v70,quest3,2.02,0.26,38.4,18.6
sess001540,v69,quest3s,2.41,2.24,42.6,18.0
sess001541,v68,quest3,2.17,1.49,34.5,18.2
sess001542,v68,quest3,2.27,0.72,43.3,19.6
sess001543,v70,quest3s,1.92,1.07,52.3,16.0
sess001544,v70,quest3,2.21,1.45,37.0,18.5
sess001545,v68,quest3,2.38,1.02,43.1,16.7
sess001546,v68,quest3s,1.81,1.39,36.8,18.7
sess001547,v68,quest3,2.46,2.26,48.3,19.5
sess001548,v68,quest3s,2.6,1.81,35.1,19.0
sess001549,v68,quest3,2.01,1.74,44.2,21.1
sess001550,v68,quest3s,1.66,1.9,41.7,17.9
sess001551,v69,quest3,1.65,1.26,42.7,20.6
sess001552,v68,quest3s,1.14,1.23,42.1,19.4
sess001553,v70,quest3s,2.33,1.13,47.3,22.2
sess001554,v69,quest3s,3.44,1.75,42.2,20.7
sess001555,v69,quest3,2.35,1.3,47.6,17.0
sess001556,v68,quest3s,1.98,1.38,38.8,20.1
sess001557,v69,quest3,1.67,0.79,36.3,18.2
sess001558,v68,quest3,1.28,1.25,37.4,18.4
sess001559,v69,quest3,1.84,0.74,34.6,16.3
sess001560,v68,quest3s,2.21,1.45,47.3,16.2
sess001561,v70,quest3s,1.83,1.09,40.1,19.6
sess001562,v70,quest3,2.31,1.37,39.7,16.7
sess001563,v69,quest3s,3.8,2.14,36.3,16.0
sess001564,v69,quest3s,3.81,1.76,36.4,17.6
sess001565,v68,quest3s,1.32,0.58,45.1,16.7
sess001566,v68,quest3s,0.99,1.62,39.1,18.4
sess001567,v70,quest3,3.54,1.73,50.1,19.1
sess001568,v70,quest3s,1.95,0.27,46.9,18.7
sess001569,v69,quest3s,3.64,2.11,40.8,21.6
sess001570,v70,quest3,1.75,1.41,43.0,17.0
sess001571,v68,quest3,2.2,0.87,51.6,18.3
sess001572,v68,quest3,1.26,1.69,43.4,16.6
sess001573,v68,quest3s,1.87,0.97,35.1,20.0
sess001574,v70,quest3,1.8,1.34,46.0,20.5
sess001575,v70,quest3s,1.96,1.3,40.7,20.4
sess001576,v69,quest3s,2.4,1.66,43.5,18.4
sess001577,v70,quest3,1.35,1.16,38.8,18.9
sess001578,v68,quest3s,2.06,1.05,38.7,16.7
sess001579,v70,quest3s,2.57,0.73,41.3,21.0
sess001580,v68,quest3,2.23,1.14,41.0,16.6
sess001581,v69,quest3,2.3,0.89,44.5,18.4
sess001582,v69,quest3,2.27,2.19,48.3,17.4
sess001583,v68,quest3,2.29,0.92,46.4,18.1
sess001584,v69,quest3,2.02,1.62,39.6,18.4
sess001585,v68,quest3,2.57,0.28,44.9,17.7
sess001586,v70,quest3s,1.62,0.78,39.0,19.5
sess001587,v68,quest3s,2.34,0.97,49.2,18.3
sess001588,v68,quest3s,2.53,0.86,41.3,16.6
sess001589,v68,quest3s,3.15,0.94,36.7,18.2
sess001590,v70,quest3s,1.79,2.14,41.3,14.8
sess001591,v70,quest3,1.85,0.1,43.2,20.6
sess001592,v69,quest3s,3.12,1.36,48.4,18.6
sess001593,v69,quest3,1.99,1.28,44.9,18.7
sess001594,v69,quest3s,2.72,1.37,43.4,18.3
sess001595,v69,quest3,1.91,1.53,46.5,18.4
sess001596,v70,quest3,1.61,1.35,40.5,18.0
sess001597,v70,quest3,2.33,2.03,41.6,20.7
sess001598,v70,quest3s,2.06,1.98,43.4,20.2
sess001599,v69,quest3s,3.06,2.06,44.0,18.6
sess001600,v70,quest3s,2.46,0.3,44.5,20.5
sess001601,v68,quest3s,2.77,0.94,38.7,19.5
sess001602,v68,quest3s,1.71,0.3,41.4,19.4
sess001603,v70,quest3s,2.27,1.33,45.9,20.7
sess001604,v68,quest3s,2.5,0.93,38.9,15.0
sess001605,v70,quest3,2.02,1.57,35.1,17.9
sess001606,v68,quest3s,2.36,1.73,44.1,18.7
sess001607,v68,quest3,2.18,0.96,39.8,18.9
sess001608,v68,quest3s,1.86,1.33,43.1,20.0
sess001609,v70,quest3s,3.03,1.35,41.4,20.3
sess001610,v69,quest3,2.17,1.41,41.5,18.3
sess001611,v68,quest3,1.84,0.75,46.3,16.1
sess001612,v70,quest3s,2.66,1.48,47.6,20.1
sess001613,v68,quest3s,1.81,1.44,46.9,20.8
sess001614,v68,quest3,1.46,1.62,33.7,16.9
sess001615,v69,quest3,2.31,0.92,43.1,17.9
sess001616,v70,quest3s,1.42,1.2,40.0,18.7
sess001617,v68,quest3,1.66,1.41,41.0,18.6
sess001618,v70,quest3,2.79,1.68,37.6,18.8
sess001619,v68,quest3,1.38,0.99,37.8,17.1
sess001620,v69,quest3s,3.5,2.42,34.2,18.4
sess001621,v68,quest3,1.83,1.23,48.1,18.7
sess001622,v68,quest3s,1.4,0.99,45.0,17.6
sess001623,v68,quest3,2.4,1.27,39.8,17.3
sess001624,v68,quest3,2.46,1.72,42.4,17.6
sess001625,v70,quest3,2.48,0.96,38.4,20.0
sess001626,v70,quest3s,4.2,2.33,38.8,19.1
sess001627,v69,quest3,2.0,2.09,41.6,14.9
sess001628,v69,quest3,2.2,2.0,36.7,15.8
sess001629,v68,quest3,2.11,1.15,41.8,16.1
sess001630,v69,quest3,2.05,1.26,50.6,18.3
sess001631,v70,quest3,2.39,1.53,42.4,20.1
sess001632,v70,quest3s,2.14,1.14,39.6,19.3
sess001633,v70,quest3,2.37,0.78,42.1,20.7
sess001634,v68,quest3,2.29,1.2,45.1,18.7
sess001635,v70,quest3,2.19,1.33,43.2,20.4
sess001636,v68,quest3,2.54,0.72,35.1,20.8
sess001637,v69,quest3,2.31,1.93,45.8,18.6
sess001638,v70,quest3,1.97,1.3,51.0,21.4
sess001639,v69,quest3s,3.3,2.01,36.5,19.2
sess001640,v69,quest3,1.98,1.38,44.9,18.9
sess001641,v70,quest3s,1.44,1.33,37.2,18.3
sess001642,v68,quest3,2.5,1.35,48.0,17.4
sess001643,v68,quest3s,2.13,1.52,39.2,18.5
sess001644,v70,quest3s,1.74,1.53,31.7,19.2
sess001645,v69,quest3s,2.46,2.75,45.7,16.9
sess001646,v69,quest3,1.5,0.49,45.6,19.2
sess001647,v68,quest3,2.36,1.31,37.1,19.1
sess001648,v70,quest3s,1.58,0.79,40.6,20.1
sess001649,v70,quest3s,2.36,0.73,41.6,21.6
sess001650,v68,quest3,2.22,1.44,42.6,19.4
sess001651,v69,quest3,1.54,1.7,43.8,16.8
sess001652,v69,quest3s,2.43,2.2,46.4,18.0
sess001653,v68,quest3,1.66,1.19,37.0,18.6
sess001654,v68,quest3,2.16,1.09,45.3,18.7
sess001655,v70,quest3s,2.5,1.3,45.7,17.3
sess001656,v69,quest3s,2.04,1.54,40.2,18.9
sess001657,v68,quest3,2.68,1.15,47.6,20.1
sess001658,v68,quest3,2.36,1.13,41.8,17.6
sess001659,v69,quest3s,4.2,1.98,40.6,17.1
sess001660,v68,quest3s,1.61,0.22,47.6,18.9
sess001661,v70,quest3,1.41,1.04,38.8,19.3
sess001662,v69,quest3s,3.47,1.69,37.9,21.2
sess001663,v69,quest3s,3.16,0.99,45.2,19.5
sess001664,v68,quest3,1.97,1.29,42.6,17.8
sess001665,v70,quest3,1.75,1.23,38.5,19.5
sess001666,v70,quest3s,2.72,1.05,38.2,19.0
sess001667,v68,quest3s,1.26,1.84,36.7,19.2
sess001668,v68,quest3,2.01,0.65,39.3,16.1
sess001669,v69,quest3s,4.62,1.8,37.5,18.0
sess001670,v69,quest3,2.64,1.24,48.0,18.8
sess001671,v68,quest3s,2.24,1.49,42.1,18.7
sess001672,v69,quest3s,2.72,1.66,38.9,16.5
sess001673,v68,quest3s,2.35,1.6,31.6,15.3
sess001674,v70,quest3,3.21,0.5,42.0,18.8
sess001675,v68,quest3,2.28,0.97,46.5,21.5
sess001676,v69,quest3s,3.46,1.4,47.6,17.0
sess001677,v69,quest3s,2.9,1.88,45.0,18.9
sess001678,v70,quest3,1.99,1.02,45.0,18.7
sess001679,v70,quest3s,2.17,1.51,40.0,18.8
sess001680,v68,quest3s,1.99,1.23,42.7,19.5
sess001681,v70,quest3,1.04,1.7,42.1,19.4
sess001682,v68,quest3,1.36,1.08,41.3,17.9
sess001683,v69,quest3s,3.54,1.67,44.0,19.8
sess001684,v70,quest3s,2.32,0.8,45.0,19.9
sess001685,v68,quest3s,1.5,0.6,46.3,18.4
sess001686,v68,quest3,2.08,1.12,40.2,14.8
sess001687,v69,quest3,2.43,1.22,46.9,18.1
sess001688,v69,quest3,2.22,1.26,45.0,19.7
sess001689,v68,quest3,1.8,1.82,38.5,18.1
sess001690,v70,quest3s,2.7,1.36,40.6,18.2
sess001691,v70,quest3s,1.81,0.6,40.4,19.1
sess001692,v68,quest3,2.46,0.98,42.0,16.4
sess001693,v70,quest3s,1.44,0.73,34.5,18.6
sess001694,v68,quest3s,3.14,1.87,43.0,18.0
sess001695,v69,quest3,2.25,1.1,41.3,19.1
sess001696,v70,quest3s,2.56,1.9,35.5,17.7
sess001697,v69,quest3,2.05,1.39,45.6,18.1
sess001698,v70,quest3s,1.79,1.38,41.7,17.0
sess001699,v69,quest3,2.3,1.11,42.4,20.2
sess001700,v69,quest3s,1.9,2.17,37.2,17.3
sess001701,v68,quest3,1.65,1.21,40.6,17.5
sess001702,v68,quest3s,1.48,1.29,41.9,17.3
sess001703,v68,quest3s,1.48,1.49,37.3,17.2
sess001704,v69,quest3,2.62,1.62,48.6,19.3
sess001705,v70,quest3s,1.61,1.3,37.3,20.1
sess001706,v69,quest3,1.81,0.97,43.5,17.6
sess001707,v68,quest3s,1.86,1.07,41.0,17.2
sess001708,v70,quest3s,2.82,1.54,41.2,17.3
sess001709,v68,quest3,2.54,1.07,41.1,17.0
sess001710,v70,quest3,1.68,0.89,44.0,19.8
sess001711,v68,quest3s,1.89,1.67,43.2,15.6
sess001712,v70,quest3,2.5,0.75,44.2,20.0
sess001713,v68,quest3s,2.18,0.63,42.9,17.3
sess001714,v70,quest3,1.81,1.51,35.7,16.9
sess001715,v69,quest3s,2.97,2.28,44.3,18.9
sess001716,v68,quest3s,1.78,0.34,45.7,15.5
sess001717,v70,quest3s,2.06,1.2,42.9,17.7
sess001718,v68,quest3s,2.78,1.55,42.2,19.6
sess001719,v68,quest3s,1.69,1.6,40.5,19.6
sess001720,v68,quest3s,2.25,1.63,43.3,19.6
sess001721,v68,quest3,2.85,1.11,44.2,18.9
sess001722,v69,quest3,1.73,1.07,40.5,19.4
sess001723,v70,quest3s,2.54,1.44,46.1,19.2
sess001724,v70,quest3,1.83,1.47,38.2,19.2
sess001725,v68,quest3s,2.36,0.89,42.5,16.2
sess001726,v70,quest3,1.41,1.03,49.9,21.7
sess001727,v69,quest3,2.12,0.95,36.4,15.0
sess001728,v68,quest3s,2.09,0.61,51.8,15.3
sess001729,v70,quest3,2.02,1.49,42.2,18.3
sess001730,v69,quest3,1.82,1.4,42.5,19.8
sess001731,v68,quest3,2.32,1.88,36.7,17.5
sess001732,v69,quest3s,3.01,1.91,34.5,19.0
sess001733,v69,quest3s,2.94,2.04,52.1,17.8
sess001734,v69,quest3s,2.65,1.84,43.2,21.1
sess001735,v68,quest3,1.26,0.94,41.8,15.3
sess001736,v69,quest3s,2.68,2.17,40.5,17.9
sess001737,v70,quest3s,2.66,0.82,42.4,20.8
sess001738,v69,quest3s,3.23,2.36,43.4,21.3
sess001739,v69,quest3s,3.17,2.5,46.8,17.5
sess001740,v69,quest3s,2.61,2.3,44.0,21.2
sess001741,v70,quest3s,2.02,0.99,50.0,17.0
sess001742,v70,quest3s,2.95,1.15,40.7,22.2
sess001743,v70,quest3,1.76,2.08,41.3,18.9
sess001744,v69,quest3,2.02,1.25,48.7,18.4
sess001745,v69,quest3s,3.14,1.23,49.0,19.1
sess001746,v70,quest3s,1.02,0.79,41.2,20.5
sess001747,v68,quest3,2.3,1.43,47.3,16.9
sess001748,v68,quest3s,3.37,0.96,37.2,18.2
sess001749,v70,quest3s,2.76,1.07,34.9,19.1
sess001750,v69,quest3,2.46,0.9,36.7,18.6
sess001751,v68,quest3,1.61,1.73,48.5,17.3
sess001752,v69,quest3,2.35,1.57,46.5,18.5
sess001753,v70,quest3s,2.2,1.64,42.6,18.0
sess001754,v69,quest3,2.3,0.78,50.2,19.5
sess001755,v69,quest3,2.4,1.48,45.5,19.2
sess001756,v70,quest3,2.21,1.77,45.9,19.1
sess001757,v70,quest3,2.06,0.8,42.5,15.6
sess001758,v68,quest3s,2.12,0.91,42.9,16.3
sess001759,v70,quest3,2.01,0.93,41.9,17.8
sess001760,v69,quest3s,4.09,2.28,43.0,17.3
sess001761,v69,quest3,2.0,0.51,38.5,20.5
sess001762,v70,quest3s,1.52,1.27,46.6,20.6
sess001763,v68,quest3,1.84,2.12,40.5,15.4
sess001764,v70,quest3s,1.59,0.37,43.9,18.7
sess001765,v69,quest3,2.53,0.69,45.8,17.2
sess001766,v69,quest3s,2.33,1.95,33.1,17.2
sess001767,v68,quest3s,2.74,0.75,44.5,17.3
sess001768,v68,quest3,1.72,1.12,42.7,21.1
sess001769,v69,quest3s,2.87,2.38,48.3,17.4
sess001770,v70,quest3,1.12,1.45,47.3,18.8
sess001771,v68,quest3s,1.99,0.8,45.1,18.0
sess001772,v68,quest3,2.08,0.94,45.6,18.1
sess001773,v68,quest3,1.49,1.76,46.0,18.3
sess001774,v69,quest3,3.09,1.41,44.2,19.8
sess001775,v68,quest3,1.65,1.07,46.0,16.7
sess001776,v70,quest3,2.9,0.84,40.9,18.5
sess001777,v69,quest3s,3.17,1.6,44.2,17.6
sess001778,v69,quest3s,2.97,2.25,48.6,16.5
sess001779,v69,quest3,1.96,1.68,40.6,19.7
sess001780,v68,quest3,2.32,0.33,41.3,17.8
sess001781,v68,quest3s,2.11,1.03,46.2,16.3
sess001782,v70,quest3s,2.67,0.0,47.1,20.7
sess001783,v68,quest3s,2.37,1.4,38.9,17.8
sess001784,v69,quest3,1.52,1.19,40.4,20.9
sess001785,v69,quest3,2.98,1.3,39.2,19.5
sess001786,v69,quest3,2.54,1.3,45.1,16.6
sess001787,v70,quest3s,1.83,1.58,35.7,19.5
sess001788,v68,quest3,2.19,1.39,40.1,18.0
sess001789,v69,quest3s,3.75,1.21,45.9,19.8
sess001790,v69,quest3,2.16,0.86,41.9,19.1
sess001791,v69,quest3,2.32,1.5,41.1,15.6
sess001792,v68,quest3s,1.55,1.69,40.1,19.1
sess001793,v69,quest3,2.49,0.55,44.5,19.4
sess001794,v69,quest3,1.98,0.8,34.4,17.0
sess001795,v69,quest3s,2.91,1.37,40.7,19.2
sess001796,v70,quest3s,2.44,1.11,40.9,20.9
sess001797,v69,quest3s,3.36,2.31,44.4,18.7
sess001798,v69,quest3,2.72,1.98,39.6,18.2
sess001799,v68,quest3,2.91,1.16,44.3,18.8
sess001800,v70,quest3s,1.63,1.52,45.1,22.0
sess001801,v69,quest3s,2.1,2.38,36.2,19.7
sess001802,v69,quest3s,3.34,1.98,44.1,18.3
sess001803,v70,quest3s,1.75,1.69,34.4,19.4
sess001804,v68,quest3,1.93,1.54,40.2,17.7
sess001805,v70,quest3,2.19,1.35,41.6,20.2
sess001806,v70,quest3s,2.38,0.93,49.1,19.6
sess001807,v69,quest3s,2.65,1.74,39.8,19.4
sess001808,v68,quest3,2.18,1.04,44.6,18.2
sess001809,v69,quest3,2.01,1.06,37.3,16.2
sess001810,v70,quest3,2.51,0.98,40.5,18.7
sess001811,v68,quest3s,2.1,1.29,43.4,17.8
sess001812,v68,quest3,2.32,1.06,36.6,17.3
sess001813,v70,quest3,2.63,0.93,37.5,18.7
sess001814,v70,quest3s,1.91,1.72,38.0,19.7
sess001815,v70,quest3s,2.13,1.32,45.7,19.7
sess001816,v70,quest3,2.72,1.02,35.2,19.3
sess001817,v68,quest3s,2.48,0.83,49.6,18.3
sess001818,v68,quest3,2.0,1.12,40.9,18.3
sess001819,v69,quest3s,3.01,1.69,42.6,20.2
sess001820,v69,quest3s,3.61,1.92,41.6,18.8
sess001821,v70,quest3s,2.22,1.32,42.2,20.5
sess001822,v69,quest3,1.21,1.51,40.1,19.2
sess001823,v68,quest3s,1.65,1.63,40.3,19.1
sess001824,v68,quest3,1.98,1.09,44.4,18.2
sess001825,v70,quest3s,2.32,1.24,49.6,19.9
sess001826,v69,quest3s,3.07,2.11,39.9,19.1
sess001827,v69,quest3,1.9,0.81,49.0,15.7
sess001828,v70,quest3,2.17,1.46,45.2,19.0
sess001829,v70,quest3s,2.05,1.04,45.0,18.5
sess001830,v70,quest3,2.69,1.65,40.9,18.6
sess001831,v69,quest3s,3.71,2.18,41.6,21.8
sess001832,v69,quest3s,2.76,2.11,45.8,17.2
sess001833,v68,quest3s,1.95,1.29,42.9,18.9
sess001834,v70,quest3,1.98,0.82,49.6,16.7
sess001835,v70,quest3s,2.56,1.26,45.9,19.6
sess001836,v69,quest3s,2.71,1.54,43.4,18.2
sess001837,v70,quest3,2.25,0.85,45.4,19.2
sess001838,v69,quest3,2.07,1.4,44.5,16.0
sess001839,v69,quest3,2.93,1.57,37.9,17.2
sess001840,v68,quest3,2.31,1.62,40.7,18.6
sess001841,v70,quest3s,2.18,1.21,42.3,20.9
sess001842,v69,quest3s,3.02,1.99,48.7,14.7
sess001843,v70,quest3,1.28,0.64,39.1,17.9
sess001844,v69,quest3,1.89,1.26,39.0,18.7
sess001845,v70,quest3s,2.18,1.05,41.4,13.9
sess001846,v69,quest3s,2.14,1.75,40.3,18.9
sess001847,v70,quest3s,2.29,0.53,41.4,14.2
sess001848,v68,quest3s,2.02,0.97,41.6,16.0
sess001849,v69,quest3,2.62,1.22,43.0,16.3
sess001850,v70,quest3,2.09,1.67,46.0,17.9
sess001851,v68,quest3,1.24,0.82,42.5,20.2
sess001852,v69,quest3,2.17,0.89,41.2,16.5
sess001853,v70,quest3s,2.2,1.53,38.5,20.1
sess001854,v70,quest3s,2.18,1.32,45.1,19.6
sess001855,v68,quest3,2.18,0.78,41.7,18.9
sess001856,v69,quest3,2.44,0.95,41.7,17.1
sess001857,v69,quest3s,2.93,2.25,47.2,19.5
sess001858,v68,quest3,2.33,0.7,40.8,14.6
sess001859,v69,quest3s,3.86,1.83,39.1,18.8
sess001860,v70,quest3s,2.09,1.05,44.3,21.8
sess001861,v69,quest3,2.15,0.52,40.7,16.8
sess001862,v69,quest3,0.96,0.22,39.0,16.6
sess001863,v70,quest3,2.55,2.02,52.2,17.8
sess001864,v70,quest3s,1.71,1.73,35.6,18.9
sess001865,v70,quest3,2.22,0.69,42.0,18.4
sess001866,v68,quest3,2.14,1.1,44.6,17.9
sess001867,v70,quest3,1.22,1.05,40.0,20.5
sess001868,v68,quest3,1.4,0.75,38.2,16.7
sess001869,v69,quest3s,3.38,1.55,42.2,22.6
sess001870,v68,quest3,2.24,1.04,37.2,20.2
sess001871,v70,quest3s,1.4,1.05,44.7,20.6
sess001872,v68,quest3s,2.63,1.47,46.8,20.8
sess001873,v68,quest3,1.96,1.62,38.8,19.8
sess001874,v69,quest3,2.48,1.47,44.3,17.5
sess001875,v68,quest3,2.71,1.35,47.6,16.1
sess001876,v69,quest3,2.05,1.19,50.4,19.9
sess001877,v69,quest3,2.37,1.13,32.5,17.1
sess001878,v69,quest3s,3.33,1.81,46.3,18.7
sess001879,v68,quest3s,2.42,1.22,36.1,14.4
sess001880,v68,quest3,3.4,1.06,41.0,17.6
sess001881,v70,quest3s,3.32,1.75,47.1,20.4
sess001882,v70,quest3,1.93,2.09,49.9,17.5
sess001883,v68,quest3,2.32,1.57,39.3,18.1
sess001884,v70,quest3,2.19,1.2,40.3,19.7
sess001885,v68,quest3,1.74,1.6,40.4,17.8
sess001886,v68,quest3,1.9,1.3,39.7,18.8
sess001887,v69,quest3s,3.49,1.95,36.3,16.2
sess001888,v69,quest3,3.33,1.39,37.1,18.7
sess001889,v68,quest3,1.82,1.71,45.9,17.0
sess001890,v68,quest3,1.94,1.73,37.1,17.5
sess001891,v68,quest3,1.6,1.26,43.8,16.4
sess001892,v69,quest3s,3.0,2.23,46.1,18.2
sess001893,v69,quest3s,3.33,2.65,37.2,16.1
sess001894,v68,quest3s,2.64,1.71,37.9,16.2
sess001895,v68,quest3,2.34,1.74,40.2,20.3
sess001896,v69,quest3,2.8,0.89,41.9,17.9
sess001897,v69,quest3,2.15,0.76,41.2,18.5
sess001898,v69,quest3s,3.23,1.73,39.2,18.0
sess001899,v70,quest3s,1.84,1.27,38.9,17.9
sess001900,v68,quest3s,2.59,1.04,40.0,18.5
sess001901,v70,quest3s,1.41,1.26,35.1,16.9
sess001902,v69,quest3s,2.91,1.54,42.3,17.0
sess001903,v70,quest3,2.23,1.91,39.3,18.8
sess001904,v69,quest3s,2.31,1.38,50.1,18.1
sess001905,v69,quest3s,3.49,1.72,45.2,15.3
sess001906,v68,quest3,2.42,1.02,44.5,19.1
sess001907,v70,quest3,1.87,0.84,39.5,17.8
sess001908,v69,quest3s,2.55,1.03,44.7,21.9
sess001909,v69,quest3s,2.43,1.26,46.1,19.0
sess001910,v69,quest3s,2.53,1.36,43.5,18.4
sess001911,v68,quest3s,2.73,1.26,45.0,18.7
sess001912,v69,quest3,2.41,0.87,47.7,18.1
sess001913,v70,quest3,1.19,0.75,42.8,20.8
sess001914,v70,quest3s,1.55,1.7,45.1,17.2
sess001915,v69,quest3,3.26,1.19,31.5,18.0
sess001916,v70,quest3,1.49,1.12,44.7,17.7
sess001917,v70,quest3,2.65,0.56,45.7,19.5
sess001918,v68,quest3,2.37,1.41,49.8,17.9
sess001919,v70,quest3,2.11,0.97,44.0,17.8
sess001920,v68,quest3,1.6,1.65,39.0,18.2
sess001921,v70,quest3s,3.72,1.12,39.9,17.2
sess001922,v68,quest3,2.15,1.39,42.7,17.5
sess001923,v69,quest3s,3.56,1.59,41.0,18.3
sess001924,v68,quest3,1.8,1.46,39.6,18.4
sess001925,v69,quest3,1.96,1.29,43.7,18.4
sess001926,v68,quest3,2.58,1.49,41.2,18.2
sess001927,v68,quest3s,1.79,0.79,46.2,19.6
sess001928,v68,quest3s,3.09,0.87,40.0,18.4
sess001929,v69,quest3s,2.52,1.36,41.7,15.6
sess001930,v69,quest3,1.47,1.26,41.9,15.9
sess001931,v69,quest3,2.41,0.56,43.8,19.2
sess001932,v70,quest3,1.8,1.41,52.9,17.4
sess001933,v70,quest3s,2.11,0.59,45.3,19.1
sess001934,v69,quest3,2.58,1.67,39.8,15.2
sess001935,v69,quest3,2.44,1.47,40.9,18.0
sess001936,v70,quest3,1.68,1.24,43.4,19.3
sess001937,v70,quest3,2.73,0.79,40.7,16.8
sess001938,v68,quest3,2.41,1.8,41.4,18.7
sess001939,v68,quest3,2.27,1.17,36.2,17.7
sess001940,v69,quest3,2.52,0.79,47.0,17.3
sess001941,v70,quest3s,2.25,1.46,40.4,19.1
sess001942,v68,quest3s,2.2,1.55,42.6,15.1
sess001943,v70,quest3s,2.91,1.73,44.2,19.5
sess001944,v68,quest3s,1.89,0.49,39.3,18.7
sess001945,v68,quest3s,1.67,1.49,44.3,19.3
sess001946,v69,quest3s,3.45,1.58,44.4,17.5
sess001947,v69,quest3,3.03,1.35,47.8,19.1
sess001948,v69,quest3s,3.18,1.89,43.2,14.8
sess001949,v70,quest3s,1.89,1.05,42.2,19.1
sess001950,v70,quest3,2.52,0.92,41.4,19.2
sess001951,v68,quest3s,2.03,0.8,42.5,18.0
sess001952,v70,quest3s,1.11,1.67,46.7,18.5
sess001953,v70,quest3,1.72,1.51,41.0,16.2
sess001954,v68,quest3,1.92,1.8,40.1,14.9
sess001955,v69,quest3s,3.16,1.93,41.6,19.4
sess001956,v68,quest3s,2.34,1.08,39.2,15.9
sess001957,v69,quest3,1.7,1.49,46.2,19.6
sess001958,v70,quest3,2.22,1.81,42.1,20.0
sess001959,v68,quest3,2.02,0.82,43.6,19.1
sess001960,v70,quest3,0.99,1.25,38.3,18.9
sess001961,v68,quest3,2.13,1.59,38.5,19.1
sess001962,v70,quest3s,1.45,1.36,39.0,19.4
sess001963,v68,quest3s,1.75,1.0,39.7,15.8
sess001964,v69,quest3s,3.27,1.21,41.1,17.7
sess001965,v69,quest3,2.24,1.25,38.3,17.9
sess001966,v68,quest3s,2.23,0.66,41.6,15.8
sess001967,v69,quest3,1.89,1.51,47.1,18.7
sess001968,v70,quest3,2.09,0.73,40.4,20.7
sess001969,v68,quest3s,1.44,0.88,48.7,20.7
sess001970,v69,quest3s,2.54,2.53,42.8,17.9
sess001971,v68,quest3,1.03,1.48,37.9,18.8
sess001972,v69,quest3s,3.42,1.94,40.0,16.0
sess001973,v70,quest3s,2.31,0.72,43.2,18.6
sess001974,v68,quest3s,1.32,1.37,47.6,16.2
sess001975,v69,quest3,2.58,0.54,36.9,17.3
sess001976,v70,quest3,2.17,0.88,41.3,18.3
sess001977,v70,quest3,2.36,1.27,48.4,18.4
sess001978,v69,quest3,2.73,1.57,41.1,18.3
sess001979,v68,quest3,2.67,1.62,42.1,17.9
sess001980,v68,quest3,2.13,1.67,40.9,20.6
sess001981,v69,quest3,1.91,1.03,36.6,18.2
sess001982,v69,quest3,1.75,1.2,43.5,19.7
sess001983,v70,quest3,2.4,1.0,45.5,21.2
sess001984,v69,quest3s,3.14,1.81,40.6,19.8
sess001985,v70,quest3,1.85,1.98,39.1,20.5
sess001986,v68,quest3,2.41,1.1,40.7,17.6
sess001987,v70,quest3,2.07,0.99,45.7,19.5
sess001988,v69,quest3s,2.46,1.85,43.0,17.8
sess001989,v69,quest3,2.13,1.59,40.1,14.8
sess001990,v70,quest3s,3.01,1.1,37.7,19.2
sess001991,v68,quest3,1.44,1.22,42.5,18.9
sess001992,v68,quest3s,1.27,1.66,43.9,18.0
sess001993,v68,quest3,2.57,1.12,40.6,16.3
sess001994,v70,quest3s,1.76,1.33,36.6,18.2
sess001995,v70,quest3s,2.13,0.9,38.3,19.3
sess001996,v69,quest3s,2.86,2.35,37.8,15.8
sess001997,v70,quest3,1.64,1.35,38.9,19.5
sess001998,v68,quest3,2.41,1.15,36.8,16.6
sess001999,v69,quest3,2.47,1.66,46.0,18.3
sess002000,v69,quest3s,2.8,1.88,46.1,17.8
sess002001,v69,quest3,2.92,1.29,37.8,18.6
sess002002,v70,quest3,1.82,1.22,38.2,20.9
sess002003,v70,quest3s,2.54,1.99,36.0,19.9
sess002004,v69,quest3s,3.48,1.52,41.9,17.8
sess002005,v70,quest3,3.08,1.02,42.3,19.1
sess002006,v70,quest3,2.3,1.71,44.6,21.2
sess002007,v70,quest3s,2.52,0.47,43.9,18.8
sess002008,v70,quest3,1.43,1.34,37.5,18.6
sess002009,v68,quest3s,2.03,0.53,41.8,17.1
sess002010,v70,quest3s,2.02,1.29,44.4,20.3
sess002011,v70,quest3s,1.08,1.23,38.6,19.0
sess002012,v70,quest3s,2.11,1.06,42.9,18.2
sess002013,v70,quest3s,1.65,0.82,42.2,19.0
sess002014,v69,quest3,1.34,1.22,45.8,18.3
sess002015,v69,quest3s,2.56,1.38,41.0,17.6
sess002016,v70,quest3,2.22,1.06,32.8,15.4
sess002017,v70,quest3,2.2,1.19,42.3,18.6
sess002018,v68,quest3s,2.45,0.85,39.2,16.9
sess002019,v68,quest3s,2.53,1.51,44.6,15.7
sess002020,v70,quest3,2.25,1.6,38.4,21.0
sess002021,v69,quest3s,3.03,2.0,44.6,17.7
sess002022,v70,quest3,1.89,1.19,43.8,17.5
sess002023,v68,quest3s,2.78,0.27,36.5,17.1
sess002024,v68,quest3s,1.71,1.27,36.8,17.1
sess002025,v68,quest3,2.74,0.9,42.8,16.1
sess002026,v69,quest3,3.1,0.92,46.8,18.5
sess002027,v69,quest3,3.15,1.3,39.7,16.9
sess002028,v69,quest3,1.44,1.6,41.3,20.9
sess002029,v68,quest3,2.31,1.43,39.6,17.7
sess002030,v69,quest3s,2.33,1.67,37.8,16.3
sess002031,v68,quest3s,2.93,1.01,34.3,18.1
sess002032,v69,quest3s,2.27,1.24,47.1,19.4
sess002033,v70,quest3s,2.59,1.15,40.9,18.9
sess002034,v70,quest3,2.56,1.03,56.8,17.6
sess002035,v69,quest3s,3.37,1.36,36.2,18.3
sess002036,v69,quest3s,3.32,2.06,43.0,16.6
sess002037,v70,quest3,3.05,1.27,48.1,18.9
sess002038,v70,quest3s,2.69,0.97,36.6,17.8
sess002039,v70,quest3,2.56,0.87,45.4,17.6
sess002040,v68,quest3s,2.44,1.28,44.0,17.9
sess002041,v70,quest3,2.36,1.74,44.8,18.0
sess002042,v70,quest3,1.58,0.85,44.7,18.0
sess002043,v68,quest3s,2.03,1.27,43.7,17.3
sess002044,v70,quest3s,2.62,0.49,36.3,19.9
sess002045,v69,quest3,2.79,1.99,39.5,16.5
sess002046,v68,quest3s,1.97,0.84,40.0,16.6
sess002047,v70,quest3,2.24,1.17,44.4,17.8
sess002048,v68,quest3,1.92,1.4,45.2,17.3
sess002049,v68,quest3,2.29,1.19,40.9,17.4
sess002050,v69,quest3,1.88,1.13,39.7,17.6
sess002051,v70,quest3,1.44,1.68,39.7,19.7
sess002052,v68,quest3s,1.57,0.8,44.8,18.8
sess002053,v69,quest3,1.51,1.37,42.3,17.1
sess002054,v68,quest3,2.72,1.55,53.0,15.5
sess002055,v70,quest3s,1.22,0.94,44.3,20.4
sess002056,v69,quest3,2.15,1.76,47.1,17.6
sess002057,v69,quest3,2.81,1.27,41.8,19.3
sess002058,v68,quest3,2.27,1.37,41.7,16.3
sess002059,v69,quest3,1.64,0.91,46.2,18.0
sess002060,v68,quest3s,2.13,1.11,40.1,17.6
sess002061,v70,quest3,1.98,1.0,43.4,18.4
sess002062,v68,quest3,1.57,1.4,44.0,19.7
sess002063,v69,quest3,1.63,0.9,45.6,18.0
sess002064,v69,quest3,1.47,1.96,42.2,17.0
sess002065,v70,quest3,1.88,0.43,42.2,17.0
sess002066,v70,quest3,1.33,1.21,43.5,21.4
sess002067,v70,quest3s,2.84,1.1,43.0,21.1
sess002068,v70,quest3,1.38,1.36,35.9,16.9
sess002069,v68,quest3,2.91,0.74,45.3,19.4
sess002070,v69,quest3,2.29,1.45,36.4,17.3
sess002071,v69,quest3,2.11,1.27,37.5,18.9
sess002072,v70,quest3s,2.04,1.85,43.9,19.3
sess002073,v68,quest3,2.96,0.31,42.7,18.1
sess002074,v68,quest3s,2.44,1.1,39.4,17.3
sess002075,v68,quest3,1.14,0.16,41.3,17.7
sess002076,v69,quest3,2.18,1.05,40.8,19.3
sess002077,v70,quest3s,2.12,1.29,44.9,19.2
sess002078,v69,quest3,2.97,1.27,43.6,19.5
sess002079,v70,quest3s,2.34,0.95,35.4,20.2
sess002080,v69,quest3,2.81,0.72,45.7,17.5
sess002081,v69,quest3,1.69,1.57,38.5,20.2
sess002082,v69,quest3s,3.11,1.72,36.5,18.3
sess002083,v69,quest3,1.93,1.6,42.5,18.3
sess002084,v70,quest3s,2.08,0.96,41.9,18.5
sess002085,v70,quest3s,1.32,1.33,39.1,18.9
sess002086,v69,quest3s,3.51,1.64,40.1,18.2
sess002087,v70,quest3,1.65,1.47,46.2,18.1
sess002088,v69,quest3s,3.2,1.91,35.0,19.8
sess002089,v69,quest3,1.76,1.86,40.4,19.3
sess002090,v69,quest3s,2.22,1.69,42.6,16.8
sess002091,v69,quest3s,4.01,1.94,45.3,15.7
sess002092,v69,quest3,1.99,1.61,47.3,17.9
sess002093,v68,quest3,1.34,1.53,40.6,19.6
sess002094,v69,quest3s,2.29,2.16,40.5,20.8
sess002095,v69,quest3,2.06,1.43,37.1,19.2
sess002096,v70,quest3s,3.13,1.26,39.8,17.3
sess002097,v69,quest3s,2.4,2.29,43.9,18.5
sess002098,v68,quest3,2.12,1.02,38.1,17.4
sess002099,v69,quest3,1.82,1.32,46.2,18.3
sess002100,v69,quest3s,2.54,1.34,43.6,19.8
sess002101,v68,quest3,2.12,1.3,43.8,19.8
sess002102,v69,quest3,2.65,1.51,49.1,15.3
sess002103,v69,quest3s,2.9,1.56,36.9,17.9
sess002104,v70,quest3s,2.4,0.85,35.7,20.0
sess002105,v68,quest3,1.67,1.43,47.1,18.2
sess002106,v68,quest3,1.48,0.89,41.2,15.8
sess002107,v70,quest3,1.97,1.86,33.9,19.7
sess002108,v69,quest3s,3.25,1.41,35.5,19.0
sess002109,v70,quest3,2.38,1.42,46.9,16.5
sess002110,v70,quest3,1.66,1.25,40.4,18.5
sess002111,v70,quest3,2.4,1.66,45.4,17.6
sess002112,v68,quest3s,2.19,1.25,40.9,15.4
sess002113,v68,quest3s,2.77,1.06,40.1,16.8
sess002114,v69,quest3s,3.77,1.47,46.0,16.1
sess002115,v70,quest3s,2.59,2.02,40.6,17.0
sess002116,v70,quest3,2.18,0.65,41.9,19.2
sess002117,v70,quest3,1.7,1.49,44.5,17.9
sess002118,v68,quest3s,3.04,0.93,44.1,16.1
sess002119,v68,quest3,2.13,1.68,41.7,19.4
sess002120,v68,quest3s,2.66,1.4,38.3,17.0
sess002121,v70,quest3s,1.76,0.54,43.4,20.8
sess002122,v70,quest3,2.6,0.75,39.7,16.9
sess002123,v69,quest3s,2.7,2.37,41.0,16.3
sess002124,v68,quest3,2.09,0.81,35.1,14.6
sess002125,v70,quest3,1.5,1.27,42.0,18.9
sess002126,v70,quest3,3.01,0.91,43.7,21.5
sess002127,v68,quest3s,1.76,0.81,44.0,16.8
sess002128,v70,quest3s,2.17,1.09,41.9,20.5
sess002129,v68,quest3s,2.05,1.16,40.3,19.6
sess002130,v68,quest3,1.93,2.12,43.7,17.5
sess002131,v69,quest3s,3.1,2.5,44.3,18.8
sess002132,v68,quest3,2.64,1.25,41.2,19.4
sess002133,v70,quest3,2.48,0.63,43.7,16.8
sess002134,v69,quest3,2.27,0.55,35.2,18.1
sess002135,v69,quest3s,3.51,1.42,49.3,18.2
sess002136,v69,quest3s,2.24,1.59,46.1,18.0
sess002137,v69,quest3s,3.01,1.65,43.3,18.3
sess002138,v70,quest3s,3.08,1.8,45.1,20.8
sess002139,v70,quest3,2.22,1.37,47.0,19.4
sess002140,v69,quest3s,3.46,2.5,45.7,17.7
sess002141,v70,quest3s,1.91,1.08,44.9,19.6
sess002142,v68,quest3s,1.46,0.7,44.4,17.6
sess002143,v68,quest3s,1.93,0.42,37.1,15.7
sess002144,v68,quest3s,1.77,0.57,42.8,19.5
sess002145,v70,quest3s,3.16,0.19,41.7,18.3
sess002146,v68,quest3,1.99,0.95,39.6,18.2
sess002147,v70,quest3,2.32,1.5,38.0,17.3
sess002148,v69,quest3,1.2,1.86,45.6,18.4
sess002149,v69,quest3s,2.94,1.88,40.4,18.9
sess002150,v69,quest3,1.92,1.44,45.2,20.5
sess002151,v68,quest3,2.88,0.98,41.0,19.9
sess002152,v70,quest3,1.97,1.2,42.1,19.8
sess002153,v69,quest3s,3.43,1.5,46.0,18.7
sess002154,v69,quest3,2.63,0.64,42.2,15.6
sess002155,v70,quest3s,1.69,1.32,47.2,19.1
sess002156,v68,quest3s,1.96,0.94,45.1,17.4
sess002157,v69,quest3,3.06,1.14,39.8,15.1
sess002158,v70,quest3,1.39,1.56,42.7,19.4
sess002159,v68,quest3,1.85,1.21,47.3,17.7
sess002160,v68,quest3,2.36,1.7,36.4,17.7
sess002161,v68,quest3,2.93,1.4,40.7,18.0
sess002162,v70,quest3,2.56,1.27,41.5,18.1
sess002163,v68,quest3,2.01,1.43,43.2,18.4
sess002164,v68,quest3,2.1,0.38,50.2,17.1
sess002165,v69,quest3s,3.35,1.58,44.7,17.0
sess002166,v68,quest3s,1.85,1.48,43.8,16.5
sess002167,v69,quest3s,2.94,1.84,42.8,18.6
sess002168,v69,quest3s,2.6,2.31,45.1,20.3
sess002169,v70,quest3s,2.12,1.48,41.3,20.7
sess002170,v70,quest3,2.27,0.82,38.4,22.2
sess002171,v68,quest3,2.44,1.04,39.2,18.9
sess002172,v69,quest3s,3.1,2.08,36.9,17.1
sess002173,v69,quest3s,3.05,2.07,37.5,17.2
sess002174,v68,quest3,1.31,1.28,42.9,16.3
sess002175,v69,quest3s,3.74,1.95,41.3,20.1
sess002176,v70,quest3,2.89,1.35,39.7,19.9
sess002177,v70,quest3s,2.59,1.11,47.3,18.3
sess002178,v68,quest3,3.27,1.69,33.6,19.5
sess002179,v68,quest3s,2.19,1.46,41.3,17.6
sess002180,v68,quest3s,1.69,1.02,38.1,18.5
sess002181,v69,quest3s,3.66,1.79,43.4,21.2
sess002182,v68,quest3s,2.69,0.43,36.3,18.4
sess002183,v70,quest3,1.49,1.37,40.6,20.9
sess002184,v68,quest3s,2.08,1.45,43.4,19.2
sess002185,v69,quest3s,3.31,1.83,42.4,20.3
sess002186,v70,quest3,2.35,1.0,39.1,19.2
sess002187,v69,quest3,2.37,0.51,45.6,18.5
sess002188,v69,quest3,2.01,1.29,43.3,18.1
sess002189,v70,quest3,2.92,1.6,35.6,18.7
sess002190,v70,quest3s,1.1,1.32,39.4,17.8
sess002191,v68,quest3,2.19,1.48,31.2,17.4
sess002192,v68,quest3s,1.74,0.99,32.9,18.4
sess002193,v69,quest3,3.09,1.56,40.6,19.0
sess002194,v68,quest3,1.75,1.33,43.8,19.1
sess002195,v68,quest3,2.93,0.4,45.8,19.4
sess002196,v69,quest3s,2.44,1.25,44.7,20.1
sess002197,v68,quest3s,3.36,1.25,40.4,16.7
sess002198,v70,quest3s,2.84,0.99,45.0,18.7
sess002199,v70,quest3,1.36,0.77,38.2,19.8
sess002200,v70,quest3s,2.27,0.64,46.1,16.2
sess002201,v70,quest3s,1.86,1.62,39.7,20.4
sess002202,v70,quest3,1.82,1.54,42.0,19.2
sess002203,v70,quest3,2.07,1.57,42.6,19.0
sess002204,v69,quest3,2.45,0.45,41.9,16.2
sess002205,v69,quest3,1.75,0.87,44.9,17.1
sess002206,v70,quest3,0.98,1.65,39.4,18.0
sess002207,v68,quest3,2.41,1.17,41.5,19.0
sess002208,v70,quest3,0.76,1.12,42.5,17.1
sess002209,v70,quest3s,2.53,1.16,42.6,18.0
sess002210,v70,quest3s,2.74,0.95,41.4,21.2
sess002211,v70,quest3,2.29,0.8,44.5,19.1
sess002212,v69,quest3s,3.08,1.79,41.3,16.4
sess002213,v68,quest3s,1.63,0.39,49.0,18.1
sess002214,v70,quest3,2.11,0.81,44.8,20.7
sess002215,v68,quest3s,1.72,0.88,44.7,19.9
sess002216,v70,quest3s,1.86,1.32,45.6,21.8
sess002217,v69,quest3s,3.23,1.73,44.6,22.4
sess002218,v69,quest3,1.92,1.17,36.7,19.1
sess002219,v68,quest3s,2.59,1.22,43.0,18.1
sess002220,v68,quest3s,1.41,0.78,44.0,19.4
sess002221,v69,quest3,1.64,1.29,40.9,18.1
sess002222,v70,quest3,2.42,0.94,46.5,15.5
sess002223,v69,quest3s,2.7,1.83,38.5,16.7
sess002224,v70,quest3,2.88,0.86,48.7,18.6
sess002225,v68,quest3s,1.88,0.64,45.4,18.6
sess002226,v68,quest3s,1.65,1.59,45.8,17.1
sess002227,v69,quest3s,3.4,2.07,46.1,17.9
sess002228,v70,quest3s,2.42,1.5,48.6,20.5
sess002229,v68,quest3s,2.02,1.12,41.8,19.0
sess002230,v68,quest3s,1.7,0.78,40.9,17.2
sess002231,v70,quest3s,2.78,0.86,41.5,19.8
sess002232,v68,quest3,2.96,1.9,38.6,19.2
sess002233,v69,quest3,1.43,0.94,33.3,19.3
sess002234,v69,quest3s,3.2,2.15,50.0,16.7
sess002235,v68,quest3s,2.59,1.04,46.2,17.1
sess002236,v68,quest3s,2.93,1.46,40.6,19.6
sess002237,v68,quest3,1.66,0.83,42.5,17.3
sess002238,v69,quest3s,2.81,2.29,40.7,16.0
sess002239,v69,quest3,1.21,0.78,41.9,20.2
sess002240,v70,quest3s,2.34,1.55,42.0,17.6
sess002241,v70,quest3,2.55,1.38,44.0,17.4
sess002242,v69,quest3,1.61,1.87,37.1,15.8
sess002243,v68,quest3,2.19,0.86,42.1,18.3
sess002244,v70,quest3,2.3,1.33,41.4,16.9
sess002245,v68,quest3s,1.72,0.69,47.4,20.5
sess002246,v70,quest3s,2.08,1.85,42.3,20.7
sess002247,v68,quest3s,1.74,1.2,46.8,15.9
sess002248,v70,quest3,2.47,1.59,39.9,21.4
sess002249,v70,quest3s,1.95,0.61,45.0,21.2
sess002250,v70,quest3,2.5,1.42,44.0,16.8
sess002251,v69,quest3,1.57,0.41,50.1,17.9
sess002252,v70,quest3s,1.79,1.29,41.2,18.9
sess002253,v70,quest3s,2.18,0.85,36.1,18.4
sess002254,v70,quest3,1.4,1.28,35.8,18.7
sess002255,v69,quest3,1.93,1.61,38.7,18.4
sess002256,v68,quest3,1.66,1.34,41.2,18.7
sess002257,v69,quest3,2.12,1.8,44.1,20.3
sess002258,v68,quest3s,2.4,1.18,34.0,20.3
sess002259,v68,quest3s,1.75,1.9,40.3,18.4
sess002260,v70,quest3s,1.88,1.22,37.9,19.7
sess002261,v68,quest3s,2.15,0.78,40.8,18.5
sess002262,v69,quest3,2.32,0.52,46.0,16.6
sess002263,v70,quest3,2.32,0.96,42.4,19.5
sess002264,v68,quest3s,2.46,1.81,42.3,17.7
sess002265,v70,quest3,2.75,0.74,41.3,18.2
sess002266,v70,quest3,2.55,1.57,40.7,20.2
sess002267,v69,quest3,1.8,0.53,47.5,19.3
sess002268,v69,quest3,1.92,1.19,37.1,17.8
sess002269,v68,quest3s,2.38,0.88,39.1,18.5
sess002270,v69,quest3s,2.92,2.06,46.7,18.6
sess002271,v69,quest3s,2.72,1.6,46.4,18.5
sess002272,v68,quest3,2.47,0.62,44.9,18.0
sess002273,v70,quest3,2.04,1.22,39.6,19.4
sess002274,v70,quest3s,2.59,1.66,40.1,20.6
sess002275,v70,quest3s,2.59,1.6,43.4,17.5
sess002276,v70,quest3s,1.98,1.25,48.8,21.5
sess002277,v70,quest3,1.75,1.35,31.1,19.9
sess002278,v68,quest3,2.27,1.55,34.7,17.2
sess002279,v69,quest3s,2.64,1.55,40.8,17.9
sess002280,v70,quest3,1.24,1.22,51.7,16.6
sess002281,v70,quest3s,2.94,0.98,46.6,16.7
sess002282,v69,quest3s,2.29,1.82,41.2,17.7
sess002283,v70,quest3,2.29,1.68,39.9,17.0
sess002284,v69,quest3,2.2,1.27,44.0,14.7
sess002285,v68,quest3,1.95,1.2,44.3,18.3
sess002286,v68,quest3s,2.22,0.71,39.8,16.9
sess002287,v68,quest3s,2.34,0.6,40.7,17.4
sess002288,v69,quest3,1.45,1.46,40.7,16.8
sess002289,v69,quest3s,3.73,2.14,34.1,17.6
sess002290,v70,quest3,2.56,2.18,41.1,18.8
sess002291,v68,quest3,1.39,1.56,39.4,19.5
sess002292,v69,quest3s,3.43,2.23,50.5,18.3
sess002293,v70,quest3,2.76,1.57,43.1,19.7
sess002294,v68,quest3,2.44,0.68,37.9,17.5
sess002295,v68,quest3s,2.42,0.91,38.4,19.5
sess002296,v70,quest3,2.64,0.45,41.6,18.9
sess002297,v68,quest3s,1.93,1.09,45.1,18.7
sess002298,v70,quest3,2.15,1.44,45.3,17.8
sess002299,v70,quest3,2.56,0.95,40.7,19.4
sess002300,v69,quest3,2.65,0.76,40.2,16.2
sess002301,v69,quest3s,2.96,1.94,46.6,16.5
sess002302,v68,quest3,1.59,1.3,42.8,18.6
sess002303,v68,quest3,1.11,1.3,40.0,17.9
sess002304,v68,quest3,2.09,1.13,44.2,18.4
sess002305,v70,quest3s,2.46,1.49,44.3,20.6
sess002306,v70,quest3,1.67,1.56,42.3,16.7
sess002307,v70,quest3,2.28,1.69,44.3,18.4
sess002308,v68,quest3,2.89,1.64,44.2,19.8
sess002309,v69,quest3s,2.5,1.82,45.4,15.9
sess002310,v68,quest3,3.18,1.32,45.0,18.8
sess002311,v70,quest3,2.47,1.2,47.6,23.8
sess002312,v68,quest3s,1.29,1.19,38.9,15.0
sess002313,v70,quest3,1.49,1.67,46.4,17.8
sess002314,v70,quest3s,2.43,1.36,42.1,18.2
sess002315,v69,quest3,2.6,1.22,46.4,18.5
sess002316,v70,quest3,1.34,1.52,41.7,17.7
sess002317,v68,quest3,2.19,0.54,49.3,18.5
sess002318,v70,quest3s,2.29,0.95,45.6,20.6
sess002319,v69,quest3,2.18,1.68,48.4,19.0
sess002320,v70,quest3,2.45,1.4,36.1,18.3
sess002321,v68,quest3,2.14,1.18,40.4,18.5
sess002322,v70,quest3s,1.56,1.03,38.4,19.5
sess002323,v70,quest3,1.64,1.79,43.1,21.8
sess002324,v68,quest3,2.65,1.39,47.8,20.2
sess002325,v68,quest3s,2.47,1.13,38.3,13.8
sess002326,v69,quest3s,1.84,1.81,41.4,18.3
sess002327,v68,quest3s,3.13,1.34,37.5,18.7
sess002328,v70,quest3,1.68,1.72,41.2,20.2
sess002329,v68,quest3s,2.2,0.95,46.9,16.9
sess002330,v68,quest3s,2.45,1.44,41.8,18.6
sess002331,v70,quest3,1.98,1.58,31.6,18.6
sess002332,v70,quest3s,1.99,0.97,43.2,18.9
sess002333,v70,quest3s,1.41,1.61,44.2,17.3
sess002334,v69,quest3s,2.6,2.2,41.3,19.0
sess002335,v68,quest3s,1.66,1.67,38.9,19.3
sess002336,v69,quest3s,2.92,1.99,39.2,19.3
sess002337,v68,quest3,1.76,1.61,39.4,16.9
sess002338,v68,quest3,1.56,1.06,41.5,18.0
sess002339,v68,quest3,2.05,0.23,44.5,18.4
sess002340,v68,quest3,2.4,1.12,44.3,18.2
sess002341,v68,quest3s,3.21,1.39,42.7,16.7
sess002342,v69,quest3s,4.01,0.86,42.6,17.3
sess002343,v70,quest3s,1.72,1.06,44.7,18.9
sess002344,v69,quest3,2.53,1.71,43.7,19.6
sess002345,v70,quest3,1.5,1.42,41.0,18.8
sess002346,v70,quest3s,2.61,1.13,47.0,17.1
sess002347,v70,quest3,2.14,0.89,38.2,17.2
sess002348,v69,quest3s,3.05,1.57,40.4,19.4
sess002349,v69,quest3s,2.79,1.94,47.6,18.0
sess002350,v68,quest3,2.19,1.44,44.2,17.4
sess002351,v70,quest3,1.49,0.13,35.6,16.8
sess002352,v70,quest3,1.99,1.01,44.9,21.8
sess002353,v70,quest3,2.09,0.93,42.2,18.7
sess002354,v68,quest3s,1.91,1.4,47.4,19.3
sess002355,v70,quest3s,1.27,1.79,42.0,20.4
sess002356,v70,quest3,1.67,1.39,38.0,19.4
sess002357,v70,quest3s,2.45,1.5,39.1,20.8
sess002358,v68,quest3,1.93,0.69,39.7,15.0
sess002359,v68,quest3,1.14,1.18,40.8,18.5
sess002360,v68,quest3,1.74,1.42,45.3,18.6
sess002361,v70,quest3,2.59,1.57,39.9,20.1
sess002362,v70,quest3,1.62,1.41,43.5,15.4
sess002363,v68,quest3s,2.46,1.41,40.8,14.2
sess002364,v69,quest3,2.12,1.74,40.5,18.8
sess002365,v69,quest3,1.91,1.57,37.9,19.3
sess002366,v69,quest3,2.61,1.39,44.5,20.3
sess002367,v68,quest3s,2.15,1.03,39.7,18.5
sess002368,v70,quest3s,1.39,1.71,44.5,17.5
sess002369,v69,quest3s,3.19,2.33,46.0,19.2
sess002370,v69,quest3,2.24,2.08,42.2,18.5
sess002371,v68,quest3s,1.97,0.8,41.4,18.7
sess002372,v69,quest3,2.35,1.55,44.4,18.9
sess002373,v70,quest3,1.24,0.89,46.5,20.4
sess002374,v70,quest3s,2.39,0.91,49.0,19.6
sess002375,v69,quest3s,3.1,1.92,40.2,18.0
sess002376,v70,quest3s,3.16,0.76,43.6,19.8
sess002377,v69,quest3,2.68,0.66,36.8,18.4
sess002378,v70,quest3s,1.49,1.02,36.1,20.9
sess002379,v70,quest3,1.75,1.63,49.0,16.2
sess002380,v69,quest3,2.9,1.11,42.3,18.8
sess002381,v68,quest3,2.23,1.61,39.6,19.3
sess002382,v70,quest3,1.5,1.36,42.8,17.1
sess002383,v70,quest3s,2.64,1.3,40.5,18.1
sess002384,v68,quest3s,2.74,0.52,42.0,16.9
sess002385,v69,quest3,1.91,1.45,45.6,17.7
sess002386,v70,quest3,2.02,1.09,41.4,16.2
sess002387,v69,quest3s,2.7,2.37,41.4,19.1
sess002388,v68,quest3,2.4,1.29,40.3,17.5
sess002389,v69,quest3s,3.33,0.78,43.7,19.7
sess002390,v70,quest3,1.49,1.38,38.9,21.1
sess002391,v69,quest3,2.94,1.63,41.8,19.3
sess002392,v69,quest3,2.81,1.54,47.7,18.6
sess002393,v70,quest3,1.91,1.63,49.5,21.5
sess002394,v69,quest3,1.22,1.21,41.4,17.3
sess002395,v69,quest3s,3.34,1.16,44.9,19.6
sess002396,v68,quest3,2.68,2.31,43.2,16.4
sess002397,v70,quest3,2.2,0.18,42.2,18.8
sess002398,v68,quest3,2.54,0.98,40.0,17.2
sess002399,v70,quest3s,1.6,1.63,38.7,18.3
sess002400,v69,quest3,2.53,1.81,35.6,18.1
sess002401,v69,quest3,2.78,1.44,43.5,16.9
sess002402,v70,quest3,1.71,1.01,43.5,20.9
sess002403,v69,quest3s,2.7,1.71,37.0,14.6
sess002404,v69,quest3s,3.06,2.01,37.0,17.5
sess002405,v68,quest3,2.43,0.62,48.6,20.4
sess002406,v70,quest3s,2.77,1.73,40.0,16.8
sess002407,v68,quest3s,1.43,0.9,41.8,19.5
sess002408,v69,quest3,1.98,1.32,48.8,18.7
sess002409,v70,quest3,2.01,1.2,41.6,19.3
sess002410,v68,quest3,1.91,0.84,37.1,18.3
sess002411,v68,quest3,2.21,1.38,42.1,16.7
sess002412,v68,quest3,2.2,1.35,54.0,17.9
sess002413,v68,quest3s,2.84,1.57,35.1,16.3
sess002414,v70,quest3,1.98,1.03,42.7,17.4
sess002415,v68,quest3s,1.36,1.06,51.1,17.5
sess002416,v69,quest3,2.61,1.57,38.9,17.3
sess002417,v69,quest3,2.44,1.92,42.4,16.3
sess002418,v68,quest3,2.33,0.24,43.3,16.8
sess002419,v69,quest3,1.58,1.05,42.1,17.7
sess002420,v68,quest3,1.96,1.29,40.8,17.7
sess002421,v68,quest3,1.38,0.99,39.4,16.0
sess002422,v70,quest3,1.75,0.54,43.6,18.3
sess002423,v69,quest3s,3.51,1.76,44.0,15.9
sess002424,v70,quest3,1.56,1.12,38.2,20.6
sess002425,v70,quest3s,1.99,0.96,39.5,16.4
sess002426,v68,quest3,1.68,1.22,43.3,21.2
sess002427,v68,quest3s,1.38,0.88,36.9,16.7
sess002428,v69,quest3,2.3,1.15,44.5,19.8
sess002429,v70,quest3,2.51,1.92,37.5,19.3
sess002430,v68,quest3s,2.41,1.25,44.6,16.6
sess002431,v69,quest3,2.0,1.2,46.6,17.2
sess002432,v70,quest3s,2.78,0.43,45.0,17.2
sess002433,v70,quest3s,2.64,0.7,44.4,20.7
sess002434,v69,quest3s,2.9,1.71,33.5,16.4
sess002435,v70,quest3s,2.3,2.26,38.6,16.7
sess002436,v70,quest3,1.33,1.37,46.8,17.9
sess002437,v69,quest3s,2.71,1.74,44.7,17.3
sess002438,v68,quest3,2.35,1.84,45.4,19.3
sess002439,v69,quest3,1.93,1.18,36.8,21.6
sess002440,v70,quest3,2.38,1.01,36.7,21.7
sess002441,v69,quest3,2.27,1.23,35.6,16.5
sess002442,v69,quest3s,3.12,2.34,42.1,18.4
sess002443,v70,quest3,2.22,0.9,50.9,16.5
sess002444,v69,quest3s,2.8,2.06,42.7,18.1
sess002445,v68,quest3,2.83,1.24,35.7,17.7
sess002446,v68,quest3,1.82,1.13,30.7,17.3
sess002447,v68,quest3s,2.14,1.62,39.8,19.6
sess002448,v68,quest3s,2.81,1.11,45.2,20.3
sess002449,v68,quest3,1.24,0.76,44.8,17.4
sess002450,v68,quest3s,2.46,1.49,41.5,20.3
sess002451,v68,quest3s,1.8,1.12,43.1,18.8
sess002452,v70,quest3,1.89,1.4,43.8,17.0
sess002453,v69,quest3,2.92,1.01,34.9,20.4
sess002454,v68,quest3s,2.88,1.17,49.3,18.0
sess002455,v69,quest3,2.76,1.16,41.3,20.1
sess002456,v68,quest3,1.42,0.97,36.6,18.8
sess002457,v70,quest3s,2.53,0.64,40.2,18.2
sess002458,v68,quest3,1.9,0.75,30.9,17.8
sess002459,v68,quest3,1.7,1.31,41.6,19.1
sess002460,v70,quest3s,2.9,1.94,41.0,17.2
sess002461,v69,quest3,2.8,1.5,41.1,15.7
sess002462,v68,quest3s,1.88,0.56,42.9,18.7
sess002463,v69,quest3,1.88,0.76,35.0,16.3
sess002464,v69,quest3,2.61,1.4,38.3,16.3
sess002465,v69,quest3s,2.97,2.55,50.6,19.8
sess002466,v68,quest3,2.94,1.54,42.4,20.0
sess002467,v70,quest3s,1.53,0.91,38.6,18.3
sess002468,v70,quest3s,1.93,1.74,43.8,19.3
sess002469,v69,quest3,2.58,1.6,36.7,16.5
sess002470,v69,quest3,2.61,0.69,37.9,17.7
sess002471,v68,quest3,1.06,1.22,42.7,17.9
sess002472,v69,quest3s,3.05,2.05,42.0,18.4
sess002473,v70,quest3s,1.5,0.85,39.6,17.5
sess002474,v70,quest3,1.93,0.77,42.7,19.3
sess002475,v69,quest3,1.67,0.86,41.6,17.4
sess002476,v68,quest3,2.52,1.48,43.6,17.9
sess002477,v69,quest3s,2.38,1.82,39.1,17.9
sess002478,v68,quest3s,1.83,0.8,45.1,18.3
sess002479,v68,quest3s,2.03,1.07,46.7,16.8
sess002480,v68,quest3s,1.77,0.91,34.7,18.5
sess002481,v68,quest3s,1.4,2.06,37.0,18.8
sess002482,v69,quest3,2.73,1.41,36.3,18.3
sess002483,v69,quest3,1.81,1.82,40.3,18.9
sess002484,v70,quest3s,1.61,1.3,44.0,18.6
sess002485,v69,quest3,1.5,1.14,42.8,16.8
sess002486,v68,quest3s,1.74,1.27,49.0,17.1
sess002487,v69,quest3,2.1,1.88,47.1,17.3
sess002488,v69,quest3s,2.84,1.88,42.7,16.1
sess002489,v68,quest3s,1.36,1.65,33.9,17.1
sess002490,v69,quest3,1.76,1.51,37.4,15.9
sess002491,v69,quest3s,3.36,2.53,39.1,16.3
sess002492,v69,quest3,2.25,0.45,46.8,17.0
sess002493,v70,quest3,1.95,0.9,39.4,18.5
sess002494,v68,quest3s,2.34,0.66,42.4,20.2
sess002495,v68,quest3,2.65,1.33,43.4,16.7
sess002496,v69,quest3s,3.04,1.73,45.1,18.3
sess002497,v70,quest3s,1.63,1.06,44.2,17.1
sess002498,v69,quest3,2.94,1.22,38.4,18.5
sess002499,v70,quest3,2.9,1.11,39.7,19.9
sess002500,v70,quest3s,1.44,0.76,40.4,16.3
sess002501,v70,quest3s,2.18,1.52,34.3,19.0
sess002502,v68,quest3,1.38,1.29,49.7,17.3
sess002503,v70,quest3s,3.07,1.5,39.1,18.4
sess002504,v68,quest3,2.47,0.56,41.7,20.5
sess002505,v70,quest3s,2.14,1.08,40.4,19.0
sess002506,v70,quest3s,2.92,1.69,40.5,18.9
sess002507,v69,quest3s,3.64,2.06,42.2,17.0
sess002508,v69,quest3s,2.84,2.07,44.9,17.0
sess002509,v69,quest3s,2.9,2.15,42.6,16.3
sess002510,v69,quest3s,2.85,2.01,37.6,20.6
sess002511,v69,quest3,2.58,0.73,40.8,17.2
sess002512,v68,quest3,2.88,1.42,44.4,18.8
sess002513,v70,quest3s,2.22,1.21,43.5,16.4
sess002514,v68,quest3,1.62,1.02,47.4,15.7
sess002515,v70,quest3,1.66,1.47,38.6,18.6
sess002516,v68,quest3s,2.19,1.12,45.4,17.2
sess002517,v68,quest3s,1.1,1.42,44.1,15.6
sess002518,v69,quest3,2.13,0.78,43.0,18.1
sess002519,v68,quest3,2.73,1.12,45.6,20.4
sess002520,v70,quest3s,2.12,1.21,43.5,19.8
sess002521,v69,quest3,1.96,1.53,41.6,19.8
sess002522,v68,quest3,2.17,1.33,44.4,20.7
sess002523,v70,quest3s,1.39,1.18,39.6,20.0
sess002524,v69,quest3,1.56,0.75,44.5,18.8
sess002525,v68,quest3,2.25,0.82,44.1,18.9
sess002526,v68,quest3s,2.22,1.27,43.7,19.8
sess002527,v70,quest3,2.18,1.14,45.1,16.7
sess002528,v70,quest3,2.77,1.21,41.7,19.8
sess002529,v68,quest3,1.76,0.28,40.9,17.0
sess002530,v70,quest3s,3.38,1.72,38.6,21.7
sess002531,v70,quest3s,1.67,1.08,43.8,19.5
sess002532,v68,quest3,2.35,1.35,53.2,16.1
sess002533,v70,quest3,2.69,1.2,41.7,17.5
sess002534,v68,quest3s,3.01,0.74,41.0,18.8
sess002535,v70,quest3,1.89,0.71,42.0,18.2
sess002536,v69,quest3s,3.29,1.04,39.3,18.6
sess002537,v68,quest3s,2.05,0.61,38.1,19.0
sess002538,v68,quest3,2.83,1.05,39.2,17.3
sess002539,v69,quest3,2.63,1.24,43.9,17.8
sess002540,v68,quest3,1.95,1.03,46.4,17.2
sess002541,v68,quest3s,1.66,1.8,41.7,20.7
sess002542,v70,quest3s,1.46,1.03,48.3,17.0
sess002543,v70,quest3,2.27,0.92,41.0,18.7
sess002544,v70,quest3,2.09,1.37,34.0,17.5
sess002545,v70,quest3,2.67,1.72,39.7,20.2
sess002546,v70,quest3s,1.79,1.68,48.0,17.3
sess002547,v68,quest3s,2.61,1.2,43.4,19.5
sess002548,v68,quest3s,1.63,0.62,40.1,15.8
sess002549,v70,quest3s,1.0,0.76,42.8,17.6
sess002550,v68,quest3,2.32,1.95,48.5,17.0
sess002551,v70,quest3,1.86,1.85,43.3,17.5
sess002552,v68,quest3s,1.16,1.2,39.4,20.9
sess002553,v70,quest3,2.04,1.42,37.9,17.9
sess002554,v68,quest3s,1.59,0.6,43.0,19.2
sess002555,v70,quest3s,2.38,1.45,43.5,18.5
sess002556,v69,quest3,1.42,0.98,49.9,20.5
sess002557,v69,quest3s,2.96,2.25,36.2,17.6
sess002558,v70,quest3s,1.99,1.0,37.4,19.3
sess002559,v68,quest3,1.76,0.65,46.0,20.3
sess002560,v70,quest3,2.93,0.81,39.4,18.3
sess002561,v70,quest3s,1.6,1.46,43.7,17.8
sess002562,v70,quest3,2.3,1.26,39.4,20.4
sess002563,v70,quest3,2.94,1.01,45.5,21.1
sess002564,v68,quest3,2.69,0.51,41.5,17.9
sess002565,v68,quest3s,2.0,0.82,39.9,17.4
sess002566,v70,quest3s,1.65,0.53,40.7,19.8
sess002567,v70,quest3,2.61,1.15,44.6,18.8
sess002568,v70,quest3,2.83,1.03,42.4,18.3
sess002569,v70,quest3s,2.88,2.0,40.6,16.0
sess002570,v70,quest3s,1.92,0.94,43.2,17.2
sess002571,v69,quest3,1.94,1.33,45.1,18.1
sess002572,v68,quest3,1.38,1.63,48.7,17.2
sess002573,v69,quest3,2.42,1.03,42.4,19.6
sess002574,v70,quest3,3.08,0.79,42.0,18.4
sess002575,v68,quest3,2.1,0.97,41.8,17.8
sess002576,v69,quest3s,2.61,1.57,38.9,16.4
sess002577,v69,quest3s,3.07,2.13,42.8,17.2
sess002578,v68,quest3,2.41,0.56,41.8,18.6
sess002579,v70,quest3,2.23,1.39,42.2,18.5
sess002580,v69,quest3s,2.88,2.69,39.7,20.0
sess002581,v68,quest3s,1.23,1.6,43.3,19.4
sess002582,v69,quest3,0.99,1.29,45.1,19.0
sess002583,v70,quest3,1.84,0.58,42.0,19.2
sess002584,v68,quest3s,1.57,1.34,41.5,17.4
sess002585,v69,quest3s,3.75,1.49,36.4,18.3
sess002586,v68,quest3s,2.21,1.31,36.8,18.0
sess002587,v70,quest3s,1.81,1.03,42.0,15.7
sess002588,v69,quest3s,3.17,2.04,47.4,19.6
sess002589,v69,quest3s,3.53,1.8,41.8,15.3
sess002590,v68,quest3,2.3,0.77,39.9,16.0
sess002591,v70,quest3s,2.83,1.22,45.7,19.5
sess002592,v68,quest3,1.26,0.78,42.6,14.0
sess002593,v70,quest3s,2.75,1.35,39.9,18.0
sess002594,v69,quest3,2.65,1.49,35.9,18.1
sess002595,v70,quest3s,1.85,1.67,42.3,18.5
sess002596,v69,quest3s,3.28,1.68,45.1,18.5
sess002597,v68,quest3s,2.18,1.29,48.3,17.0
sess002598,v70,quest3s,2.17,1.35,33.7,16.6
sess002599,v68,quest3,2.87,1.65,43.7,15.4
sess002600,v68,quest3s,1.54,0.94,39.3,19.6
sess002601,v68,quest3s,1.93,0.29,45.3,18.7
sess002602,v70,quest3s,2.95,0.94,49.1,19.3
sess002603,v70,quest3s,2.82,1.54,41.6,18.4
sess002604,v69,quest3,2.43,0.32,43.8,18.7
sess002605,v68,quest3,1.91,1.41,41.4,18.1
sess002606,v70,quest3,1.63,1.49,43.9,20.6
sess002607,v69,quest3,1.96,1.17,40.7,15.4
sess002608,v68,quest3s,2.06,2.04,44.7,17.0
sess002609,v69,quest3,3.24,1.2,45.8,20.0
sess002610,v68,quest3s,2.21,0.94,40.8,16.7
sess002611,v70,quest3s,1.94,1.08,43.3,18.6
sess002612,v68,quest3,1.88,0.69,33.0,18.1
sess002613,v70,quest3,1.16,0.93,44.3,18.5
sess002614,v70,quest3,2.16,1.52,40.2,19.9
sess002615,v68,quest3,1.99,1.85,39.4,18.0
sess002616,v70,quest3s,1.63,1.14,45.6,19.1
sess002617,v70,quest3s,2.32,1.55,40.7,17.9
sess002618,v68,quest3s,2.46,1.41,40.2,18.8
sess002619,v68,quest3s,1.37,0.21,40.6,18.7
sess002620,v68,quest3s,2.0,0.51,47.9,17.1
sess002621,v70,quest3s,2.76,0.88,40.7,18.7
sess002622,v70,quest3,1.88,0.17,41.0,17.9
sess002623,v70,quest3s,1.96,1.22,39.0,18.9
sess002624,v68,quest3s,1.5,0.96,49.3,18.8
sess002625,v68,quest3,1.22,1.48,38.0,18.6
sess002626,v69,quest3s,3.26,2.31,44.3,19.1
sess002627,v68,quest3,1.59,1.18,44.2,18.6
sess002628,v70,quest3,1.53,1.01,41.1,17.4
sess002629,v69,quest3,2.44,1.0,46.5,16.1
sess002630,v68,quest3,1.76,0.92,47.4,17.8
sess002631,v70,quest3s,2.61,1.54,50.5,18.5
sess002632,v70,quest3,2.21,1.23,42.9,17.1
sess002633,v69,quest3s,2.93,1.35,48.8,20.0
sess002634,v69,quest3,1.97,0.83,39.4,19.0
sess002635,v69,quest3,2.59,1.14,42.1,17.6
sess002636,v69,quest3s,2.48,1.88,41.8,19.2
sess002637,v69,quest3s,3.14,1.67,43.7,18.1
sess002638,v68,quest3,1.92,0.89,46.2,20.6
sess002639,v68,quest3,1.61,0.63,39.1,19.1
sess002640,v68,quest3,2.46,0.4,43.7,17.8
sess002641,v69,quest3,1.14,1.54,36.5,16.8
sess002642,v68,quest3,1.57,1.08,39.1,18.4
sess002643,v70,quest3s,2.46,0.77,47.3,16.1
sess002644,v69,quest3s,2.82,2.17,45.0,18.8
sess002645,v69,quest3,2.27,1.3,47.5,15.6
sess002646,v69,quest3s,2.71,1.14,33.8,19.6
sess002647,v68,quest3s,1.93,1.04,49.4,17.7
sess002648,v68,quest3,2.49,1.58,37.1,18.0
sess002649,v69,quest3s,3.63,1.2,41.6,16.8
sess002650,v70,quest3s,2.19,0.94,41.2,17.5
sess002651,v68,quest3s,1.98,0.93,48.4,19.9
sess002652,v70,quest3,2.11,1.25,44.0,17.8
sess002653,v70,quest3,2.7,1.45,40.9,17.9
sess002654,v69,quest3,1.66,1.48,43.3,19.7
sess002655,v69,quest3,2.48,1.05,43.9,18.9
sess002656,v69,quest3,1.7,1.17,41.9,17.6
sess002657,v69,quest3s,1.66,2.91,46.0,19.0
sess002658,v69,quest3,2.41,1.3,47.6,17.9
sess002659,v69,quest3s,2.97,1.15,43.3,16.9
sess002660,v69,quest3s,3.27,2.14,29.5,20.6
sess002661,v70,quest3,2.65,0.8,38.9,16.5
sess002662,v69,quest3,2.32,1.73,38.6,18.0
sess002663,v70,quest3,2.39,1.65,39.3,19.4
sess002664,v70,quest3,2.64,1.08,38.4,19.8
sess002665,v69,quest3,2.24,1.35,50.7,17.3
sess002666,v69,quest3s,3.37,2.23,34.3,15.8
sess002667,v68,quest3s,1.54,1.45,49.7,18.8
sess002668,v68,quest3,1.82,1.37,31.5,19.9
sess002669,v69,quest3,2.09,0.56,39.5,17.0
sess002670,v68,quest3,3.0,1.54,45.1,17.2
sess002671,v69,quest3,2.09,1.43,46.2,16.9
sess002672,v69,quest3s,3.82,1.83,37.7,17.6
sess002673,v70,quest3,2.42,0.65,32.8,17.5
sess002674,v68,quest3,1.14,0.88,38.4,18.3
sess002675,v68,quest3s,1.54,0.72,43.2,17.2
sess002676,v68,quest3s,1.91,1.21,45.6,19.5
sess002677,v69,quest3s,3.76,2.2,40.2,18.3
sess002678,v70,quest3s,1.81,0.57,47.2,18.5
sess002679,v69,quest3s,2.21,1.37,39.8,19.1
sess002680,v70,quest3s,2.39,0.86,41.9,19.9
sess002681,v69,quest3s,3.57,2.04,47.5,13.8
sess002682,v69,quest3s,2.96,2.13,41.5,19.1
sess002683,v70,quest3,2.13,1.4,49.1,18.9
sess002684,v68,quest3,1.4,1.22,39.9,18.8
sess002685,v68,quest3,2.55,1.32,40.5,17.2
sess002686,v68,quest3,1.92,1.24,33.8,17.5
sess002687,v70,quest3,2.25,1.11,46.7,20.1
sess002688,v68,quest3s,1.45,0.62,37.4,17.0
sess002689,v69,quest3,1.47,1.91,37.9,20.9
sess002690,v70,quest3s,2.04,1.94,40.5,15.2
sess002691,v68,quest3,2.44,1.27,45.6,17.0
sess002692,v69,quest3,1.83,1.79,43.2,16.8
sess002693,v68,quest3s,2.56,1.83,37.1,18.4
sess002694,v69,quest3s,3.61,2.01,41.3,17.2
sess002695,v69,quest3,2.98,1.42,40.5,21.2
sess002696,v68,quest3,2.07,0.42,42.3,18.2
sess002697,v70,quest3,2.59,0.99,39.2,19.8
sess002698,v70,quest3,1.7,1.2,40.2,18.8
sess002699,v68,quest3,1.67,0.82,43.6,16.7
sess002700,v68,quest3s,2.34,0.81,49.1,18.2
sess002701,v68,quest3,3.14,0.6,47.9,15.7
sess002702,v70,quest3,1.79,1.14,44.0,17.4
sess002703,v68,quest3s,2.1,1.32,45.0,19.5
sess002704,v68,quest3,2.49,1.56,41.1,16.4
sess002705,v70,quest3,0.2,1.19,39.3,20.3
sess002706,v69,quest3,1.3,0.96,38.7,16.2
sess002707,v68,quest3,1.54,1.4,41.7,17.2
sess002708,v68,quest3s,2.33,1.34,43.6,18.0
sess002709,v68,quest3s,1.96,0.84,42.5,17.9
sess002710,v68,quest3s,2.8,1.52,43.8,18.4
sess002711,v68,quest3s,2.33,1.39,40.9,17.3
sess002712,v69,quest3s,3.66,1.9,36.8,17.7
sess002713,v70,quest3,1.51,1.01,40.6,17.8
sess002714,v70,quest3,1.51,0.77,37.0,21.1
sess002715,v69,quest3,2.31,1.13,39.6,20.5
sess002716,v69,quest3s,2.73,2.23,36.1,18.1
sess002717,v68,quest3,1.51,0.97,49.2,16.2
sess002718,v69,quest3,2.73,0.4,41.6,18.6
sess002719,v68,quest3s,2.07,0.49,46.6,19.1
sess002720,v68,quest3s,1.8,0.96,48.8,18.2
sess002721,v70,quest3,1.62,2.07,38.1,18.4
sess002722,v68,quest3,1.67,1.0,41.5,16.4
sess002723,v68,quest3s,2.34,1.12,44.6,16.0
sess002724,v68,quest3,2.9,1.19,41.2,19.1
sess002725,v69,quest3,1.4,2.33,48.2,16.0
sess002726,v69,quest3s,2.93,1.38,38.1,17.9
sess002727,v68,quest3,1.87,1.06,41.0,17.0
sess002728,v69,quest3,2.13,1.05,37.3,17.5
sess002729,v68,quest3,2.7,1.6,40.9,18.2
sess002730,v70,quest3s,1.92,1.69,43.3,19.3
sess002731,v70,quest3,1.21,0.88,41.0,18.6
sess002732,v69,quest3s,2.95,1.72,45.0,19.7
sess002733,v70,quest3s,2.29,0.76,44.6,17.5
sess002734,v68,quest3s,1.66,1.5,41.4,17.4
sess002735,v68,quest3s,2.15,1.81,36.6,18.0
sess002736,v70,quest3,2.2,1.18,43.1,20.0
sess002737,v68,quest3s,2.44,1.9,47.1,17.1
sess002738,v70,quest3,1.7,0.39,42.9,16.6
sess002739,v70,quest3,1.24,1.71,38.4,19.2
sess002740,v68,quest3,3.1,0.52,38.9,14.9
sess002741,v69,quest3,1.94,0.7,41.7,20.5
sess002742,v69,quest3,2.28,1.42,42.8,19.2
sess002743,v68,quest3s,3.38,0.75,34.0,16.0
sess002744,v70,quest3s,1.99,1.18,43.3,20.2
sess002745,v69,quest3s,3.4,1.11,42.3,19.8
sess002746,v70,quest3,1.97,1.63,38.0,19.2
sess002747,v68,quest3,2.89,1.44,45.0,18.9
sess002748,v69,quest3s,2.41,2.65,39.7,18.5
sess002749,v70,quest3,2.15,1.37,44.4,17.7
sess002750,v68,quest3,2.25,1.07,37.6,17.7
sess002751,v69,quest3,3.01,1.79,42.8,18.3
sess002752,v70,quest3s,2.14,1.38,47.6,19.4
sess002753,v69,quest3s,3.73,1.2,44.3,17.7
sess002754,v69,quest3,2.13,1.05,43.1,21.4
sess002755,v69,quest3,1.89,1.19,42.5,20.4
sess002756,v70,quest3,1.45,1.57,43.7,18.5
sess002757,v68,quest3,2.44,1.25,45.7,18.9
sess002758,v69,quest3s,1.81,2.06,40.2,17.3
sess002759,v69,quest3,1.75,1.13,38.9,19.1
sess002760,v68,quest3,2.54,0.65,40.0,18.3
sess002761,v68,quest3,1.93,2.07,39.1,17.2
sess002762,v70,quest3,2.16,1.25,43.4,19.6
sess002763,v70,quest3s,1.59,1.03,38.6,18.2
sess002764,v68,quest3s,2.15,1.43,38.6,17.1
sess002765,v70,quest3s,2.21,1.47,37.7,19.2
sess002766,v68,quest3,2.46,1.65,46.4,17.5
sess002767,v69,quest3,2.04,1.33,39.3,16.7
sess002768,v69,quest3s,4.18,2.24,39.7,20.1
sess002769,v70,quest3,3.15,0.96,37.9,17.7
sess002770,v69,quest3s,2.68,1.26,44.8,19.7
sess002771,v69,quest3,2.75,1.67,35.8,19.2
sess002772,v69,quest3s,3.52,1.41,41.6,15.9
sess002773,v68,quest3s,2.23,1.1,44.5,18.7
sess002774,v68,quest3s,2.35,1.04,40.3,17.4
sess002775,v70,quest3,1.31,1.75,42.2,21.5
sess002776,v68,quest3s,1.42,0.85,44.1,20.1
sess002777,v69,quest3,1.46,1.7,44.4,20.1
sess002778,v69,quest3,2.44,1.15,41.6,17.2
sess002779,v70,quest3s,2.26,0.84,41.0,19.3
sess002780,v69,quest3,2.21,0.86,39.9,16.4
sess002781,v68,quest3s,1.19,0.93,46.3,18.7
sess002782,v69,quest3s,2.94,2.0,43.6,18.7
sess002783,v68,quest3s,2.03,0.85,44.9,19.4
sess002784,v70,quest3s,2.57,0.95,36.3,18.2
sess002785,v70,quest3s,2.11,1.75,40.6,18.0
sess002786,v69,quest3,1.41,0.79,41.6,17.3
sess002787,v70,quest3,1.85,1.62,40.6,18.7
sess002788,v68,quest3,2.46,1.67,42.6,16.7
sess002789,v69,quest3,1.92,0.54,43.8,19.0
sess002790,v69,quest3,1.88,1.4,45.7,16.7
sess002791,v70,quest3,2.07,1.13,43.7,23.9
sess002792,v68,quest3s,2.35,0.79,38.4,16.5
sess002793,v70,quest3s,2.44,1.45,37.6,18.5
sess002794,v69,quest3s,2.37,1.71,42.1,17.7
sess002795,v68,quest3s,2.42,0.85,46.0,17.9
sess002796,v68,quest3,2.17,1.21,41.4,18.0
sess002797,v69,quest3,2.07,2.13,44.0,18.0
sess002798,v70,quest3,1.12,1.26,39.4,19.8
sess002799,v68,quest3,2.57,1.1,40.7,18.0
sess002800,v70,quest3,1.83,1.79,35.6,18.1
sess002801,v70,quest3s,1.83,1.24,38.8,18.5
sess002802,v70,quest3,2.26,1.9,36.5,18.4
sess002803,v68,quest3,2.14,1.47,47.8,16.8
sess002804,v68,quest3s,2.59,1.2,41.9,16.0
sess002805,v70,quest3,2.02,1.29,39.5,16.2
sess002806,v70,quest3,1.41,1.51,38.5,16.5
sess002807,v68,quest3,1.53,0.76,39.1,18.7
sess002808,v68,quest3,1.98,1.16,50.7,17.4
sess002809,v69,quest3s,3.25,1.45,29.7,20.2
sess002810,v70,quest3,2.06,1.33,39.3,16.1
sess002811,v70,quest3,1.56,1.31,46.8,20.3
sess002812,v69,quest3s,2.94,1.33,40.5,18.1
sess002813,v68,quest3s,2.4,0.79,40.0,15.1
sess002814,v70,quest3,1.47,0.61,40.9,20.4
sess002815,v69,quest3s,2.81,1.7,47.0,16.8
sess002816,v70,quest3,2.83,1.61,46.1,19.3
sess002817,v70,quest3s,2.41,2.24,39.4,19.4
sess002818,v69,quest3s,3.87,2.45,40.1,18.3
sess002819,v70,quest3,1.35,1.24,42.1,18.8
sess002820,v69,quest3,2.1,0.89,39.2,18.1
sess002821,v70,quest3,1.87,1.29,40.1,18.2
sess002822,v68,quest3,1.91,1.8,45.7,18.2
sess002823,v68,quest3,2.65,0.91,43.3,17.3
sess002824,v70,quest3,1.39,2.12,43.7,20.4
sess002825,v68,quest3,2.46,1.1,36.5,19.2
sess002826,v69,quest3s,3.36,1.7,38.8,15.9
sess002827,v68,quest3s,2.05,1.2,43.1,18.6
sess002828,v70,quest3,2.06,1.4,41.5,20.7
sess002829,v70,quest3s,1.51,1.8,46.1,18.4
sess002830,v69,quest3s,3.13,2.06,43.5,17.5
sess002831,v69,quest3s,3.12,2.06,42.6,19.2
sess002832,v69,quest3s,2.84,1.76,41.7,17.8
sess002833,v69,quest3s,3.65,1.76,41.4,17.9
sess002834,v69,quest3,2.18,2.29,43.8,18.2
sess002835,v70,quest3,2.97,1.81,37.7,16.8
sess002836,v68,quest3s,2.3,1.9,49.0,21.1
sess002837,v68,quest3s,3.18,1.25,40.4,18.5
sess002838,v69,quest3s,2.65,2.35,48.6,16.2
sess002839,v68,quest3s,1.01,0.73,46.5,21.9
sess002840,v70,quest3s,1.02,1.28,43.1,20.1
sess002841,v68,quest3,2.02,1.26,40.2,15.2
sess002842,v70,quest3s,1.68,1.14,39.3,19.1
sess002843,v68,quest3,2.34,1.45,52.7,18.5
sess002844,v69,quest3,1.38,1.48,35.8,20.2
sess002845,v68,quest3s,2.62,1.37,41.5,18.7
sess002846,v70,quest3,1.19,1.38,46.2,18.0
sess002847,v69,quest3,1.75,1.4,48.4,16.1
sess002848,v70,quest3s,1.08,1.57,42.9,19.9
sess002849,v69,quest3,2.31,1.38,34.2,15.5
sess002850,v69,quest3,1.83,1.54,44.7,16.8
sess002851,v68,quest3,2.23,1.1,46.3,15.6
sess002852,v70,quest3,1.97,1.1,43.4,20.7
sess002853,v70,quest3s,2.34,1.31,41.3,19.7
sess002854,v68,quest3s,2.16,1.05,40.8,18.6
sess002855,v68,quest3s,2.16,0.79,42.9,16.5
sess002856,v68,quest3s,2.14,1.35,41.0,19.1
sess002857,v68,quest3,1.21,1.33,38.3,18.6
sess002858,v68,quest3,2.16,0.51,38.2,20.2
sess002859,v68,quest3,2.32,1.21,41.6,16.7
sess002860,v69,quest3,1.73,1.63,41.2,19.4
sess002861,v68,quest3,2.1,1.98,41.8,17.0
sess002862,v68,quest3,2.45,1.24,35.2,18.6
sess002863,v69,quest3s,2.88,1.28,46.3,19.3
sess002864,v68,quest3s,2.02,1.41,45.3,17.2
sess002865,v70,quest3s,2.35,0.25,39.5,18.9
sess002866,v70,quest3,2.34,0.89,35.7,19.3
sess002867,v69,quest3,2.28,0.84,37.3,16.8
sess002868,v68,quest3,2.88,0.92,36.9,18.4
sess002869,v70,quest3,1.68,0.85,45.5,17.4
sess002870,v69,quest3,2.1,1.8,35.8,18.3
sess002871,v69,quest3s,2.84,1.51,43.9,17.2
sess002872,v68,quest3s,1.59,1.32,40.8,15.8
sess002873,v68,quest3,2.49,1.04,41.0,19.3
sess002874,v70,quest3s,2.35,1.31,47.2,16.2
sess002875,v68,quest3,1.9,1.68,42.2,18.1
sess002876,v70,quest3s,2.55,1.31,39.9,20.9
sess002877,v68,quest3,1.71,1.55,40.9,18.8
sess002878,v69,quest3,1.98,1.42,34.7,18.9
sess002879,v68,quest3,2.61,1.72,40.4,18.4
sess002880,v69,quest3,1.77,1.62,40.8,18.7
sess002881,v70,quest3,2.25,0.52,45.8,18.0
sess002882,v69,quest3,0.51,0.88,44.5,19.0
sess002883,v68,quest3,1.35,1.09,38.2,18.0
sess002884,v70,quest3s,2.1,0.95,41.4,21.2
sess002885,v70,quest3,1.8,1.44,44.6,18.6
sess002886,v68,quest3s,1.78,1.36,44.5,18.4
sess002887,v70,quest3,1.56,1.18,45.5,17.1
sess002888,v69,quest3,1.66,1.32,41.3,18.0
sess002889,v68,quest3s,2.01,1.37,40.0,18.0
sess002890,v69,quest3,1.64,1.14,42.4,20.4
sess002891,v68,quest3,2.89,1.11,44.5,16.5
sess002892,v69,quest3,1.12,0.71,35.2,16.9
sess002893,v69,quest3s,2.63,2.35,39.2,18.4
sess002894,v70,quest3s,2.55,0.99,38.3,19.5
sess002895,v68,quest3s,1.94,0.74,48.7,18.0
sess002896,v69,quest3,2.73,1.17,42.4,20.1
sess002897,v69,quest3s,2.51,2.14,38.4,18.4
sess002898,v69,quest3,2.87,1.08,43.6,18.8
sess002899,v70,quest3,3.22,1.46,47.3,21.2
sess002900,v68,quest3,2.14,1.05,36.5,16.4
sess002901,v70,quest3,2.2,1.42,42.6,18.6
sess002902,v68,quest3,2.29,1.06,38.3,17.1
sess002903,v68,quest3s,2.13,1.03,42.1,15.0
sess002904,v68,quest3,2.07,1.31,53.6,18.3
sess002905,v69,quest3,2.83,1.14,42.5,21.6
sess002906,v68,quest3,1.44,1.25,40.0,16.4
sess002907,v69,quest3,1.78,1.49,41.8,18.4
sess002908,v68,quest3s,1.63,0.65,35.2,17.5
sess002909,v70,quest3,2.53,1.74,27.6,18.4
sess002910,v70,quest3s,1.23,1.02,38.7,18.6
sess002911,v68,quest3,2.23,1.61,45.7,22.3
sess002912,v70,quest3,0.92,1.29,40.4,17.7
sess002913,v69,quest3,1.38,1.72,38.7,20.1
sess002914,v69,quest3s,2.84,2.31,32.8,21.0
sess002915,v69,quest3s,3.44,1.77,41.2,19.2
sess002916,v70,quest3,2.45,1.42,54.3,18.8
sess002917,v69,quest3,1.09,1.59,47.3,17.8
sess002918,v69,quest3,2.65,1.33,41.5,15.3
sess002919,v69,quest3s,3.04,2.17,46.2,17.1
sess002920,v69,quest3,1.59,0.9,44.8,14.2
sess002921,v68,quest3,1.7,0.87,38.2,21.1
sess002922,v70,quest3,1.87,1.1,37.5,18.1
sess002923,v68,quest3,1.88,1.26,47.1,16.9
sess002924,v68,quest3s,3.24,1.4,40.5,16.8
sess002925,v70,quest3,1.45,1.67,32.3,19.4
sess002926,v70,quest3s,2.57,0.57,45.7,18.3
sess002927,v69,quest3,2.8,0.99,44.7,17.2
sess002928,v70,quest3s,2.54,1.17,46.4,20.8
sess002929,v70,quest3,2.34,0.72,39.4,19.6
sess002930,v70,quest3,1.66,1.24,36.9,19.8
sess002931,v68,quest3,2.12,1.51,49.3,17.9
sess002932,v69,quest3,2.66,1.56,41.1,22.7
sess002933,v70,quest3s,2.73,2.12,45.2,18.4
sess002934,v69,quest3,2.99,1.76,45.5,16.0
sess002935,v69,quest3,1.58,0.63,43.9,17.6
sess002936,v70,quest3,1.97,1.75,41.1,20.0
sess002937,v69,quest3s,3.28,1.38,37.1,16.3
sess002938,v68,quest3s,2.43,1.4,41.2,16.6
sess002939,v68,quest3,2.09,1.06,43.1,19.2
sess002940,v69,quest3,1.8,1.49,40.5,16.4
sess002941,v69,quest3,2.83,1.66,49.5,18.7
sess002942,v70,quest3,2.27,1.1,42.5,16.6
sess002943,v69,quest3,1.86,0.79,42.0,18.6
sess002944,v69,quest3s,2.94,2.46,42.9,18.9
sess002945,v69,quest3,1.82,1.62,40.9,20.0
sess002946,v68,quest3s,2.84,1.14,38.2,17.0
sess002947,v69,quest3s,3.13,1.57,37.1,16.5
sess002948,v69,quest3,1.71,1.33,38.8,17.4
sess002949,v68,quest3,2.8,0.11,48.5,19.4
sess002950,v69,quest3,1.57,1.46,36.2,18.8
sess002951,v69,quest3,3.47,1.34,48.1,16.5
sess002952,v69,quest3,2.27,1.85,42.1,18.9
sess002953,v70,quest3s,2.37,0.91,42.6,21.3
sess002954,v68,quest3s,2.46,1.82,35.7,16.0
sess002955,v70,quest3s,1.81,1.6,33.7,18.6
sess002956,v68,quest3s,1.77,0.98,37.1,19.1
sess002957,v69,quest3s,3.21,1.26,41.7,17.4
sess002958,v70,quest3,1.83,1.11,41.8,17.4
sess002959,v70,quest3,1.6,1.57,40.9,16.8
sess002960,v68,quest3s,2.43,1.13,49.3,19.0
sess002961,v68,quest3s,2.14,1.13,35.9,18.2
sess002962,v70,quest3,2.29,0.75,40.8,19.9
sess002963,v68,quest3s,2.12,0.97,44.0,18.6
sess002964,v70,quest3s,2.95,1.33,38.0,17.5
sess002965,v69,quest3,2.0,0.98,50.2,18.7
sess002966,v70,quest3s,1.73,1.4,49.2,18.2
sess002967,v70,quest3s,2.95,1.46,45.5,21.5
sess002968,v69,quest3,1.54,1.35,39.3,15.1
sess002969,v69,quest3s,3.33,1.74,46.4,17.6
sess002970,v70,quest3s,2.57,1.66,47.3,16.3
sess002971,v68,quest3,2.34,1.25,46.7,16.2
sess002972,v69,quest3s,2.5,2.2,32.4,18.6
sess002973,v70,quest3,1.25,1.04,41.2,16.7
sess002974,v70,quest3s,1.66,0.78,39.7,18.6
sess002975,v69,quest3s,2.58,2.65,33.9,14.5
sess002976,v70,quest3s,2.17,2.08,46.6,17.5
sess002977,v70,quest3s,1.99,1.06,43.9,18.3
sess002978,v69,quest3,2.33,1.09,37.3,19.7
sess002979,v70,quest3s,1.11,1.56,38.3,18.0
sess002980,v69,quest3s,2.47,1.47,43.9,17.2
sess002981,v68,quest3,2.62,1.75,37.8,18.2
sess002982,v68,quest3,2.23,1.53,36.1,20.0
sess002983,v68,quest3,2.26,1.64,45.2,20.7
sess002984,v70,quest3,1.74,1.06,42.3,20.7
sess002985,v68,quest3,2.61,1.23,41.5,19.1
sess002986,v70,quest3,2.67,1.69,38.1,17.7
sess002987,v69,quest3s,2.99,1.61,37.6,18.9
sess002988,v70,quest3s,2.71,1.46,48.1,19.2
sess002989,v68,quest3,2.19,1.14,36.1,14.5
sess002990,v69,quest3s,2.07,1.3,37.6,19.3
sess002991,v70,quest3s,1.87,1.41,43.6,20.2
sess002992,v69,quest3s,3.73,2.05,42.1,19.0
sess002993,v69,quest3s,3.36,2.09,40.4,18.3
sess002994,v69,quest3s,2.85,2.16,39.7,18.5
sess002995,v69,quest3,1.56,0.86,40.7,19.5
sess002996,v68,quest3,1.9,1.53,43.5,16.0
sess002997,v69,quest3,2.76,0.5,45.2,20.6
sess002998,v70,quest3,2.58,1.12,45.5,19.7
sess002999,v68,quest3,1.72,1.54,32.1,16.4
sess003000,v69,quest3s,3.18,1.41,34.2,17.3
sess003001,v69,quest3,2.57,0.97,44.8,16.7
sess003002,v69,quest3,2.85,0.79,45.2,19.9
sess003003,v68,quest3,1.43,0.96,41.6,17.9
sess003004,v69,quest3s,3.26,2.42,39.2,18.4
sess003005,v70,quest3,2.49,0.72,38.3,19.8
sess003006,v69,quest3,1.31,1.12,36.9,17.6
sess003007,v68,quest3,2.6,1.37,41.3,17.4
sess003008,v69,quest3,1.53,1.79,45.7,17.6
sess003009,v68,quest3,2.19,0.72,47.9,20.8
sess003010,v68,quest3s,2.28,1.36,39.4,19.1
sess003011,v68,quest3s,2.16,1.09,43.5,16.9
sess003012,v70,quest3s,1.99,1.42,42.8,17.0
sess003013,v69,quest3s,3.1,1.56,36.4,20.3
sess003014,v68,quest3s,1.86,1.83,34.8,18.9
sess003015,v68,quest3s,1.88,1.07,42.0,20.0
sess003016,v69,quest3s,3.02,2.08,35.9,20.3
sess003017,v70,quest3,2.6,0.96,37.6,20.3
sess003018,v70,quest3,2.09,1.36,36.8,20.7
sess003019,v69,quest3,2.37,0.95,41.2,16.8
sess003020,v70,quest3s,1.69,0.58,44.0,19.5
sess003021,v69,quest3,2.18,0.84,34.3,20.1
sess003022,v68,quest3s,2.14,0.85,44.2,17.7
sess003023,v69,quest3,2.15,1.22,51.5,19.4
sess003024,v69,quest3s,2.59,1.84,41.7,18.9
sess003025,v68,quest3,1.58,1.23,39.1,16.5
sess003026,v70,quest3,1.28,1.01,38.9,18.2
sess003027,v70,quest3s,2.06,0.63,40.6,17.5
sess003028,v68,quest3s,2.38,1.31,38.8,19.3
sess003029,v70,quest3s,2.37,1.4,44.6,15.8
sess003030,v70,quest3s,1.82,0.94,50.1,21.0
sess003031,v70,quest3s,2.18,0.93,45.1,19.7
sess003032,v68,quest3,2.04,1.03,46.4,20.2
sess003033,v70,quest3,3.11,1.35,43.6,19.2
sess003034,v70,quest3s,2.4,1.12,40.9,19.3
sess003035,v69,quest3s,3.38,1.92,47.3,17.8
sess003036,v68,quest3,1.86,1.26,44.9,18.0
sess003037,v70,quest3,2.84,1.27,44.5,19.6
sess003038,v70,quest3,2.33,1.38,51.8,16.8
sess003039,v68,quest3,2.43,1.44,41.2,17.9
sess003040,v69,quest3s,3.81,2.23,43.6,15.3
sess003041,v68,quest3s,1.61,0.71,41.9,19.9
sess003042,v70,quest3s,2.95,1.33,42.9,16.2
sess003043,v70,quest3,1.75,0.84,44.3,19.5
sess003044,v70,quest3,2.02,1.07,38.1,18.9
sess003045,v70,quest3,1.79,0.9,43.7,18.3
sess003046,v68,quest3,1.45,1.53,39.9,17.7
sess003047,v70,quest3s,2.44,1.91,42.8,18.9
sess003048,v70,quest3,2.55,1.16,31.0,18.9
sess003049,v69,quest3s,3.1,1.98,41.0,19.9
sess003050,v69,quest3,1.71,1.76,38.3,18.4
sess003051,v70,quest3s,2.7,1.26,39.6,20.6
sess003052,v68,quest3,1.81,1.32,47.7,20.5
sess003053,v70,quest3,1.4,1.28,37.3,19.6
sess003054,v68,quest3,2.17,0.32,42.9,15.4
sess003055,v69,quest3s,3.28,1.68,32.9,18.6
sess003056,v69,quest3,1.55,1.1,48.0,17.1
sess003057,v68,quest3s,1.66,1.29,39.0,17.1
sess003058,v70,quest3s,3.01,1.45,38.9,18.6
sess003059,v70,quest3s,2.02,1.74,42.7,20.3
sess003060,v69,quest3s,3.6,1.74,39.1,19.8
sess003061,v68,quest3s,1.61,1.01,46.0,17.5
sess003062,v69,quest3,2.53,1.3,42.0,18.4
sess003063,v69,quest3,2.49,1.24,39.5,20.7
sess003064,v69,quest3,2.43,1.4,39.7,18.7
sess003065,v69,quest3,2.19,0.87,46.6,17.8
sess003066,v70,quest3s,1.2,1.26,42.4,19.7
sess003067,v69,quest3,1.97,0.99,44.2,18.5
sess003068,v69,quest3s,3.43,2.39,44.7,18.1
sess003069,v69,quest3s,3.13,2.43,43.0,17.7
sess003070,v68,quest3,1.87,1.27,44.4,17.5
sess003071,v68,quest3,1.88,1.17,37.1,16.0
sess003072,v69,quest3,2.24,0.84,43.8,17.3
sess003073,v69,quest3s,3.49,1.63,38.0,20.1
sess003074,v68,quest3s,2.45,0.78,43.7,19.0
sess003075,v68,quest3,1.91,0.68,42.2,15.9
sess003076,v69,quest3,1.9,0.91,39.4,17.3
sess003077,v70,quest3s,1.52,1.54,37.2,16.9
sess003078,v69,quest3s,3.92,1.5,44.9,18.9
sess003079,v70,quest3s,2.02,1.07,44.0,19.8
sess003080,v68,quest3,2.32,1.53,38.0,15.5
sess003081,v70,quest3s,1.21,0.83,42.1,16.8
sess003082,v68,quest3,2.36,0.63,52.5,18.3
sess003083,v70,quest3,1.11,1.05,40.0,17.6
sess003084,v68,quest3,2.25,0.39,34.1,18.2
sess003085,v68,quest3,2.42,1.49,41.0,18.6
sess003086,v68,quest3,1.13,1.2,42.4,15.1
sess003087,v69,quest3,1.93,0.88,36.8,18.0
sess003088,v70,quest3,1.69,0.57,48.3,20.4
sess003089,v70,quest3s,3.07,1.87,41.9,19.1
sess003090,v70,quest3,2.21,0.81,34.0,21.4
sess003091,v68,quest3,1.72,0.59,40.1,15.3
sess003092,v70,quest3s,1.74,0.0,40.4,18.7
sess003093,v69,quest3,2.21,1.53,43.0,18.6
sess003094,v68,quest3,2.8,1.14,38.1,20.2
sess003095,v70,quest3,1.71,0.18,42.7,18.2
sess003096,v69,quest3,1.53,1.24,39.1,16.9
sess003097,v70,quest3,1.83,1.32,45.5,16.1
sess003098,v69,quest3,2.41,0.88,48.9,19.6
sess003099,v70,quest3,1.85,1.5,39.3,17.7
sess003100,v69,quest3,2.11,1.19,31.5,18.7
sess003101,v68,quest3s,2.98,1.2,44.0,20.5
sess003102,v69,quest3,1.44,1.12,41.3,17.4
sess003103,v68,quest3,2.79,1.17,42.9,17.7
sess003104,v68,quest3,1.94,2.14,37.8,17.9
sess003105,v68,quest3s,3.09,0.91,42.1,17.2
sess003106,v68,quest3s,1.93,1.68,41.0,14.5
sess003107,v70,quest3,1.07,1.36,39.9,21.0
sess003108,v70,quest3s,1.96,0.52,37.0,19.1
sess003109,v68,quest3,1.57,0.33,46.5,15.1
sess003110,v69,quest3,2.88,1.2,44.5,15.2
sess003111,v69,quest3s,3.49,1.63,45.0,17.4
sess003112,v69,quest3,2.05,1.72,47.6,17.3
sess003113,v68,quest3,2.29,1.37,39.9,17.5
sess003114,v69,quest3s,2.16,1.58,46.0,18.1
sess003115,v70,quest3,2.39,1.68,44.7,16.8
sess003116,v70,quest3,2.06,1.27,42.5,18.2
sess003117,v70,quest3,1.95,0.61,40.1,21.8
sess003118,v69,quest3,2.84,1.41,42.4,18.5
sess003119,v69,quest3,1.76,1.28,42.8,19.8
sess003120,v70,quest3s,2.92,0.76,41.5,21.8
sess003121,v69,quest3,3.12,0.87,38.8,17.8
sess003122,v68,quest3,2.21,2.2,40.4,17.0
sess003123,v68,quest3,2.65,1.6,47.0,18.1
sess003124,v69,quest3s,3.92,2.39,40.8,18.3
sess003125,v68,quest3s,1.76,0.95,38.6,17.7
sess003126,v69,quest3,2.26,0.71,41.5,14.8
sess003127,v70,quest3s,2.76,1.57,48.6,20.5
sess003128,v68,quest3,2.31,1.57,39.6,17.4
sess003129,v69,quest3,2.24,0.94,45.6,16.0
sess003130,v68,quest3,2.51,1.05,38.1,17.4
sess003131,v70,quest3s,2.01,1.01,42.5,17.0
sess003132,v68,quest3s,1.35,0.21,41.8,16.1
sess003133,v70,quest3,1.51,1.4,37.2,20.2
sess003134,v68,quest3s,2.58,1.65,39.6,20.0
sess003135,v68,quest3,2.15,1.13,47.9,17.0
sess003136,v70,quest3,1.85,2.02,44.9,19.1
sess003137,v70,quest3,2.53,1.79,44.0,19.6
sess003138,v70,quest3s,2.03,1.29,38.3,19.1
sess003139,v68,quest3,2.49,1.27,41.9,19.5
sess003140,v70,quest3,2.18,1.51,38.2,17.5
sess003141,v68,quest3s,2.51,1.21,46.3,18.3
sess003142,v70,quest3,2.0,1.1,38.5,18.4
sess003143,v68,quest3,2.55,0.73,42.4,18.8
sess003144,v68,quest3,1.44,1.41,41.1,15.1
sess003145,v70,quest3,0.76,0.87,40.9,17.8
sess003146,v69,quest3s,3.08,2.34,36.5,18.4
sess003147,v70,quest3s,1.69,1.18,45.2,19.8
sess003148,v70,quest3s,1.22,1.13,42.9,20.1
sess003149,v70,quest3s,1.71,1.75,37.6,18.7
sess003150,v69,quest3s,2.33,1.67,49.2,14.7
sess003151,v69,quest3,2.53,1.09,36.9,17.4
sess003152,v68,quest3,1.85,0.56,45.4,15.9
sess003153,v68,quest3,2.66,1.36,42.4,18.5
sess003154,v70,quest3s,1.92,0.8,42.4,17.6
sess003155,v68,quest3,2.3,1.7,40.9,18.6
sess003156,v70,quest3s,2.44,1.36,38.6,19.6
sess003157,v69,quest3,1.22,1.02,42.1,17.5
sess003158,v69,quest3,2.15,1.51,38.7,19.6
sess003159,v70,quest3,1.95,1.19,38.4,18.8
sess003160,v70,quest3s,2.77,1.78,40.7,19.5
sess003161,v69,quest3,2.84,1.43,51.4,18.2
sess003162,v70,quest3,2.36,1.67,36.4,13.3
sess003163,v69,quest3s,2.96,2.08,41.0,18.3
sess003164,v70,quest3,1.8,1.09,39.3,20.3
sess003165,v68,quest3s,2.47,0.78,39.7,16.3
sess003166,v69,quest3,1.53,1.14,43.7,18.2
sess003167,v68,quest3s,2.92,0.61,47.2,18.0
sess003168,v70,quest3,2.59,1.34,38.6,14.7
sess003169,v69,quest3,0.93,1.93,41.8,20.8
sess003170,v68,quest3,2.24,0.9,39.3,17.8
sess003171,v70,quest3s,2.26,0.73,35.8,17.3
sess003172,v70,quest3s,2.09,0.8,45.1,17.9
sess003173,v68,quest3,2.73,1.82,45.3,15.6
sess003174,v69,quest3,2.41,1.11,47.5,17.0
sess003175,v69,quest3,2.04,1.99,32.6,16.9
sess003176,v70,quest3s,2.12,1.41,41.3,16.6
sess003177,v68,quest3,1.37,0.8,39.8,14.8
sess003178,v68,quest3,1.22,0.77,44.5,16.7
sess003179,v70,quest3,1.83,0.85,44.1,19.7
sess003180,v69,quest3s,2.12,1.6,39.0,22.1
sess003181,v70,quest3,2.67,1.63,43.3,19.3
sess003182,v69,quest3s,3.5,1.52,39.6,18.9
sess003183,v69,quest3,2.38,1.19,38.3,18.5
sess003184,v68,quest3,1.71,0.93,39.9,17.3
sess003185,v69,quest3s,2.53,1.64,35.8,17.8
sess003186,v70,quest3,1.4,1.24,41.6,18.4
sess003187,v68,quest3,2.68,0.9,36.4,17.7
sess003188,v69,quest3s,2.83,1.73,41.0,17.6
sess003189,v70,quest3,2.31,1.78,46.0,18.7
sess003190,v68,quest3,2.95,1.6,35.8,16.8
sess003191,v70,quest3s,2.07,1.09,40.1,20.9
sess003192,v70,quest3s,2.51,1.55,39.5,18.5
sess003193,v70,quest3s,1.71,0.81,41.6,20.1
sess003194,v69,quest3,2.31,1.06,44.2,19.8
sess003195,v68,quest3,1.91,1.06,43.8,18.1
sess003196,v70,quest3,1.49,1.18,40.1,19.2
sess003197,v69,quest3s,3.27,1.78,42.3,15.6
sess003198,v70,quest3,2.39,0.82,44.8,17.1
sess003199,v69,quest3,2.13,0.83,39.5,15.6
sess003200,v69,quest3,3.4,1.06,43.4,18.7
sess003201,v68,quest3,1.98,1.02,45.9,17.9
sess003202,v69,quest3s,2.52,1.56,35.5,20.8
sess003203,v70,quest3s,2.02,0.89,42.7,18.7
sess003204,v70,quest3s,2.75,1.39,45.0,17.2
sess003205,v70,quest3,2.21,1.63,34.6,22.2
sess003206,v69,quest3,2.19,0.98,44.5,20.7
sess003207,v68,quest3s,2.24,1.22,42.3,18.6
sess003208,v68,quest3s,2.77,0.96,36.0,18.3
sess003209,v69,quest3,1.97,1.26,31.7,17.9
sess003210,v70,quest3,2.28,1.14,37.4,17.9
sess003211,v68,quest3,3.21,1.19,32.7,18.9
sess003212,v69,quest3,1.25,0.88,38.8,18.2
sess003213,v68,quest3,3.04,0.56,41.8,17.0
sess003214,v69,quest3,1.4,1.06,48.4,17.6
sess003215,v70,quest3s,2.96,1.98,42.8,17.1
sess003216,v68,quest3s,2.12,2.32,39.2,19.7
sess003217,v69,quest3,2.38,1.06,46.9,18.2
sess003218,v70,quest3s,1.95,1.55,44.2,18.3
sess003219,v68,quest3,2.58,1.45,36.1,18.6
sess003220,v68,quest3,2.35,2.07,38.6,16.9
sess003221,v69,quest3,1.18,0.48,41.0,19.1
sess003222,v68,quest3,1.98,1.32,37.3,16.8
sess003223,v69,quest3,2.97,1.59,42.4,16.7
sess003224,v70,quest3s,2.58,1.67,34.5,17.8
sess003225,v70,quest3,1.99,1.53,43.7,18.1
sess003226,v68,quest3s,1.72,1.26,41.3,18.7
sess003227,v69,quest3,3.04,1.01,40.4,17.9
sess003228,v69,quest3,2.43,0.49,45.9,19.2
sess003229,v70,quest3s,1.81,0.8,39.1,18.8
sess003230,v69,quest3s,3.0,2.3,39.3,16.9
sess003231,v69,quest3s,3.26,2.17,39.8,17.8
sess003232,v69,quest3,2.2,0.94,39.4,14.1
sess003233,v69,quest3,2.8,1.02,41.4,17.7
sess003234,v68,quest3s,2.0,1.66,41.9,18.2
sess003235,v70,quest3,2.33,1.91,41.0,19.1
sess003236,v69,quest3s,3.48,2.7,38.9,18.3
sess003237,v70,quest3,3.29,1.05,42.2,19.7
sess003238,v68,quest3,2.9,0.58,46.0,15.5
sess003239,v70,quest3,1.93,0.84,40.4,16.1
sess003240,v69,quest3,2.84,1.3,46.9,20.4
sess003241,v70,quest3,2.57,2.14,39.6,16.8
sess003242,v69,quest3s,2.24,2.37,38.5,17.2
sess003243,v70,quest3s,1.97,1.38,45.3,20.4
sess003244,v68,quest3,2.91,1.26,41.0,19.7
sess003245,v69,quest3s,3.24,2.07,42.4,19.9
sess003246,v70,quest3,1.92,1.24,46.5,16.8
sess003247,v69,quest3,1.7,1.2,37.9,16.8
sess003248,v70,quest3s,1.77,1.47,46.0,18.2
sess003249,v70,quest3,1.85,1.19,39.4,20.6
sess003250,v70,quest3,2.67,1.96,45.7,19.6
sess003251,v68,quest3,2.17,1.16,42.7,17.6
sess003252,v69,quest3s,1.97,1.76,39.2,18.1
sess003253,v70,quest3,2.65,1.95,42.0,19.0
sess003254,v68,quest3,2.78,1.09,43.4,15.4
sess003255,v68,quest3s,1.2,1.22,38.4,16.8
sess003256,v70,quest3s,2.16,1.49,41.5,21.1
sess003257,v68,quest3,2.08,1.35,44.2,17.3
sess003258,v70,quest3s,2.04,1.71,43.1,19.6
sess003259,v70,quest3s,1.98,1.48,44.1,19.5
sess003260,v69,quest3s,3.06,1.19,43.8,16.4
sess003261,v68,quest3,1.86,1.57,47.2,14.3
sess003262,v69,quest3s,2.64,2.37,44.3,18.5
sess003263,v68,quest3,2.41,1.27,48.6,17.6
sess003264,v69,quest3,3.05,1.51,45.8,20.3
sess003265,v70,quest3,1.26,0.65,45.2,18.8
sess003266,v68,quest3,2.05,1.9,38.1,18.4
sess003267,v70,quest3s,2.26,1.35,41.8,20.0
sess003268,v68,quest3,1.36,1.11,44.2,20.3
sess003269,v68,quest3,2.66,1.13,40.2,17.6
sess003270,v70,quest3s,2.74,0.37,40.3,19.2
sess003271,v70,quest3s,2.45,1.69,43.0,18.6
sess003272,v69,quest3s,2.97,2.52,40.6,21.3
sess003273,v70,quest3,1.98,0.91,53.6,17.0
sess003274,v70,quest3,2.07,0.57,42.7,18.7
sess003275,v70,quest3,3.33,1.53,41.7,16.7
sess003276,v70,quest3s,2.53,1.36,37.1,18.6
sess003277,v68,quest3,1.59,1.08,44.0,17.9
sess003278,v69,quest3,2.76,0.61,40.9,15.7
sess003279,v70,quest3,1.22,0.61,37.3,19.0
sess003280,v70,quest3s,2.49,1.77,49.0,20.1
sess003281,v68,quest3s,3.51,0.67,44.6,17.6
sess003282,v68,quest3,0.85,1.42,44.0,17.8
sess003283,v69,quest3,0.73,2.23,34.7,17.9
sess003284,v68,quest3s,0.83,1.38,40.0,16.1
sess003285,v68,quest3s,1.3,1.05,41.3,18.4
sess003286,v69,quest3s,2.89,1.86,46.8,17.7
sess003287,v70,quest3,1.53,1.71,41.4,16.8
sess003288,v68,quest3s,2.54,1.05,47.1,18.5
sess003289,v68,quest3,2.67,1.53,40.6,15.5
sess003290,v68,quest3,1.72,1.47,43.2,18.0
sess003291,v68,quest3,2.01,1.8,36.9,18.3
sess003292,v69,quest3,1.58,1.69,37.9,16.7
sess003293,v69,quest3s,2.97,2.01,50.0,18.6
sess003294,v69,quest3,2.43,1.56,39.7,17.7
sess003295,v68,quest3,2.33,1.46,36.9,18.5
sess003296,v69,quest3,1.77,0.79,34.0,20.0
sess003297,v70,quest3,2.58,1.48,42.0,19.5
sess003298,v70,quest3,2.0,0.97,39.2,19.5
sess003299,v68,quest3s,2.87,1.17,42.8,19.6
sess003300,v68,quest3,2.47,1.14,41.1,18.8
sess003301,v68,quest3s,2.3,1.0,42.7,18.9
sess003302,v68,quest3s,1.77,0.38,36.2,16.3
sess003303,v68,quest3s,0.99,1.33,37.1,19.1
sess003304,v68,quest3s,2.06,1.37,35.9,19.2
sess003305,v69,quest3,2.39,1.2,38.5,16.5
sess003306,v70,quest3s,1.76,1.75,46.3,17.9
sess003307,v70,quest3,1.9,1.25,39.2,18.1
sess003308,v68,quest3,2.58,0.9,41.4,18.7
sess003309,v68,quest3,2.59,0.41,40.6,20.2
sess003310,v70,quest3,3.02,1.06,45.8,20.4
sess003311,v69,quest3,2.01,0.5,48.6,18.8
sess003312,v70,quest3,1.78,0.68,41.0,18.6
sess003313,v69,quest3s,2.71,1.95,47.0,20.5
sess003314,v69,quest3s,2.32,1.77,40.1,17.0
sess003315,v70,quest3,2.51,1.46,51.0,19.8
sess003316,v70,quest3s,2.31,1.55,46.0,19.2
sess003317,v68,quest3,1.86,1.02,39.9,20.5
sess003318,v68,quest3,2.6,2.88,40.9,21.1
sess003319,v68,quest3,1.53,0.82,35.6,19.7
sess003320,v70,quest3,1.95,1.07,39.6,23.1
sess003321,v69,quest3s,3.39,1.54,42.2,16.5
sess003322,v69,quest3s,2.72,2.53,39.6,18.5
sess003323,v70,quest3,2.64,1.21,40.3,19.2
sess003324,v68,quest3,2.14,1.26,39.9,17.9
sess003325,v69,quest3s,2.64,1.21,45.8,20.1
sess003326,v68,quest3,1.29,1.16,42.9,17.4
sess003327,v68,quest3s,2.7,0.66,43.0,16.3
sess003328,v69,quest3,1.91,0.21,39.4,17.7
sess003329,v68,quest3s,1.47,1.32,37.8,18.3
sess003330,v69,quest3,1.86,0.88,44.0,18.4
sess003331,v69,quest3s,3.03,1.75,41.7,16.3
sess003332,v70,quest3s,2.65,1.12,41.1,19.0
sess003333,v68,quest3,2.39,0.57,44.0,18.1
sess003334,v68,quest3,3.1,1.29,43.4,14.1
sess003335,v68,quest3,2.89,1.63,43.7,19.4
sess003336,v68,quest3s,1.8,0.98,38.6,19.2
sess003337,v68,quest3s,1.66,1.32,43.2,20.1
sess003338,v68,quest3,2.51,0.77,42.2,19.1
sess003339,v68,quest3s,2.04,0.79,37.8,16.5
sess003340,v68,quest3,2.47,0.58,47.1,17.7
sess003341,v68,quest3,2.64,1.22,44.7,15.7
sess003342,v70,quest3,1.88,1.36,41.9,19.2
sess003343,v70,quest3,2.02,0.93,44.2,20.0
sess003344,v68,quest3,1.24,1.13,41.1,18.6
sess003345,v69,quest3,1.42,0.98,46.7,21.3
sess003346,v70,quest3,2.24,1.02,38.7,20.0
sess003347,v68,quest3s,2.29,0.68,41.4,18.4
sess003348,v68,quest3s,2.23,0.92,37.2,18.8
sess003349,v70,quest3,2.66,1.26,48.2,19.5
sess003350,v69,quest3s,2.73,1.41,41.3,18.3
sess003351,v69,quest3,1.73,1.06,47.5,17.1
sess003352,v68,quest3,2.23,0.71,49.0,17.9
sess003353,v69,quest3,2.62,0.9,37.8,16.2
sess003354,v68,quest3,2.13,1.71,31.2,16.8
sess003355,v70,quest3s,2.21,1.37,38.9,20.2
sess003356,v70,quest3,1.76,0.44,42.2,18.6
sess003357,v69,quest3s,3.63,2.04,44.0,16.1
sess003358,v70,quest3,2.8,0.66,40.4,17.7
sess003359,v70,quest3s,2.1,1.92,48.1,19.9
sess003360,v68,quest3,1.97,1.17,44.0,15.8
sess003361,v68,quest3s,2.79,1.55,48.5,18.0
sess003362,v69,quest3,1.97,1.63,47.3,20.0
sess003363,v70,quest3,2.57,0.77,43.9,19.6
sess003364,v70,quest3,1.33,1.19,35.0,19.3
sess003365,v69,quest3s,3.22,2.02,37.6,17.7
sess003366,v69,quest3s,3.21,0.98,34.2,17.9
sess003367,v68,quest3s,2.65,0.89,42.2,19.7
sess003368,v69,quest3,2.13,1.62,34.6,18.9
sess003369,v69,quest3,2.56,1.38,41.8,16.2
sess003370,v69,quest3,2.49,1.56,36.2,18.0
sess003371,v69,quest3,2.91,1.44,40.7,19.3
sess003372,v68,quest3s,2.17,1.44,46.6,20.4
sess003373,v70,quest3s,1.86,1.75,42.0,19.6
sess003374,v68,quest3s,2.53,1.67,40.6,20.5
sess003375,v69,quest3,2.23,1.15,39.0,17.6
sess003376,v69,quest3s,2.95,1.63,40.1,16.8
sess003377,v70,quest3s,1.35,1.1,45.5,18.9
sess003378,v68,quest3s,1.75,1.31,39.7,16.1
sess003379,v70,quest3,1.88,1.49,40.1,20.0
sess003380,v70,quest3s,1.71,1.61,43.8,20.2
sess003381,v70,quest3s,1.69,1.04,33.4,20.4
sess003382,v70,quest3,1.82,1.33,46.5,19.4
sess003383,v69,quest3,1.62,1.35,42.7,19.7
sess003384,v69,quest3,1.38,1.76,40.6,20.6
sess003385,v69,quest3,3.21,1.26,46.2,15.8
sess003386,v70,quest3,2.55,1.29,43.6,17.2
sess003387,v69,quest3,2.99,1.61,39.2,17.7
sess003388,v70,quest3s,1.32,1.47,44.7,20.2
sess003389,v68,quest3,2.54,1.58,34.5,16.1
sess003390,v69,quest3s,3.07,1.71,42.7,17.5
sess003391,v68,quest3s,1.87,1.63,50.2,18.0
sess003392,v69,quest3,1.93,0.49,43.0,18.1
sess003393,v70,quest3,2.05,1.26,40.2,14.3
sess003394,v70,quest3s,2.07,1.56,45.5,20.8
sess003395,v69,quest3,2.64,1.73,42.2,20.4
sess003396,v69,quest3,0.7,1.76,42.9,15.1
sess003397,v68,quest3,2.49,0.88,40.7,18.0
sess003398,v68,quest3s,2.3,1.2,41.0,18.0
sess003399,v68,quest3s,0.95,1.48,42.8,18.4
sess003400,v68,quest3s,1.93,2.0,38.8,17.4
sess003401,v69,quest3,1.67,0.8,43.6,16.6
sess003402,v68,quest3,1.01,0.81,42.7,16.8
sess003403,v69,quest3s,3.04,1.96,43.8,16.3
sess003404,v70,quest3,1.67,1.22,42.3,17.7
sess003405,v68,quest3,2.16,1.02,48.2,18.3
sess003406,v70,quest3,2.25,0.94,40.1,18.6
sess003407,v68,quest3s,1.72,1.26,38.4,22.4
sess003408,v68,quest3,3.18,1.18,35.9,15.5
sess003409,v68,quest3,1.8,1.29,48.0,17.7
sess003410,v68,quest3s,1.89,1.18,51.1,17.4
sess003411,v70,quest3,1.93,0.97,42.4,17.2
sess003412,v68,quest3s,1.74,0.78,40.9,22.4
sess003413,v70,quest3s,1.78,1.21,43.5,19.7
sess003414,v69,quest3,1.75,1.66,33.8,16.2
sess003415,v68,quest3,2.1,1.26,45.4,15.0
sess003416,v69,quest3,2.54,1.19,38.2,18.6
sess003417,v70,quest3s,2.07,1.97,47.4,15.9
sess003418,v69,quest3,2.07,1.24,38.9,19.3
sess003419,v69,quest3s,3.35,1.65,46.1,18.6
sess003420,v68,quest3s,2.16,0.49,50.1,17.7
sess003421,v69,quest3,2.63,1.46,40.1,16.7
sess003422,v68,quest3,1.8,1.01,39.6,19.8
sess003423,v68,quest3,3.34,1.18,38.1,18.3
sess003424,v69,quest3,2.17,1.4,43.5,16.7
sess003425,v68,quest3s,2.59,1.44,46.0,16.9
sess003426,v69,quest3s,2.29,1.02,47.6,14.5
sess003427,v69,quest3,3.06,1.75,41.9,17.4
sess003428,v70,quest3,2.01,0.65,42.9,20.6
sess003429,v68,quest3s,1.67,0.39,45.0,20.1
sess003430,v70,quest3s,2.78,1.84,42.1,19.9
sess003431,v69,quest3s,3.44,1.66,43.9,20.8
sess003432,v70,quest3,2.82,1.22,37.9,20.6
sess003433,v69,quest3s,2.9,1.82,38.8,15.9
sess003434,v69,quest3,2.22,1.52,43.3,18.3
sess003435,v69,quest3s,2.94,2.47,40.5,19.5
sess003436,v68,quest3s,3.34,1.25,34.2,17.7
sess003437,v69,quest3,1.82,1.56,37.2,15.1
sess003438,v68,quest3,1.77,1.19,37.2,16.8
sess003439,v69,quest3s,2.56,1.3,36.8,20.0
sess003440,v68,quest3,1.68,1.61,43.7,17.9
sess003441,v68,quest3,2.02,0.37,38.9,20.0
sess003442,v68,quest3s,0.6,1.76,47.4,17.8
sess003443,v70,quest3,1.98,1.31,46.5,18.4
sess003444,v68,quest3,1.86,1.82,42.8,19.0
sess003445,v70,quest3,2.13,1.0,48.0,17.8
sess003446,v69,quest3s,3.15,1.55,38.8,17.6
sess003447,v69,quest3s,2.68,1.93,39.6,18.0
sess003448,v69,quest3s,3.48,1.78,45.6,17.9
sess003449,v69,quest3s,3.4,1.54,49.9,19.0
sess003450,v70,quest3,1.52,0.32,38.7,17.9
sess003451,v70,quest3s,2.22,2.12,37.6,20.3
sess003452,v70,quest3s,1.29,0.88,44.0,20.6
sess003453,v70,quest3,2.86,0.66,42.2,17.9
sess003454,v70,quest3,2.7,1.08,42.5,19.1
sess003455,v68,quest3,1.37,1.38,42.9,15.7
sess003456,v68,quest3,2.32,1.27,34.8,19.7
sess003457,v68,quest3,1.98,1.07,43.7,18.2
sess003458,v68,quest3,1.78,0.87,45.3,16.9
sess003459,v68,quest3s,2.62,1.9,51.9,19.9
sess003460,v68,quest3,1.91,1.59,39.9,20.2
sess003461,v70,quest3,2.14,1.16,37.5,20.5
sess003462,v68,quest3s,2.39,1.99,45.5,19.2
sess003463,v69,quest3s,2.33,1.51,46.3,18.6
sess003464,v68,quest3,1.97,0.49,47.4,17.0
sess003465,v70,quest3s,1.78,1.74,44.5,19.3
sess003466,v69,quest3s,3.82,1.63,47.3,17.1
sess003467,v68,quest3s,3.39,1.72,45.2,17.9
sess003468,v68,quest3,1.59,1.33,47.2,17.3
sess003469,v70,quest3,1.44,0.79,36.7,19.3
sess003470,v69,quest3,2.77,0.75,42.9,18.6
sess003471,v70,quest3,2.02,2.03,36.7,20.1
sess003472,v70,quest3,1.69,1.43,39.7,18.7
sess003473,v69,quest3s,2.75,2.26,45.0,19.2
sess003474,v70,quest3,2.95,1.6,39.9,19.1
sess003475,v69,quest3,1.58,0.89,37.0,17.1
sess003476,v70,quest3s,2.1,0.18,45.6,19.1
sess003477,v70,quest3s,2.69,0.56,40.0,17.7
sess003478,v70,quest3,1.82,1.35,39.1,19.8
sess003479,v70,quest3s,2.25,1.99,41.4,18.7
sess003480,v69,quest3,2.8,1.17,45.1,18.7
sess003481,v68,quest3s,1.76,1.39,50.6,20.8
sess003482,v69,quest3,2.01,1.66,35.1,17.4
sess003483,v68,quest3s,1.96,1.48,36.8,18.7
sess003484,v69,quest3s,3.07,1.78,46.4,18.3
sess003485,v70,quest3,1.44,0.91,45.5,16.9
sess003486,v70,quest3,2.56,1.33,43.4,19.3
sess003487,v70,quest3,2.56,1.12,42.0,22.8
sess003488,v69,quest3s,4.49,1.81,38.0,16.1
sess003489,v68,quest3,2.09,1.31,43.6,18.7
sess003490,v68,quest3,2.36,1.13,39.9,19.9
sess003491,v68,quest3,1.52,1.64,42.9,17.9
sess003492,v70,quest3,2.57,1.26,45.5,18.9
sess003493,v70,quest3,2.21,1.04,30.9,17.9
sess003494,v69,quest3s,2.78,1.84,37.8,16.9
sess003495,v70,quest3s,2.17,1.16,40.2,19.0
sess003496,v70,quest3,2.36,1.56,34.5,18.6
sess003497,v68,quest3s,1.92,0.84,49.0,18.9
sess003498,v68,quest3,2.17,1.43,36.3,18.1
sess003499,v70,quest3,1.61,1.15,45.8,18.9
sess003500,v69,quest3,1.99,0.88,37.8,19.8
sess003501,v70,quest3,1.54,1.21,36.9,18.6
sess003502,v68,quest3,1.86,1.33,30.3,20.9
sess003503,v68,quest3,1.04,1.23,46.1,20.8
sess003504,v69,quest3,3.04,1.1,42.9,17.6
sess003505,v68,quest3s,1.8,0.75,47.1,19.2
sess003506,v68,quest3s,1.74,1.46,40.3,17.9
sess003507,v70,quest3,1.11,1.89,45.2,19.3
sess003508,v69,quest3,1.67,0.79,36.9,18.0
sess003509,v69,quest3s,2.78,1.88,42.7,16.5
sess003510,v69,quest3,1.19,1.33,43.9,19.5
sess003511,v69,quest3s,3.77,1.36,45.5,18.3
sess003512,v69,quest3,2.25,1.48,37.0,18.4
sess003513,v70,quest3s,2.36,1.04,43.4,19.5
sess003514,v68,quest3,2.11,1.45,47.0,18.5
sess003515,v69,quest3s,2.4,1.42,39.3,16.4
sess003516,v70,quest3,2.54,0.9,37.9,19.0
sess003517,v68,quest3,2.75,1.9,43.0,16.4
sess003518,v69,quest3,3.49,0.94,47.6,17.6
sess003519,v68,quest3,1.8,0.87,47.8,19.3
sess003520,v68,quest3,2.72,1.08,38.5,19.5
sess003521,v69,quest3,2.38,0.83,44.6,18.6
sess003522,v69,quest3,2.31,1.4,42.0,18.6
sess003523,v70,quest3,1.69,1.54,36.8,17.9
sess003524,v70,quest3s,2.82,1.34,43.5,16.9
sess003525,v68,quest3,2.0,0.96,43.2,20.5
sess003526,v69,quest3,2.18,1.13,36.0,19.8
sess003527,v70,quest3s,2.28,1.54,43.5,18.5
sess003528,v70,quest3s,2.26,0.91,40.1,14.4
sess003529,v69,quest3,1.62,1.29,41.0,16.8
sess003530,v69,quest3,1.26,1.24,41.3,18.3
sess003531,v68,quest3,2.75,0.53,43.1,18.0
sess003532,v70,quest3,2.83,0.54,37.9,19.0
sess003533,v69,quest3s,3.16,1.76,36.8,21.0
sess003534,v70,quest3s,2.03,1.03,45.0,18.0
sess003535,v70,quest3s,2.35,0.48,44.0,21.2
sess003536,v70,quest3,1.87,1.77,41.3,19.0
sess003537,v68,quest3,1.57,0.85,47.4,15.3
sess003538,v68,quest3s,1.17,1.54,34.9,19.3
sess003539,v70,quest3,2.83,1.67,39.8,18.6
sess003540,v70,quest3,1.63,0.63,43.5,19.4
sess003541,v68,quest3,1.28,1.36,43.9,18.4
sess003542,v69,quest3s,2.14,1.24,50.0,18.0
sess003543,v68,quest3,1.53,0.72,45.2,19.1
sess003544,v69,quest3s,2.77,1.47,45.2,18.7
sess003545,v69,quest3,1.82,0.41,34.9,17.2
sess003546,v70,quest3,1.72,0.84,45.6,17.9
sess003547,v69,quest3,2.77,1.26,40.2,18.7
sess003548,v70,quest3,2.39,1.19,43.5,21.2
sess003549,v68,quest3,1.85,0.85,41.3,16.4
sess003550,v70,quest3,2.26,0.39,40.3,20.2
sess003551,v70,quest3,1.7,1.28,40.5,16.6
sess003552,v68,quest3,1.88,0.84,41.2,18.6
sess003553,v69,quest3,2.53,2.32,43.4,20.9
sess003554,v68,quest3,1.36,0.74,45.7,18.0
sess003555,v70,quest3s,1.98,1.15,37.9,18.1
sess003556,v69,quest3,2.35,1.08,41.8,16.8
sess003557,v68,quest3s,2.07,0.85,43.5,20.1
sess003558,v68,quest3s,2.51,0.62,50.5,16.9
sess003559,v70,quest3s,1.76,1.11,45.5,16.4
sess003560,v68,quest3s,1.53,1.66,38.7,16.3
sess003561,v69,quest3,1.02,0.49,41.9,19.0
sess003562,v70,quest3,1.86,1.09,40.6,21.7
sess003563,v68,quest3s,1.33,0.56,39.2,17.4
sess003564,v70,quest3,2.56,1.01,40.2,17.6
sess003565,v69,quest3s,2.8,2.32,42.1,18.4
sess003566,v70,quest3s,2.1,1.64,43.5,19.1
sess003567,v68,quest3,2.44,1.52,42.6,15.0
sess003568,v68,quest3,1.99,1.29,40.7,16.6
sess003569,v69,quest3,2.8,1.56,43.0,19.7
sess003570,v68,quest3s,1.59,0.98,45.3,17.1
sess003571,v70,quest3,2.45,1.32,35.3,17.0
sess003572,v70,quest3s,2.31,1.31,42.8,15.8
sess003573,v68,quest3,1.32,1.46,43.4,16.8
sess003574,v69,quest3,1.94,1.53,48.0,19.5
sess003575,v70,quest3s,2.85,1.05,42.9,22.5
sess003576,v69,quest3,0.67,1.91,44.6,14.8
sess003577,v69,quest3,2.27,1.56,43.0,14.7
sess003578,v70,quest3,2.32,1.38,44.6,21.4
sess003579,v69,quest3s,2.55,2.1,36.0,16.6
sess003580,v69,quest3s,2.61,1.74,43.4,20.1
sess003581,v68,quest3,1.85,1.25,49.4,18.4
sess003582,v68,quest3s,2.53,1.25,41.4,18.9
sess003583,v68,quest3s,2.1,0.92,42.7,17.5
sess003584,v69,quest3,1.8,0.76,44.5,20.5
sess003585,v68,quest3s,2.12,1.6,35.2,18.9
sess003586,v69,quest3,1.93,0.65,52.2,18.5
sess003587,v69,quest3s,4.5,2.15,39.5,20.8
sess003588,v70,quest3,2.62,1.04,36.9,19.6
sess003589,v69,quest3,2.91,1.5,43.8,17.6
sess003590,v69,quest3s,3.14,1.73,35.3,18.7
sess003591,v70,quest3s,2.26,0.96,35.2,17.1
sess003592,v68,quest3,1.38,1.44,48.0,15.5
sess003593,v68,quest3,1.3,0.79,40.5,16.6
sess003594,v69,quest3s,3.34,1.21,47.8,19.5
sess003595,v70,quest3s,1.84,1.24,45.4,18.4
sess003596,v70,quest3,1.64,1.78,41.1,18.7
sess003597,v68,quest3,2.74,0.9,37.7,15.8
sess003598,v68,quest3s,1.89,1.11,40.6,16.7
sess003599,v68,quest3s,2.05,1.54,44.4,16.0
sess003600,v68,quest3,1.77,0.37,43.2,17.0
sess003601,v70,quest3s,1.67,1.33,44.0,20.7
sess003602,v68,quest3s,1.69,0.98,46.3,15.9
sess003603,v68,quest3,1.69,1.15,45.7,20.4
sess003604,v69,quest3,3.02,1.04,47.1,17.4
sess003605,v68,quest3,2.08,1.23,42.3,17.2
sess003606,v70,quest3s,2.87,0.98,44.1,20.2
sess003607,v70,quest3s,2.25,1.42,36.3,19.0
sess003608,v70,quest3,2.36,1.11,44.9,21.5
sess003609,v69,quest3s,3.03,2.62,48.2,18.5
sess003610,v70,quest3,1.65,1.62,39.1,20.3
sess003611,v68,quest3,1.15,0.98,37.5,18.0
sess003612,v68,quest3,2.31,1.16,39.0,15.7
sess003613,v68,quest3,2.89,1.24,38.7,18.8
sess003614,v68,quest3,0.82,1.48,43.5,21.2
sess003615,v69,quest3,3.17,1.27,48.0,17.9
sess003616,v70,quest3s,2.95,1.35,49.4,18.6
sess003617,v70,quest3,2.64,1.84,41.7,18.4
sess003618,v69,quest3s,3.92,1.86,49.4,17.1
sess003619,v70,quest3s,1.86,1.05,43.1,20.9
sess003620,v68,quest3,2.93,0.59,35.6,17.9
sess003621,v68,quest3s,2.73,0.92,36.6,17.9
sess003622,v68,quest3,2.81,1.63,37.7,21.9
sess003623,v69,quest3,2.38,1.18,43.0,20.9
sess003624,v70,quest3,1.84,1.21,36.6,19.5
sess003625,v69,quest3,2.27,2.11,45.4,16.4
sess003626,v70,quest3,2.2,1.64,36.8,18.6
sess003627,v68,quest3s,2.48,1.51,44.8,17.0
sess003628,v70,quest3s,1.9,1.66,42.8,21.1
sess003629,v70,quest3s,3.21,1.39,48.6,20.6
sess003630,v70,quest3s,2.5,0.83,42.4,18.7
sess003631,v69,quest3,2.06,0.99,38.6,16.6
sess003632,v70,quest3,2.04,1.84,41.2,21.5
sess003633,v68,quest3s,1.62,1.41,42.1,17.5
sess003634,v68,quest3s,2.6,1.33,39.8,20.2
sess003635,v68,quest3s,1.85,1.74,37.9,18.0
sess003636,v68,quest3s,1.97,1.92,29.6,14.8
sess003637,v70,quest3s,2.73,0.96,41.7,18.8
sess003638,v70,quest3,2.14,0.92,39.4,15.2
sess003639,v68,quest3,2.33,0.75,41.8,17.1
sess003640,v70,quest3,1.77,1.74,36.7,19.1
sess003641,v68,quest3s,1.7,2.08,38.6,15.2
sess003642,v70,quest3,2.51,0.37,45.0,17.9
sess003643,v69,quest3s,2.66,1.72,49.1,20.2
sess003644,v69,quest3,2.63,0.88,36.9,15.3
sess003645,v70,quest3s,1.91,1.3,40.0,18.5
sess003646,v68,quest3s,2.51,1.38,44.2,16.0
sess003647,v68,quest3s,1.79,0.23,44.6,17.6
sess003648,v68,quest3,1.97,1.51,34.9,17.4
sess003649,v70,quest3s,1.74,0.75,46.0,17.5
sess003650,v70,quest3,2.18,1.11,39.6,18.9
sess003651,v68,quest3s,2.23,0.78,39.4,16.7
sess003652,v68,quest3s,2.66,1.15,39.5,16.5
sess003653,v69,quest3,2.14,1.64,41.4,17.4
sess003654,v69,quest3,2.05,1.48,42.8,18.5
sess003655,v68,quest3,1.81,1.49,43.9,17.2
sess003656,v69,quest3,2.01,2.01,40.0,17.8
sess003657,v68,quest3,1.54,0.56,36.8,20.2
sess003658,v69,quest3,1.04,1.05,45.8,19.1
sess003659,v70,quest3,2.6,1.34,38.3,22.7
sess003660,v68,quest3,1.86,1.16,43.4,18.5
sess003661,v69,quest3s,3.08,1.43,50.1,15.6
sess003662,v68,quest3,2.65,1.65,36.6,15.1
sess003663,v69,quest3s,3.3,1.13,41.0,19.5
sess003664,v70,quest3,2.11,1.45,44.4,18.2
sess003665,v70,quest3s,1.83,1.12,44.3,16.7
sess003666,v68,quest3,2.0,0.39,40.7,20.2
sess003667,v68,quest3,2.39,1.36,39.6,17.3
sess003668,v70,quest3,2.38,1.68,45.5,20.9
sess003669,v70,quest3,1.91,0.63,40.4,16.9
sess003670,v70,quest3s,2.19,1.24,40.1,20.3
sess003671,v68,quest3,1.93,0.77,37.3,19.0
sess003672,v70,quest3s,1.04,1.24,46.8,17.2
sess003673,v69,quest3s,3.12,1.71,42.9,20.3
sess003674,v69,quest3,2.47,1.62,47.0,16.8
sess003675,v70,quest3,1.53,1.53,41.8,17.4
sess003676,v70,quest3s,2.34,1.21,40.9,18.1
sess003677,v70,quest3,2.73,0.99,39.8,19.4
sess003678,v68,quest3s,2.23,1.3,36.4,18.0
sess003679,v68,quest3s,2.71,1.06,36.6,19.2
sess003680,v69,quest3,3.41,1.9,44.4,15.6
sess003681,v70,quest3,2.84,0.35,46.1,19.8
sess003682,v70,quest3,1.94,1.57,40.3,18.6
sess003683,v68,quest3,2.19,1.01,45.7,17.7
sess003684,v68,quest3,2.96,1.09,47.0,17.4
sess003685,v68,quest3s,1.96,1.16,46.4,18.6
sess003686,v70,quest3,2.73,1.26,48.2,17.9
sess003687,v69,quest3,2.43,1.04,42.2,19.6
sess003688,v69,quest3,1.93,0.7,46.4,16.3
sess003689,v70,quest3s,1.72,0.79,39.6,17.5
sess003690,v68,quest3s,2.19,1.26,41.2,19.1
sess003691,v69,quest3s,3.29,2.27,43.1,20.1
sess003692,v69,quest3,2.54,1.14,41.3,19.0
sess003693,v68,quest3,2.47,1.28,37.4,18.3
sess003694,v69,quest3s,3.29,1.73,42.2,18.4
sess003695,v68,quest3s,2.71,1.56,41.7,17.6
sess003696,v68,quest3,1.79,1.03,42.1,15.4
sess003697,v68,quest3s,2.37,0.87,37.4,17.7
sess003698,v68,quest3,2.21,1.1,43.3,16.4
sess003699,v68,quest3,2.82,0.64,43.9,16.5
sess003700,v69,quest3s,3.2,1.48,41.8,19.2
sess003701,v69,quest3s,3.48,2.6,38.0,17.4
sess003702,v70,quest3s,2.23,1.61,37.9,18.9
sess003703,v70,quest3s,1.82,1.02,41.2,20.1
sess003704,v69,quest3s,3.02,1.75,44.8,18.7
sess003705,v70,quest3s,3.54,0.57,42.8,19.3
sess003706,v70,quest3s,1.74,1.51,46.9,19.8
sess003707,v70,quest3,1.94,1.0,41.8,19.0
sess003708,v68,quest3s,1.58,1.1,47.4,18.3
sess003709,v68,quest3s,1.96,1.41,42.9,18.3
sess003710,v69,quest3s,2.97,1.8,42.0,19.2
sess003711,v70,quest3,1.85,1.23,38.6,16.9
sess003712,v69,quest3,2.05,1.68,35.2,17.7
sess003713,v70,quest3,2.81,1.43,33.8,17.4
sess003714,v69,quest3,2.22,0.94,42.7,16.9
sess003715,v70,quest3s,1.78,1.15,39.7,18.5
sess003716,v70,quest3s,1.78,1.34,43.8,19.6
sess003717,v69,quest3,2.46,1.01,43.8,18.3
sess003718,v69,quest3,2.58,0.69,44.1,16.9
sess003719,v70,quest3s,1.43,1.57,38.8,19.0
sess003720,v69,quest3,1.99,0.98,38.0,16.5
sess003721,v68,quest3s,1.44,1.63,36.0,18.8
sess003722,v70,quest3s,1.71,0.84,42.9,16.5
sess003723,v68,quest3s,1.66,1.65,37.5,19.1
sess003724,v69,quest3,1.19,1.81,38.5,15.5
sess003725,v68,quest3s,1.94,1.55,40.1,17.7
sess003726,v70,quest3s,2.16,0.96,43.6,20.1
sess003727,v70,quest3,2.68,1.81,41.6,20.2
sess003728,v69,quest3,2.53,0.94,45.5,15.8
sess003729,v69,quest3,2.36,1.17,45.3,16.0
sess003730,v69,quest3s,2.76,1.96,41.7,17.7
sess003731,v70,quest3,2.47,1.35,34.8,19.9
sess003732,v69,quest3,2.41,1.13,37.8,17.8
sess003733,v68,quest3,3.51,0.89,34.1,19.0
sess003734,v68,quest3s,1.79,1.18,47.1,15.6
sess003735,v69,quest3s,3.15,1.53,45.1,16.1
sess003736,v68,quest3,1.82,1.61,39.7,14.9
sess003737,v68,quest3,1.88,1.27,42.5,17.0
sess003738,v68,quest3,1.69,1.33,43.6,19.6
sess003739,v68,quest3,2.2,1.33,37.9,15.8
sess003740,v69,quest3,2.29,1.51,42.5,17.6
sess003741,v70,quest3,2.32,1.7,40.1,17.3
sess003742,v69,quest3,1.94,1.48,38.1,18.3
sess003743,v68,quest3,2.49,1.01,40.9,19.1
sess003744,v69,quest3s,2.94,1.95,46.4,18.3
sess003745,v70,quest3,1.41,1.16,40.9,19.6
sess003746,v70,quest3,1.98,1.45,42.9,17.9
sess003747,v70,quest3s,2.79,1.09,43.8,17.8
sess003748,v70,quest3s,2.2,1.31,42.3,19.9
sess003749,v70,quest3s,3.08,1.22,42.5,19.3
sess003750,v70,quest3s,1.96,1.54,42.2,16.9
sess003751,v69,quest3s,2.43,0.79,43.9,16.9
sess003752,v69,quest3,1.85,1.29,34.5,15.4
sess003753,v69,quest3,1.57,2.07,39.1,19.0
sess003754,v68,quest3,1.9,0.8,43.4,18.5
sess003755,v69,quest3,1.93,1.43,48.1,19.3
sess003756,v68,quest3,2.54,1.12,40.8,14.8
sess003757,v70,quest3s,1.82,1.14,44.5,19.4
sess003758,v70,quest3,2.68,1.67,49.7,20.4
sess003759,v70,quest3s,2.9,1.19,45.3,20.6
sess003760,v68,quest3s,2.0,1.46,36.1,18.8
sess003761,v68,quest3,2.17,0.77,42.8,15.0
sess003762,v70,quest3,1.51,1.78,42.3,21.9
sess003763,v68,quest3,2.04,1.65,37.2,17.2
sess003764,v70,quest3s,1.87,1.04,35.9,20.8
sess003765,v69,quest3,1.63,1.39,38.8,20.0
sess003766,v70,quest3s,2.21,1.11,42.1,16.8
sess003767,v69,quest3,1.87,1.78,36.9,18.2
sess003768,v68,quest3,2.54,1.34,48.2,15.8
sess003769,v70,quest3,2.23,1.34,40.2,22.1
sess003770,v69,quest3s,2.12,2.02,47.1,17.9
sess003771,v68,quest3,2.13,1.27,39.1,15.8
sess003772,v70,quest3,1.6,1.14,44.8,18.5
sess003773,v70,quest3,2.51,0.97,41.1,16.3
sess003774,v70,quest3s,2.68,1.7,48.0,20.7
sess003775,v68,quest3s,1.13,1.13,48.2,19.7
sess003776,v70,quest3,1.5,1.35,41.4,17.8
sess003777,v68,quest3,2.09,0.99,34.4,17.8
sess003778,v70,quest3s,2.29,1.53,46.3,18.5
sess003779,v68,quest3s,2.1,1.15,39.5,20.8
sess003780,v69,quest3,2.52,1.35,44.2,17.2
sess003781,v69,quest3,1.65,0.64,45.4,16.0
sess003782,v69,quest3s,3.13,1.76,51.7,19.8
sess003783,v69,quest3,2.64,1.57,46.7,19.8
sess003784,v69,quest3,2.31,1.09,45.3,18.9
sess003785,v68,quest3,1.7,1.13,36.0,16.2
sess003786,v69,quest3s,2.41,1.66,41.7,17.2
sess003787,v70,quest3s,1.71,1.45,40.8,19.8
sess003788,v68,quest3,1.75,1.13,42.6,19.1
sess003789,v68,quest3s,2.66,1.55,35.4,20.1
sess003790,v69,quest3,1.9,1.8,36.7,19.7
sess003791,v69,quest3s,2.96,2.07,41.9,17.9
sess003792,v70,quest3s,2.24,1.2,42.9,20.9
sess003793,v68,quest3,1.77,0.67,41.4,17.1
sess003794,v68,quest3s,3.01,1.26,43.4,20.9
sess003795,v70,quest3,1.05,0.62,39.6,19.0
sess003796,v69,quest3s,2.46,1.42,47.0,19.4
sess003797,v68,quest3s,1.43,1.19,43.2,20.1
sess003798,v69,quest3s,2.72,2.33,35.9,15.3
sess003799,v69,quest3s,2.7,2.12,45.4,19.9
sess003800,v69,quest3,2.24,1.84,36.9,19.5
sess003801,v68,quest3s,1.8,0.87,42.7,15.6
sess003802,v69,quest3s,2.84,1.75,40.4,18.5
sess003803,v69,quest3s,2.35,2.38,41.6,21.3
sess003804,v68,quest3s,1.61,1.5,40.5,18.1
sess003805,v68,quest3,2.23,1.21,43.4,16.0
sess003806,v69,quest3,2.09,1.04,44.8,21.0
sess003807,v70,quest3s,3.25,0.97,38.5,15.9
sess003808,v68,quest3s,2.35,2.14,42.2,18.2
sess003809,v68,quest3s,2.0,1.02,50.6,20.0
sess003810,v69,quest3,2.35,0.92,46.1,19.1
sess003811,v69,quest3s,3.27,1.48,36.2,16.5
sess003812,v70,quest3s,1.55,0.62,41.5,20.1
sess003813,v70,quest3,1.98,1.05,48.5,18.6
sess003814,v68,quest3,2.06,0.98,42.5,17.3
sess003815,v68,quest3s,2.01,0.25,40.2,18.1
sess003816,v68,quest3s,2.42,0.39,45.3,19.3
sess003817,v68,quest3s,2.69,1.9,42.0,18.2
sess003818,v70,quest3s,3.3,1.73,35.4,19.1
sess003819,v68,quest3s,2.17,1.3,38.4,17.6
sess003820,v70,quest3,1.77,1.76,39.6,19.0
sess003821,v70,quest3,1.28,0.82,40.8,18.0
sess003822,v68,quest3s,1.73,1.35,38.6,20.7
sess003823,v68,quest3s,2.59,1.32,46.2,18.4
sess003824,v69,quest3s,2.79,1.67,40.4,19.2
sess003825,v70,quest3s,2.26,0.79,45.7,19.1
sess003826,v70,quest3,3.14,0.6,44.3,17.5
sess003827,v68,quest3s,2.16,1.0,44.6,16.0
sess003828,v68,quest3,1.82,1.48,40.7,18.7
sess003829,v69,quest3,2.3,1.23,42.6,19.6
sess003830,v69,quest3,2.18,0.89,38.8,18.4
sess003831,v70,quest3,1.76,0.97,47.8,18.0
sess003832,v68,quest3s,2.33,1.7,41.4,20.8
sess003833,v69,quest3s,3.14,1.92,39.2,16.9
sess003834,v68,quest3s,2.69,0.84,36.3,16.9
sess003835,v69,quest3,2.05,0.69,43.9,17.2
sess003836,v69,quest3,1.92,1.21,38.7,19.5
sess003837,v70,quest3,1.21,1.02,41.4,18.5
sess003838,v69,quest3s,3.12,2.14,39.2,18.5
sess003839,v68,quest3,2.04,1.49,41.7,19.5
sess003840,v70,quest3s,3.16,1.4,43.3,20.6
sess003841,v70,quest3s,2.74,0.88,41.4,21.4
sess003842,v70,quest3s,1.6,0.72,30.5,19.0
sess003843,v69,quest3,1.91,1.75,51.5,18.9
sess003844,v70,quest3,1.84,0.19,42.2,18.5
sess003845,v70,quest3,1.97,1.19,44.0,23.4
sess003846,v70,quest3,1.68,1.45,38.1,19.0
sess003847,v70,quest3,2.87,0.36,38.6,18.7
sess003848,v68,quest3,1.94,1.76,39.3,19.3
sess003849,v69,quest3s,2.58,2.2,43.3,17.6
sess003850,v69,quest3,2.04,1.27,50.6,18.1
sess003851,v70,quest3,1.44,1.55,44.8,18.8
sess003852,v69,quest3,2.8,1.38,41.8,18.7
sess003853,v69,quest3,2.09,1.54,48.3,18.8
sess003854,v69,quest3s,3.06,2.36,39.2,16.9
sess003855,v68,quest3,1.28,0.83,45.3,20.5
sess003856,v70,quest3,1.51,1.45,37.0,18.7
sess003857,v69,quest3,2.17,0.72,45.1,18.0
sess003858,v68,quest3,1.82,1.49,45.6,17.6
sess003859,v69,quest3s,3.25,2.23,44.1,18.1
sess003860,v68,quest3s,2.28,1.77,44.2,18.5
sess003861,v69,quest3s,3.47,2.18,47.7,17.9
sess003862,v69,quest3s,3.37,2.04,41.8,19.3
sess003863,v70,quest3s,3.36,0.99,39.4,21.1
sess003864,v68,quest3s,1.91,1.48,37.0,20.6
sess003865,v69,quest3,1.97,0.86,46.8,18.1
sess003866,v69,quest3,2.5,1.21,40.8,18.2
sess003867,v68,quest3,1.89,1.85,44.1,16.7
sess003868,v70,quest3,1.71,0.84,47.0,18.5
sess003869,v69,quest3,1.97,0.99,39.4,18.5
sess003870,v70,quest3,1.72,1.79,38.6,20.8
sess003871,v69,quest3,2.78,1.61,44.8,15.2
sess003872,v69,quest3,1.69,1.98,36.9,17.6
sess003873,v70,quest3s,2.06,1.32,42.6,18.3
sess003874,v68,quest3s,1.53,1.16,39.8,22.3
sess003875,v70,quest3s,2.5,1.14,40.0,17.4
sess003876,v70,quest3,3.07,1.12,51.3,19.6
sess003877,v69,quest3s,3.55,2.37,43.1,19.3
sess003878,v70,quest3s,1.93,1.31,44.4,18.1
sess003879,v69,quest3,2.75,0.91,47.0,18.4
sess003880,v68,quest3,2.2,2.06,37.5,18.9
sess003881,v68,quest3s,1.12,0.66,43.3,16.8
sess003882,v68,quest3,2.47,1.11,42.1,18.6
sess003883,v70,quest3,1.87,0.93,47.7,18.7
sess003884,v68,quest3,1.89,1.09,40.6,20.4
sess003885,v70,quest3,2.08,1.21,41.6,19.2
sess003886,v69,quest3s,2.85,1.12,42.7,16.2
sess003887,v69,quest3,2.0,1.71,42.5,17.9
sess003888,v70,quest3s,2.81,1.55,37.3,19.1
sess003889,v69,quest3s,3.86,2.19,39.0,14.9
sess003890,v70,quest3s,1.82,0.78,42.8,21.3
sess003891,v70,quest3s,2.71,0.71,43.2,16.0
sess003892,v70,quest3s,1.96,1.39,41.9,18.6
sess003893,v68,quest3,1.9,2.12,41.9,15.9
sess003894,v68,quest3,2.59,1.19,39.7,18.3
sess003895,v70,quest3s,1.6,0.97,36.2,20.2
sess003896,v68,quest3,1.36,0.61,40.2,18.5
sess003897,v69,quest3,2.67,0.26,48.2,20.0
sess003898,v69,quest3,1.91,1.91,41.9,19.1
sess003899,v68,quest3s,1.92,1.41,48.4,15.0
sess003900,v70,quest3s,2.15,1.38,37.8,20.4
sess003901,v69,quest3,2.41,1.38,48.3,16.8
sess003902,v68,quest3,3.29,1.2,36.4,17.4
sess003903,v68,quest3,2.06,0.95,40.9,20.8
sess003904,v70,quest3s,1.97,1.75,39.1,20.2
sess003905,v69,quest3,1.33,1.02,31.3,19.9
sess003906,v68,quest3,2.45,1.04,40.6,15.7
sess003907,v68,quest3s,1.53,1.28,38.4,19.9
sess003908,v68,quest3,2.7,1.98,35.1,13.7
sess003909,v68,quest3s,2.11,1.26,38.0,17.6
sess003910,v70,quest3s,1.77,0.93,44.0,19.7
sess003911,v70,quest3,2.23,1.08,38.8,16.2
sess003912,v69,quest3,1.54,1.96,40.4,16.5
sess003913,v70,quest3s,2.39,1.62,32.7,20.3
sess003914,v68,quest3,1.97,1.32,39.7,16.5
sess003915,v69,quest3s,2.87,3.09,43.2,18.4
sess003916,v69,quest3s,2.62,1.86,55.6,14.5
sess003917,v69,quest3,2.51,1.62,43.5,17.4
sess003918,v68,quest3s,2.75,1.24,42.5,16.4
sess003919,v68,quest3,1.82,1.53,44.3,18.2
sess003920,v69,quest3,2.08,0.96,36.8,20.3
sess003921,v69,quest3,1.79,1.91,43.8,17.6
sess003922,v70,quest3s,2.05,1.05,43.6,19.6
sess003923,v69,quest3s,2.86,0.75,47.8,16.7
sess003924,v68,quest3s,1.95,0.74,44.5,17.6
sess003925,v68,quest3s,2.0,1.32,41.1,15.7
sess003926,v69,quest3,2.33,1.82,45.1,18.2
sess003927,v70,quest3s,1.86,1.27,45.5,16.3
sess003928,v69,quest3s,2.6,2.58,44.6,18.0
sess003929,v70,quest3,1.5,0.97,44.3,17.2
sess003930,v68,quest3,1.84,1.22,37.2,18.3
sess003931,v69,quest3,2.93,1.16,30.8,18.6
sess003932,v70,quest3s,2.71,1.15,40.1,19.0
sess003933,v70,quest3,1.6,1.49,42.5,20.5
sess003934,v68,quest3s,2.19,1.81,36.3,17.2
sess003935,v68,quest3,2.17,1.1,40.1,19.6
sess003936,v70,quest3s,2.73,1.17,41.3,18.5
sess003937,v69,quest3,2.07,0.82,42.3,16.9
sess003938,v70,quest3,1.09,1.23,46.4,19.2
sess003939,v69,quest3,2.07,0.69,35.4,20.0
sess003940,v70,quest3,3.19,1.51,43.4,17.0
sess003941,v69,quest3,1.76,1.19,49.6,18.2
sess003942,v68,quest3s,2.35,0.66,47.8,16.5
sess003943,v70,quest3,2.57,0.81,44.3,19.8
sess003944,v70,quest3,0.73,1.64,50.5,18.1
sess003945,v70,quest3,1.93,1.66,42.2,20.3
sess003946,v68,quest3,1.78,0.74,46.4,18.3
sess003947,v68,quest3s,1.34,1.51,44.0,19.4
sess003948,v69,quest3,1.43,0.69,43.3,18.1
sess003949,v69,quest3,2.34,1.51,42.4,19.3
sess003950,v69,quest3s,3.05,1.58,43.4,18.5
sess003951,v70,quest3,1.08,0.71,44.2,21.4
sess003952,v70,quest3s,2.42,1.66,39.4,17.0
sess003953,v69,quest3,1.74,1.85,43.8,17.4
sess003954,v70,quest3,2.17,1.3,37.4,18.8
sess003955,v69,quest3,2.31,1.05,41.2,18.2
sess003956,v68,quest3s,2.34,1.2,43.9,16.7
sess003957,v68,quest3,2.23,1.23,43.8,16.2
sess003958,v69,quest3s,3.65,2.66,45.9,20.9
sess003959,v70,quest3s,2.33,1.04,45.7,18.2
sess003960,v68,quest3s,2.08,1.12,32.5,18.8
sess003961,v69,quest3,2.71,1.38,48.0,19.8
sess003962,v68,quest3s,2.59,1.49,47.6,20.5
sess003963,v70,quest3,1.54,0.85,48.2,18.4
sess003964,v69,quest3,2.27,1.17,44.1,19.3
sess003965,v68,quest3,2.37,1.82,45.6,17.2
sess003966,v68,quest3s,1.98,0.29,43.7,15.9
sess003967,v69,quest3,1.32,0.66,46.7,15.6
sess003968,v70,quest3s,2.73,0.78,50.4,19.5
sess003969,v69,quest3,2.29,1.69,43.1,16.1
sess003970,v69,quest3,2.24,1.24,45.5,19.1
sess003971,v69,quest3s,3.74,2.17,51.3,18.2
sess003972,v70,quest3s,2.37,1.15,43.1,20.2
sess003973,v68,quest3,2.16,1.07,45.1,18.6
sess003974,v69,quest3s,2.95,2.03,46.9,19.1
sess003975,v69,quest3,1.76,0.82,45.1,16.2
sess003976,v69,quest3s,2.83,2.81,45.4,19.6
sess003977,v70,quest3s,2.12,0.62,41.0,17.6
sess003978,v70,quest3s,2.28,0.98,45.0,21.0
sess003979,v70,quest3,1.73,1.33,45.7,16.6
sess003980,v69,quest3,1.22,1.22,37.4,16.5
sess003981,v69,quest3,2.63,1.66,45.2,21.2
sess003982,v70,quest3s,2.34,1.42,42.9,17.1
sess003983,v70,quest3s,2.75,0.88,42.4,20.2
sess003984,v69,quest3s,2.61,1.71,42.3,18.2
sess003985,v68,quest3,2.72,1.68,50.1,19.1
sess003986,v68,quest3,2.4,1.27,43.3,19.3
sess003987,v69,quest3,2.3,1.86,37.4,16.3
sess003988,v68,quest3s,1.8,0.73,45.0,16.5
sess003989,v69,quest3,3.16,0.83,40.4,17.1
sess003990,v69,quest3s,2.26,1.91,38.2,18.5
sess003991,v70,quest3,1.34,1.33,42.5,17.6
sess003992,v68,quest3,1.57,1.12,43.8,19.1
sess003993,v68,quest3s,1.99,1.42,41.8,18.1
sess003994,v69,quest3s,2.68,1.61,41.0,18.6
sess003995,v69,quest3,1.95,0.63,43.2,16.3
sess003996,v70,quest3s,1.89,1.09,36.4,20.9
sess003997,v68,quest3,1.48,1.89,39.4,17.0
sess003998,v69,quest3,2.41,0.67,46.4,18.4
sess003999,v68,quest3s,2.05,1.17,41.9,16.3
sess004000,v68,quest3,1.9,1.25,39.0,16.8
sess004001,v69,quest3,1.73,1.82,44.5,17.4
sess004002,v68,quest3,1.8,1.22,43.4,14.7
sess004003,v68,quest3,2.21,1.91,41.4,20.0
sess004004,v68,quest3,2.31,0.0,40.2,18.4
sess004005,v69,quest3,2.21,1.48,39.3,19.1
sess004006,v70,quest3,1.99,1.58,35.5,21.1
sess004007,v70,quest3s,1.86,0.9,38.9,19.8
sess004008,v70,quest3,1.03,1.07,39.4,19.6
sess004009,v70,quest3,1.42,0.74,38.6,19.7
sess004010,v68,quest3,2.47,0.4,38.0,20.2
sess004011,v69,quest3s,2.17,1.13,44.4,19.3
sess004012,v70,quest3s,1.58,1.09,39.8,16.8
sess004013,v70,quest3,1.64,1.3,41.7,17.5
sess004014,v69,quest3s,2.62,2.19,41.6,19.1
sess004015,v68,quest3s,1.72,0.93,40.5,18.0
sess004016,v70,quest3,2.35,0.71,40.8,19.9
sess004017,v69,quest3s,2.22,2.67,42.9,18.5
sess004018,v70,quest3,2.81,0.71,41.6,17.9
sess004019,v69,quest3s,2.59,2.15,39.4,16.7
sess004020,v70,quest3,2.43,1.24,41.7,19.7
sess004021,v68,quest3s,2.74,0.39,41.8,16.0
sess004022,v68,quest3,2.08,0.64,35.4,16.7
sess004023,v70,quest3,2.17,1.63,37.2,16.8
sess004024,v70,quest3,1.81,0.87,42.3,16.7
sess004025,v70,quest3s,1.13,1.11,37.8,20.0
sess004026,v68,quest3s,2.23,1.25,40.1,19.6
sess004027,v69,quest3,3.02,0.84,36.2,20.8
sess004028,v68,quest3,1.62,1.67,46.3,20.8
sess004029,v70,quest3,2.08,0.32,43.8,19.8
sess004030,v68,quest3,2.53,1.84,44.9,19.1
sess004031,v69,quest3,2.15,1.19,39.6,15.9
sess004032,v70,quest3s,1.56,1.17,41.7,19.6
sess004033,v69,quest3,1.61,0.34,44.4,17.3
sess004034,v69,quest3s,3.85,1.78,38.2,20.1
sess004035,v69,quest3,2.9,1.15,50.1,17.6
sess004036,v70,quest3s,2.73,1.94,43.2,18.1
sess004037,v68,quest3s,2.18,0.86,44.0,17.6
sess004038,v69,quest3s,2.3,1.98,39.4,18.1
sess004039,v69,quest3s,3.7,1.17,41.9,19.7
sess004040,v70,quest3s,2.59,1.1,44.7,18.8
sess004041,v70,quest3,2.28,0.83,42.4,17.5
sess004042,v70,quest3s,3.32,1.74,43.0,20.9
sess004043,v69,quest3,1.96,0.97,33.9,19.0
sess004044,v69,quest3,2.64,0.72,41.0,19.5
sess004045,v69,quest3,2.87,1.11,40.7,16.8
sess004046,v70,quest3,2.04,0.74,37.2,20.6
sess004047,v70,quest3,2.23,1.14,47.0,16.9
sess004048,v68,quest3s,2.34,1.31,36.4,17.0
sess004049,v69,quest3,2.34,1.25,45.5,20.2
sess004050,v70,quest3s,2.01,1.03,38.0,17.1
sess004051,v68,quest3s,1.58,0.77,46.9,17.4
sess004052,v69,quest3,3.63,1.25,36.3,19.1
sess004053,v70,quest3s,2.81,1.19,41.4,20.6
sess004054,v69,quest3s,2.9,2.27,41.7,20.1
sess004055,v69,quest3,1.68,2.38,49.0,18.2
sess004056,v68,quest3s,1.27,0.56,43.8,18.4
sess004057,v68,quest3,2.06,1.31,44.7,19.9
sess004058,v68,quest3s,2.46,1.82,39.4,19.0
sess004059,v69,quest3s,3.17,1.86,42.7,18.0
sess004060,v69,quest3s,3.08,1.1,47.2,18.8
sess004061,v69,quest3s,4.22,2.11,49.5,20.9
sess004062,v70,quest3,2.25,1.15,40.1,22.1
sess004063,v69,quest3s,3.69,2.14,46.8,16.0
sess004064,v70,quest3s,2.78,1.52,35.7,19.4
sess004065,v70,quest3,2.78,0.86,48.8,18.4
sess004066,v69,quest3s,3.35,1.25,49.2,15.1
sess004067,v69,quest3s,3.41,1.89,42.5,17.1
sess004068,v70,quest3,2.02,0.97,39.9,18.6
sess004069,v70,quest3,2.13,0.79,43.3,17.8
sess004070,v68,quest3,2.33,1.38,45.0,19.7
sess004071,v70,quest3,1.92,0.87,38.8,22.1
sess004072,v68,quest3,2.27,1.03,41.8,18.6
sess004073,v68,quest3s,1.78,1.38,41.8,18.1
sess004074,v69,quest3,2.18,0.41,36.8,19.4
sess004075,v70,quest3s,1.49,1.52,44.3,19.2
sess004076,v68,quest3s,2.66,1.24,39.1,18.0
sess004077,v68,quest3s,1.97,1.39,43.3,18.5
sess004078,v68,quest3s,1.38,1.54,43.3,17.5
sess004079,v68,quest3,2.1,1.28,37.2,18.4
sess004080,v70,quest3s,2.48,1.27,42.9,18.0
sess004081,v70,quest3,2.27,1.22,43.0,19.7
sess004082,v70,quest3,2.61,1.44,45.6,16.0
sess004083,v70,quest3,2.67,1.16,39.7,17.6
sess004084,v68,quest3s,2.53,0.91,40.8,15.8
sess004085,v70,quest3,2.41,1.48,42.0,19.0
sess004086,v69,quest3s,2.85,1.54,46.9,18.5
sess004087,v70,quest3,2.7,1.29,42.3,20.9
sess004088,v69,quest3s,3.13,2.16,41.7,17.6
sess004089,v69,quest3,1.97,0.71,45.9,19.1
sess004090,v70,quest3,1.8,1.46,42.1,19.9
sess004091,v70,quest3,1.3,1.23,41.4,19.4
sess004092,v70,quest3,1.68,1.49,44.8,18.0
sess004093,v69,quest3s,3.27,2.21,37.7,20.4
sess004094,v68,quest3s,2.61,1.35,39.6,17.8
sess004095,v68,quest3s,2.5,1.59,44.6,18.6
sess004096,v70,quest3s,2.47,1.1,31.9,18.8
sess004097,v69,quest3s,3.39,1.5,45.7,17.4
sess004098,v68,quest3,3.14,1.11,34.3,16.2
sess004099,v70,quest3s,1.98,1.79,41.6,16.2
sess004100,v70,quest3s,1.84,1.3,48.6,17.0
sess004101,v70,quest3s,2.03,1.25,40.4,21.3
sess004102,v70,quest3,2.54,1.48,38.5,15.0
sess004103,v69,quest3s,2.5,1.95,44.1,19.5
sess004104,v70,quest3s,1.81,1.53,39.2,19.9
sess004105,v70,quest3s,1.88,0.77,41.8,19.5
sess004106,v70,quest3,2.31,0.84,48.7,19.7
sess004107,v70,quest3,3.24,1.72,40.5,18.8
sess004108,v70,quest3s,1.88,0.96,42.3,19.8
sess004109,v68,quest3,2.48,0.96,37.4,17.5
sess004110,v70,quest3s,2.36,1.07,42.6,20.1
sess004111,v69,quest3,2.31,1.17,39.2,17.7
sess004112,v69,quest3,2.37,1.29,38.6,15.3
sess004113,v68,quest3,1.19,1.36,40.3,17.7
sess004114,v69,quest3,2.55,1.06,44.9,17.0
sess004115,v69,quest3s,2.79,1.94,42.7,19.6
sess004116,v70,quest3s,2.51,1.22,46.0,21.6
sess004117,v69,quest3,1.81,1.52,41.6,17.6
sess004118,v70,quest3,1.5,1.26,44.0,16.4
sess004119,v70,quest3,2.31,0.69,41.7,16.7
sess004120,v68,quest3s,2.1,1.27,42.0,17.3
sess004121,v68,quest3s,2.55,1.04,44.5,20.6
sess004122,v69,quest3s,2.46,2.03,44.7,15.6
sess004123,v68,quest3s,2.32,1.64,46.5,19.2
sess004124,v70,quest3,2.12,1.47,40.3,20.1
sess004125,v70,quest3s,2.63,1.46,40.6,20.1
sess004126,v70,quest3,1.48,1.28,44.3,20.0
sess004127,v69,quest3,1.44,1.29,36.7,19.0
sess004128,v70,quest3,1.41,1.23,39.1,21.3
sess004129,v70,quest3s,1.94,1.1,48.8,18.5
sess004130,v69,quest3s,3.09,2.19,43.4,19.9
sess004131,v68,quest3s,1.9,1.01,36.4,18.9
sess004132,v70,quest3s,2.93,1.1,40.9,19.7
sess004133,v69,quest3,2.25,1.57,46.2,17.0
sess004134,v70,quest3s,2.28,1.84,46.5,17.2
sess004135,v69,quest3,1.87,1.84,46.5,17.8
sess004136,v70,quest3s,1.68,0.65,37.9,19.3
sess004137,v69,quest3,2.16,1.8,45.6,17.1
sess004138,v69,quest3s,3.59,2.32,42.7,16.9
sess004139,v68,quest3,2.96,1.72,44.8,17.3
sess004140,v68,quest3,1.81,1.62,32.4,17.2
sess004141,v69,quest3s,3.94,1.93,43.1,20.5
sess004142,v70,quest3,1.71,0.92,37.3,17.0
sess004143,v70,quest3s,2.55,0.99,36.0,18.0
sess004144,v69,quest3,2.64,1.24,38.7,14.8
sess004145,v69,quest3s,2.32,2.25,44.9,18.8
sess004146,v68,quest3,2.2,1.56,38.7,17.8
sess004147,v69,quest3s,2.98,1.9,40.6,17.4
sess004148,v70,quest3,1.11,0.67,40.1,18.4
sess004149,v70,quest3,2.64,1.09,41.8,20.8
sess004150,v70,quest3,2.3,1.59,42.6,19.2
sess004151,v70,quest3,1.71,0.97,37.0,17.6
sess004152,v69,quest3,2.32,1.52,42.4,17.2
sess004153,v69,quest3,3.32,1.03,38.1,16.4
sess004154,v70,quest3s,2.91,0.82,41.6,20.0
sess004155,v68,quest3,1.58,0.89,37.3,18.0
sess004156,v70,quest3,1.89,1.1,41.8,20.2
sess004157,v69,quest3,1.69,1.62,38.6,17.2
sess004158,v69,quest3,1.33,0.64,35.7,19.4
sess004159,v69,quest3s,2.52,1.39,42.1,20.9
sess004160,v69,quest3s,2.62,2.36,46.6,19.1
sess004161,v70,quest3s,1.89,1.03,39.0,18.6
sess004162,v68,quest3s,2.46,1.01,40.2,17.1
sess004163,v68,quest3s,2.13,1.79,48.6,18.7
sess004164,v70,quest3s,1.91,0.53,50.0,17.9
sess004165,v69,quest3s,2.02,1.47,37.0,18.3
sess004166,v70,quest3,1.69,1.43,40.2,20.3
sess004167,v68,quest3,1.89,1.2,39.9,17.1
sess004168,v70,quest3,2.67,1.15,40.0,17.5
sess004169,v68,quest3s,1.12,0.45,35.6,16.7
sess004170,v68,quest3,1.89,1.24,53.3,18.8
sess004171,v70,quest3s,2.04,1.06,32.8,20.2
sess004172,v70,quest3,2.14,1.74,43.0,19.5
sess004173,v69,quest3,2.17,1.2,38.8,17.8
sess004174,v70,quest3s,0.88,1.23,37.5,18.8
sess004175,v69,quest3s,4.02,2.26,45.1,17.2
sess004176,v70,quest3s,1.69,0.75,42.6,18.6
sess004177,v70,quest3,2.92,0.63,37.5,18.2
sess004178,v70,quest3,2.05,0.43,36.4,20.6
sess004179,v68,quest3,2.31,0.84,36.3,18.4
sess004180,v70,quest3,1.77,0.43,40.7,18.9
sess004181,v68,quest3,2.12,0.79,36.0,18.6
sess004182,v68,quest3,1.98,1.31,49.5,17.1
sess004183,v70,quest3,2.32,0.7,43.4,16.3
sess004184,v68,quest3s,2.0,1.18,33.6,17.9
sess004185,v68,quest3s,2.18,1.13,40.7,17.2
sess004186,v68,quest3s,1.69,1.44,46.9,18.1
sess004187,v70,quest3s,1.67,1.38,40.5,16.8
sess004188,v68,quest3,2.41,1.09,44.8,20.1
sess004189,v69,quest3s,3.02,1.42,43.3,17.8
sess004190,v68,quest3s,2.11,1.18,40.7,16.4
sess004191,v68,quest3,2.51,0.82,44.8,18.8
sess004192,v68,quest3s,2.14,1.57,38.3,19.7
sess004193,v68,quest3s,1.85,1.32,38.6,17.7
sess004194,v69,quest3s,2.35,2.02,37.1,17.6
sess004195,v68,quest3s,1.59,1.37,37.0,20.3
sess004196,v70,quest3,2.67,1.12,44.0,18.7
sess004197,v69,quest3s,3.39,2.24,38.9,16.5
sess004198,v69,quest3,2.26,1.46,46.4,18.7
sess004199,v68,quest3,2.02,1.14,38.8,17.2
sess004200,v70,quest3,2.33,0.33,39.2,19.7
sess004201,v70,quest3,2.32,1.84,37.9,21.0
sess004202,v70,quest3s,2.54,1.97,44.7,18.6
sess004203,v69,quest3s,2.91,1.75,38.0,20.1
sess004204,v68,quest3s,2.62,1.1,38.4,15.2
sess004205,v70,quest3,2.53,1.01,40.5,22.4
sess004206,v70,quest3,1.92,1.67,44.6,20.2
sess004207,v69,quest3s,3.33,2.4,39.9,19.5
sess004208,v70,quest3s,2.66,0.66,47.6,18.3
sess004209,v68,quest3,2.2,0.98,36.2,21.5
sess004210,v69,quest3s,3.1,1.55,43.1,18.0
sess004211,v69,quest3,1.93,1.07,35.1,19.5
sess004212,v70,quest3s,1.77,1.17,45.1,19.2
sess004213,v68,quest3s,2.78,1.15,42.2,18.2
sess004214,v68,quest3,2.91,0.73,41.3,19.0
sess004215,v68,quest3s,2.72,1.45,42.8,16.6
sess004216,v70,quest3s,2.29,0.98,44.1,18.4
sess004217,v69,quest3s,4.0,2.09,41.9,19.0
sess004218,v69,quest3s,3.14,1.35,41.9,16.2
sess004219,v68,quest3s,1.91,1.34,44.0,18.4
sess004220,v70,quest3s,1.12,1.81,42.9,19.0
sess004221,v68,quest3,2.01,1.41,41.3,17.1
sess004222,v69,quest3,2.53,1.09,35.3,17.9
sess004223,v70,quest3,1.85,1.02,42.0,18.3
sess004224,v69,quest3,1.58,1.87,44.2,17.3
sess004225,v70,quest3,2.29,1.05,46.9,19.7
sess004226,v70,quest3,1.84,0.97,40.2,19.8
sess004227,v68,quest3s,1.59,1.06,48.3,17.5
sess004228,v70,quest3,2.65,1.23,38.8,19.5
sess004229,v68,quest3s,2.52,1.7,40.7,19.0
sess004230,v69,quest3,2.0,0.96,45.0,19.1
sess004231,v68,quest3,2.64,0.92,42.9,17.1
sess004232,v70,quest3s,2.45,0.92,44.9,18.4
sess004233,v69,quest3s,3.49,2.19,37.8,19.1
sess004234,v70,quest3,3.31,0.65,43.5,19.1
sess004235,v70,quest3,2.75,1.52,34.3,19.4
sess004236,v69,quest3,2.04,1.66,43.8,17.1
sess004237,v69,quest3,3.19,0.87,42.3,19.1
sess004238,v68,quest3s,1.8,0.91,46.3,18.0
sess004239,v69,quest3s,3.74,2.64,47.9,17.4
sess004240,v69,quest3s,2.77,1.36,44.0,17.1
sess004241,v69,quest3,2.36,1.3,44.2,18.3
sess004242,v69,quest3,2.32,0.51,47.4,17.8
sess004243,v70,quest3,1.97,0.44,42.2,20.6
sess004244,v69,quest3,2.06,0.9,39.5,18.2
sess004245,v70,quest3,1.88,1.34,39.5,19.9
sess004246,v68,quest3s,2.36,1.17,37.4,18.0
sess004247,v69,quest3,2.16,1.17,44.5,16.5
sess004248,v68,quest3s,2.11,1.46,35.4,18.5
sess004249,v70,quest3,2.27,0.91,44.4,20.3
sess004250,v68,quest3s,1.7,0.88,44.1,17.4
sess004251,v69,quest3s,2.27,1.49,42.3,18.4
sess004252,v70,quest3s,2.4,1.76,46.9,21.4
sess004253,v70,quest3,1.81,1.0,37.4,16.4
sess004254,v68,quest3s,2.9,1.29,38.2,18.3
sess004255,v69,quest3s,3.17,2.55,37.0,16.1
sess004256,v69,quest3s,3.3,2.3,43.6,15.8
sess004257,v68,quest3s,2.42,1.4,44.6,17.6
sess004258,v68,quest3s,1.88,1.14,40.3,18.0
sess004259,v68,quest3s,2.07,0.49,44.3,18.1
sess004260,v69,quest3s,3.11,1.64,38.2,20.5
sess004261,v70,quest3s,1.59,1.41,41.0,17.8
sess004262,v68,quest3s,2.31,0.49,43.8,19.4
sess004263,v69,quest3s,2.91,1.71,39.0,17.0
sess004264,v68,quest3,1.83,1.39,42.4,19.3
sess004265,v70,quest3,2.23,1.39,41.3,15.9
sess004266,v69,quest3,1.94,0.83,45.2,18.4
sess004267,v68,quest3,2.0,1.3,38.9,13.9
sess004268,v69,quest3s,3.0,1.52,47.3,18.6
sess004269,v70,quest3,2.01,0.92,41.1,19.3
sess004270,v69,quest3,0.9,1.55,33.2,18.1
sess004271,v70,quest3,2.64,1.24,49.7,17.1
sess004272,v68,quest3s,1.73,1.48,43.9,17.8
sess004273,v70,quest3s,1.56,0.83,37.8,18.4
sess004274,v69,quest3,0.93,0.7,43.4,18.8
sess004275,v70,quest3s,2.7,1.0,53.4,18.2
sess004276,v70,quest3s,2.32,0.87,42.2,18.4
sess004277,v69,quest3,1.82,1.55,46.9,20.6
sess004278,v68,quest3,2.16,1.43,40.3,17.1
sess004279,v68,quest3,1.12,1.53,47.3,19.0
sess004280,v68,quest3s,2.77,1.1,42.9,17.5
sess004281,v70,quest3,2.19,0.97,38.9,18.1
sess004282,v70,quest3s,3.24,1.55,44.4,16.7
sess004283,v68,quest3s,1.98,1.44,40.2,18.4
sess004284,v70,quest3,2.87,1.41,41.4,19.2
sess004285,v68,quest3,1.43,1.55,34.1,17.9
sess004286,v69,quest3,2.17,1.03,44.7,16.7
sess004287,v68,quest3,1.42,0.66,37.7,18.9
sess004288,v68,quest3,2.4,1.14,41.7,17.4
sess004289,v68,quest3,0.98,1.75,38.3,17.0
sess004290,v70,quest3,1.78,1.76,48.8,21.3
sess004291,v68,quest3s,2.57,1.52,41.8,20.0
sess004292,v70,quest3,1.2,1.38,43.7,18.0
sess004293,v69,quest3,2.28,1.18,42.9,19.1
sess004294,v69,quest3,2.37,1.8,41.6,16.1
sess004295,v68,quest3,2.6,1.77,37.8,17.8
sess004296,v69,quest3,1.85,1.18,48.3,18.7
sess004297,v69,quest3,1.94,0.95,42.2,17.4
sess004298,v69,quest3s,3.21,1.59,43.5,20.6
sess004299,v69,quest3,2.23,1.19,39.6,20.2
sess004300,v68,quest3,2.01,1.34,44.6,18.3
sess004301,v68,quest3s,1.73,0.76,54.3,15.1
sess004302,v68,quest3,1.88,0.99,36.7,18.2
sess004303,v70,quest3,2.93,1.17,43.3,17.6
sess004304,v70,quest3,1.0,0.89,42.9,18.8
sess004305,v70,quest3,2.72,1.52,39.6,19.7
sess004306,v69,quest3s,2.78,2.38,38.8,19.8
sess004307,v69,quest3s,2.28,1.57,39.3,17.0
sess004308,v68,quest3s,2.72,1.12,40.9,17.7
sess004309,v68,quest3s,3.14,1.17,47.8,18.7
sess004310,v70,quest3s,1.13,1.22,39.3,16.8
sess004311,v70,quest3,3.04,1.01,42.1,17.0
sess004312,v68,quest3,2.02,1.33,41.9,15.9
sess004313,v68,quest3s,1.73,0.8,38.3,18.8
sess004314,v68,quest3,2.63,1.55,43.1,17.0
sess004315,v68,quest3,1.5,1.31,38.8,16.8
sess004316,v69,quest3,2.11,0.02,45.4,21.3
sess004317,v68,quest3,2.0,1.73,44.6,18.7
sess004318,v68,quest3s,0.59,1.1,32.6,15.8
sess004319,v69,quest3,1.82,1.11,36.3,15.8
sess004320,v69,quest3s,3.7,1.74,41.9,17.5
sess004321,v70,quest3s,2.22,2.04,51.4,19.6
sess004322,v70,quest3s,2.16,1.58,41.3,19.5
sess004323,v69,quest3s,2.72,1.16,42.4,17.6
sess004324,v70,quest3s,1.92,1.63,38.2,17.9
sess004325,v69,quest3s,2.65,1.87,33.2,16.6
sess004326,v69,quest3,2.08,1.55,48.6,17.7
sess004327,v70,quest3,2.53,1.26,43.8,20.7
sess004328,v70,quest3s,1.85,1.62,40.7,20.7
sess004329,v69,quest3s,2.51,1.4,42.6,19.6
sess004330,v68,quest3,2.52,1.2,40.2,17.1
sess004331,v68,quest3,1.42,0.76,41.5,17.3
sess004332,v70,quest3,1.5,0.87,42.3,17.1
sess004333,v68,quest3,1.91,0.46,38.8,17.5
sess004334,v68,quest3,2.16,1.52,35.6,17.0
sess004335,v70,quest3s,1.74,1.84,43.0,19.7
sess004336,v68,quest3s,1.48,1.27,44.8,20.3
sess004337,v69,quest3s,3.54,1.33,46.9,17.9
sess004338,v69,quest3,2.56,0.44,50.5,19.5
sess004339,v69,quest3s,3.43,1.81,44.1,19.9
sess004340,v69,quest3s,3.41,1.11,53.8,19.2
sess004341,v69,quest3,2.26,1.62,40.0,15.7
sess004342,v68,quest3,1.76,1.77,40.6,16.4
sess004343,v69,quest3,2.09,1.2,42.5,17.4
sess004344,v69,quest3s,3.0,1.59,45.3,18.3
sess004345,v70,quest3s,1.39,1.65,41.5,15.9
sess004346,v69,quest3s,2.91,1.92,47.6,20.8
sess004347,v69,quest3,1.89,0.94,40.4,17.5
sess004348,v68,quest3,1.4,1.95,44.9,16.2
sess004349,v68,quest3s,2.14,1.0,42.3,16.4
sess004350,v69,quest3s,3.77,2.33,45.7,16.0
sess004351,v70,quest3,2.87,1.04,41.6,19.4
sess004352,v70,quest3,2.23,0.48,39.5,19.0
sess004353,v70,quest3,1.18,1.16,41.0,18.1
sess004354,v70,quest3s,2.07,1.68,43.7,20.8
sess004355,v69,quest3,2.44,1.36,41.2,18.0
sess004356,v68,quest3,1.99,1.66,39.5,15.2
sess004357,v68,quest3,1.85,1.37,45.6,18.8
sess004358,v69,quest3s,2.84,1.49,48.6,15.9
sess004359,v68,quest3,3.03,1.65,44.8,19.1
sess004360,v68,quest3,2.44,0.69,41.4,19.8
sess004361,v69,quest3,2.75,0.9,41.9,16.0
sess004362,v68,quest3,1.35,1.2,44.3,19.0
sess004363,v70,quest3,2.14,1.21,38.7,20.0
sess004364,v68,quest3,2.46,1.25,42.4,15.7
sess004365,v68,quest3s,2.65,1.2,35.2,17.5
sess004366,v69,quest3s,2.05,1.34,36.5,15.3
sess004367,v69,quest3,3.06,1.14,40.6,19.6
sess004368,v69,quest3,2.61,2.22,38.9,16.7
sess004369,v70,quest3,1.97,1.58,42.9,18.5
sess004370,v70,quest3s,1.95,1.11,44.4,17.7
sess004371,v70,quest3,2.58,1.36,37.9,20.6
sess004372,v69,quest3,2.96,1.31,44.4,18.0
sess004373,v69,quest3s,2.5,1.42,41.1,17.6
sess004374,v69,quest3s,2.93,2.39,48.8,18.8
sess004375,v68,quest3s,1.54,1.58,38.4,15.8
sess004376,v69,quest3,0.73,1.86,41.3,16.2
sess004377,v69,quest3s,3.64,2.26,40.2,18.7
sess004378,v69,quest3s,2.65,1.33,43.6,18.2
sess004379,v68,quest3,2.14,1.37,46.7,16.6
sess004380,v70,quest3s,3.23,1.25,49.6,17.5
sess004381,v70,quest3s,2.02,1.06,44.3,18.6
sess004382,v68,quest3,1.72,1.01,47.8,17.4
sess004383,v69,quest3s,3.35,1.97,37.8,16.3
sess004384,v68,quest3s,3.03,1.04,44.6,18.6
sess004385,v69,quest3,2.7,1.09,41.0,17.1
sess004386,v69,quest3,1.7,0.98,43.4,16.0
sess004387,v68,quest3,2.31,1.66,47.4,16.6
sess004388,v70,quest3,2.0,0.9,42.2,18.4
sess004389,v69,quest3s,3.37,1.96,43.3,20.0
sess004390,v70,quest3s,2.63,1.42,40.9,19.1
sess004391,v70,quest3s,2.34,0.89,44.6,19.2
sess004392,v68,quest3,2.56,0.05,44.0,17.8
sess004393,v68,quest3s,1.87,0.81,40.2,19.5
sess004394,v69,quest3,1.66,0.46,38.0,19.0
sess004395,v70,quest3,1.62,0.6,45.0,19.3
sess004396,v68,quest3s,3.31,0.98,43.2,18.4
sess004397,v70,quest3s,2.67,1.13,41.3,19.1
sess004398,v68,quest3s,1.59,1.09,39.8,18.1
sess004399,v69,quest3s,2.88,1.8,44.0,16.3
sess004400,v70,quest3s,1.78,1.52,44.9,20.2
sess004401,v70,quest3,2.43,1.06,43.1,19.0
sess004402,v68,quest3,1.88,1.11,37.4,17.9
sess004403,v68,quest3s,2.23,0.93,43.4,19.5
sess004404,v70,quest3s,2.04,1.09,45.2,18.4
sess004405,v70,quest3,2.98,1.24,41.4,20.1
sess004406,v68,quest3s,2.74,1.08,47.1,18.7
sess004407,v68,quest3,2.84,1.5,44.6,17.8
sess004408,v69,quest3s,2.52,1.92,41.5,18.6
sess004409,v70,quest3,1.33,0.98,43.4,17.8
sess004410,v69,quest3,2.13,2.07,38.7,15.8
sess004411,v68,quest3,2.15,1.73,44.5,20.0
sess004412,v69,quest3s,2.31,2.24,47.8,16.2
sess004413,v68,quest3s,1.07,0.54,40.4,17.7
sess004414,v70,quest3,2.0,1.37,39.3,19.5
sess004415,v70,quest3,1.69,1.54,42.9,17.9
sess004416,v70,quest3s,1.56,1.01,39.1,18.0
sess004417,v68,quest3,2.12,1.51,47.3,17.0
sess004418,v70,quest3s,2.17,1.72,41.8,18.6
sess004419,v68,quest3s,1.89,2.05,40.0,17.0
sess004420,v69,quest3s,2.35,1.94,44.3,16.3
sess004421,v68,quest3s,2.29,1.24,41.9,18.2
sess004422,v68,quest3s,1.82,1.11,43.1,18.6
sess004423,v69,quest3s,2.23,2.21,45.5,17.6
sess004424,v69,quest3,2.86,1.36,35.8,16.5
sess004425,v69,quest3,2.37,1.53,44.3,20.8
sess004426,v70,quest3s,1.7,1.09,39.6,19.4
sess004427,v68,quest3,2.04,1.39,43.9,17.4
sess004428,v70,quest3,1.87,1.35,39.8,17.5
sess004429,v70,quest3,1.48,1.28,39.8,16.4
sess004430,v69,quest3,2.39,1.51,39.8,20.6
sess004431,v68,quest3,1.9,0.34,43.0,18.5
sess004432,v70,quest3,2.06,1.26,45.5,20.3
sess004433,v70,quest3s,2.46,1.62,43.5,19.7
sess004434,v69,quest3s,3.01,1.77,37.2,16.6
sess004435,v69,quest3,2.39,1.78,38.1,16.6
sess004436,v70,quest3s,2.49,1.09,46.0,17.6
sess004437,v69,quest3s,2.12,1.03,39.4,18.3
sess004438,v68,quest3s,2.69,0.83,39.5,17.9
sess004439,v70,quest3s,2.26,1.1,38.8,16.5
sess004440,v70,quest3s,1.06,1.62,41.8,16.9
sess004441,v69,quest3,2.77,1.19,47.4,17.2
sess004442,v69,quest3s,3.68,2.79,47.8,17.8
sess004443,v69,quest3s,2.16,1.89,43.3,18.0
sess004444,v68,quest3,2.28,1.09,37.9,17.9
sess004445,v68,quest3,2.58,1.09,45.3,19.3
sess004446,v69,quest3,2.54,1.39,38.5,16.5
sess004447,v68,quest3,1.59,1.09,43.6,18.2
sess004448,v69,quest3s,2.39,2.03,40.9,19.3
sess004449,v70,quest3,2.5,1.03,40.7,21.9
sess004450,v70,quest3,2.3,1.05,45.9,18.1
sess004451,v70,quest3s,1.79,1.36,44.4,18.5
sess004452,v70,quest3,2.11,1.7,42.2,19.4
sess004453,v70,quest3s,1.3,0.74,47.9,18.3
sess004454,v69,quest3,2.55,1.46,46.3,15.4
sess004455,v69,quest3,3.1,1.27,39.7,16.7
sess004456,v69,quest3,1.25,1.99,40.2,16.7
sess004457,v70,quest3s,2.28,1.97,43.0,20.6
sess004458,v68,quest3,1.56,1.03,40.9,17.9
sess004459,v68,quest3,1.98,1.39,45.0,17.4
sess004460,v70,quest3,2.57,0.56,50.3,21.0
sess004461,v69,quest3,2.19,0.98,49.1,17.0
sess004462,v68,quest3s,1.4,1.44,46.8,17.3
sess004463,v69,quest3s,3.92,1.67,44.5,17.7
sess004464,v68,quest3s,2.71,1.08,40.2,18.6
sess004465,v69,quest3,2.45,0.77,46.0,17.4
sess004466,v70,quest3s,2.36,1.54,46.3,17.9
sess004467,v69,quest3,2.37,2.14,43.6,18.0
sess004468,v70,quest3,2.44,1.33,38.9,18.4
sess004469,v68,quest3,2.2,1.02,40.4,19.2
sess004470,v70,quest3,2.29,1.4,38.6,17.8
sess004471,v68,quest3,2.68,1.4,41.8,19.8
sess004472,v69,quest3,2.52,0.55,43.0,15.9
sess004473,v69,quest3s,2.74,1.61,39.2,18.9
sess004474,v68,quest3s,2.15,1.07,38.8,20.5
sess004475,v68,quest3,2.39,0.89,44.8,16.4
sess004476,v69,quest3s,2.51,2.45,37.9,18.8
sess004477,v69,quest3,2.1,1.54,48.9,19.0
sess004478,v69,quest3s,2.39,1.81,41.9,19.2
sess004479,v68,quest3,1.75,1.84,37.6,16.6
sess004480,v69,quest3s,3.5,2.15,41.0,19.9
sess004481,v69,quest3,1.88,1.39,47.3,17.6
sess004482,v68,quest3,2.67,1.93,38.5,18.9
sess004483,v70,quest3s,2.07,2.27,41.2,18.9
sess004484,v69,quest3,2.26,1.26,41.6,16.4
sess004485,v68,quest3s,2.78,1.79,38.7,19.7
sess004486,v68,quest3,2.38,1.51,49.4,17.6
sess004487,v69,quest3,2.61,1.32,44.6,17.0
sess004488,v68,quest3s,2.44,1.26,42.9,15.8
sess004489,v68,quest3,2.55,2.03,42.8,20.5
sess004490,v68,quest3s,1.93,1.14,53.3,18.0
sess004491,v68,quest3s,1.19,1.05,45.2,19.4
sess004492,v70,quest3s,1.85,0.17,46.1,20.9
sess004493,v70,quest3s,1.44,1.31,48.1,19.9
sess004494,v69,quest3s,2.81,2.04,42.9,18.5
sess004495,v68,quest3s,2.22,0.74,39.1,18.5
sess004496,v70,quest3s,2.6,0.84,47.4,19.3
sess004497,v68,quest3,2.8,1.14,38.0,18.2
sess004498,v70,quest3,1.66,0.93,35.6,16.7
sess004499,v70,quest3s,2.78,0.7,44.9,21.4
sess004500,v69,quest3,1.76,1.38,43.5,19.6
sess004501,v68,quest3s,1.92,0.75,45.9,17.8
sess004502,v68,quest3s,2.02,1.78,40.9,16.4
sess004503,v68,quest3s,2.11,1.37,40.1,19.5
sess004504,v69,quest3,2.03,0.59,39.2,17.6
sess004505,v69,quest3s,3.34,2.2,41.9,18.9
sess004506,v69,quest3s,2.82,2.05,39.9,14.6
sess004507,v69,quest3,2.51,1.41,35.9,17.3
sess004508,v70,quest3,1.43,1.23,38.3,16.9
sess004509,v70,quest3s,1.97,1.98,51.1,21.5
sess004510,v68,quest3,1.72,0.39,44.1,19.1
sess004511,v69,quest3,2.75,1.19,46.6,19.9
sess004512,v69,quest3,2.03,1.06,45.0,17.1
sess004513,v68,quest3,2.13,1.47,36.1,19.1
sess004514,v68,quest3s,2.11,1.57,45.1,17.9
sess004515,v70,quest3,2.16,1.36,36.6,20.6
sess004516,v68,quest3s,1.29,0.57,37.8,18.7
sess004517,v69,quest3s,3.43,1.3,42.5,15.6
sess004518,v70,quest3s,2.19,1.43,41.2,18.4
sess004519,v69,quest3,2.77,1.76,42.6,17.2
sess004520,v68,quest3s,2.31,0.87,33.5,21.5
sess004521,v70,quest3s,2.55,1.42,39.6,18.0
sess004522,v70,quest3,2.43,1.31,42.6,20.1
sess004523,v70,quest3s,2.62,1.07,46.5,19.8
sess004524,v69,quest3,2.33,1.34,45.5,19.4
sess004525,v68,quest3,1.67,0.76,42.6,20.2
sess004526,v68,quest3s,1.99,0.98,37.1,19.0
sess004527,v68,quest3,1.86,0.56,40.2,15.7
sess004528,v70,quest3,1.44,1.48,40.0,19.0
sess004529,v70,quest3,2.25,1.09,40.5,18.1
sess004530,v70,quest3,1.31,1.27,42.8,17.5
sess004531,v70,quest3s,2.55,1.93,42.6,20.3
sess004532,v68,quest3,1.08,2.28,41.0,19.1
sess004533,v69,quest3,1.73,1.37,48.4,19.3
sess004534,v69,quest3s,2.71,1.35,33.6,17.2
sess004535,v68,quest3s,2.35,1.33,47.1,17.9
sess004536,v68,quest3s,1.92,0.87,37.2,18.7
sess004537,v70,quest3,1.93,0.96,43.8,18.8
sess004538,v69,quest3s,2.38,1.74,45.7,16.6
sess004539,v69,quest3s,2.77,2.29,37.4,17.3
sess004540,v68,quest3,2.17,1.23,42.3,16.7
sess004541,v69,quest3,1.49,1.67,39.9,18.1
sess004542,v69,quest3s,2.9,2.21,34.4,17.8
sess004543,v68,quest3,2.03,0.96,40.2,17.3
sess004544,v70,quest3,2.16,1.48,38.3,17.0
sess004545,v70,quest3,1.86,1.46,48.7,18.5
sess004546,v69,quest3s,3.43,2.3,46.0,20.0
sess004547,v69,quest3s,3.49,1.85,41.4,17.6
sess004548,v69,quest3s,3.69,2.53,38.5,16.3
sess004549,v68,quest3,2.62,1.38,35.0,16.2
sess004550,v69,quest3,2.65,1.41,47.6,18.0
sess004551,v70,quest3s,1.51,1.18,43.3,19.3
sess004552,v70,quest3,2.29,1.08,47.3,20.1
sess004553,v68,quest3,2.98,0.38,44.6,18.2
sess004554,v69,quest3s,3.44,2.2,44.0,15.9
sess004555,v69,quest3,1.53,1.44,35.2,16.7
sess004556,v68,quest3s,2.79,1.43,40.9,17.5
sess004557,v68,quest3s,1.4,1.86,43.0,17.4
sess004558,v69,quest3,1.55,2.06,47.6,16.8
sess004559,v70,quest3,2.44,1.31,40.9,19.2
sess004560,v70,quest3,2.35,0.95,36.9,17.0
sess004561,v70,quest3s,2.12,1.0,41.5,18.7
sess004562,v70,quest3,2.29,0.53,41.6,20.5
sess004563,v70,quest3s,2.45,1.27,41.3,17.9
sess004564,v70,quest3,2.36,2.1,34.8,16.4
sess004565,v70,quest3s,1.61,1.11,46.3,17.6
sess004566,v69,quest3s,3.13,2.03,39.3,16.6
sess004567,v68,quest3,1.88,1.36,35.5,19.4
sess004568,v69,quest3,2.79,1.05,40.3,19.6
sess004569,v70,quest3s,1.95,0.77,42.1,20.5
sess004570,v68,quest3s,1.62,0.69,44.1,18.7
sess004571,v68,quest3,1.79,1.12,42.5,16.6
sess004572,v69,quest3,1.87,1.83,40.3,17.5
sess004573,v70,quest3s,2.42,2.09,36.6,18.5
sess004574,v69,quest3,1.26,1.43,39.8,15.9
sess004575,v70,quest3,1.91,0.78,35.8,18.1
sess004576,v69,quest3,1.52,0.92,39.1,17.0
sess004577,v69,quest3,2.18,1.09,44.4,19.8
sess004578,v69,quest3s,2.75,1.52,43.3,16.0
sess004579,v69,quest3,1.55,1.48,40.7,17.1
sess004580,v70,quest3s,2.83,1.23,40.9,19.0
sess004581,v70,quest3,2.11,1.65,41.9,20.9
sess004582,v68,quest3,1.91,1.22,47.0,18.1
sess004583,v69,quest3s,2.68,2.2,45.1,16.7
sess004584,v68,quest3s,2.32,1.26,46.5,18.6
sess004585,v70,quest3s,2.63,1.41,43.6,21.7
sess004586,v69,quest3s,3.79,2.63,44.5,16.9
sess004587,v68,quest3,2.27,1.2,39.8,18.8
sess004588,v70,quest3,2.45,1.8,44.4,17.2
sess004589,v68,quest3,2.17,1.46,36.4,18.4
sess004590,v68,quest3,2.06,1.53,36.4,18.5
sess004591,v70,quest3s,2.19,1.18,39.6,18.6
sess004592,v69,quest3,2.54,0.83,49.2,19.6
sess004593,v68,quest3s,1.77,0.96,37.3,20.8
sess004594,v68,quest3,2.58,1.03,41.7,15.8
sess004595,v70,quest3s,2.37,0.49,43.7,18.2
sess004596,v70,quest3s,2.39,1.78,45.5,20.3
sess004597,v70,quest3s,2.42,0.55,45.1,15.5
sess004598,v68,quest3s,1.46,0.67,36.0,17.2
sess004599,v70,quest3s,2.19,1.28,35.7,17.4
sess004600,v69,quest3,2.53,1.42,43.5,18.0
sess004601,v69,quest3s,3.34,1.98,41.4,18.9
sess004602,v69,quest3s,3.08,2.3,40.4,18.7
sess004603,v70,quest3,2.59,1.12,46.5,23.3
sess004604,v69,quest3,3.2,1.56,36.9,18.4
sess004605,v69,quest3,2.41,0.78,40.9,18.7
sess004606,v69,quest3s,3.25,1.91,44.6,20.6
sess004607,v69,quest3,1.91,0.99,32.1,18.7
sess004608,v69,quest3,2.12,1.46,40.0,18.8
sess004609,v68,quest3,1.69,0.46,43.3,16.2
sess004610,v69,quest3,2.74,0.57,42.1,16.0
sess004611,v69,quest3,2.86,1.01,41.4,16.8
sess004612,v68,quest3s,2.3,1.0,42.5,19.6
sess004613,v70,quest3s,2.15,0.61,41.9,19.4
sess004614,v70,quest3s,2.49,1.32,43.3,20.6
sess004615,v69,quest3s,2.77,1.84,39.6,16.8
sess004616,v70,quest3,2.33,1.56,34.0,19.8
sess004617,v69,quest3s,2.68,2.51,44.5,19.6
sess004618,v70,quest3,0.87,1.12,41.7,16.7
sess004619,v69,quest3,1.78,1.6,41.3,18.4
sess004620,v70,quest3,2.76,2.13,44.5,20.2
sess004621,v69,quest3s,2.96,2.24,38.2,15.7
sess004622,v69,quest3,1.36,1.21,46.4,16.3
sess004623,v70,quest3s,1.42,1.37,38.7,19.2
sess004624,v68,quest3,2.04,1.44,41.9,19.2
sess004625,v68,quest3s,1.68,1.11,45.2,17.5
sess004626,v68,quest3,1.52,1.67,43.9,16.2
sess004627,v70,quest3,2.4,1.98,48.0,17.4
sess004628,v68,quest3,1.02,0.63,42.2,17.8
sess004629,v68,quest3s,1.91,0.69,38.0,19.9
sess004630,v70,quest3s,2.13,1.16,46.9,19.4
sess004631,v69,quest3s,2.58,1.75,41.4,18.2
sess004632,v69,quest3s,1.87,1.83,45.2,15.5
sess004633,v70,quest3s,2.13,0.97,38.4,19.2
sess004634,v70,quest3,0.8,1.08,42.8,17.5
sess004635,v70,quest3,1.58,1.71,42.0,19.3
sess004636,v68,quest3,1.68,1.35,34.2,15.7
sess004637,v69,quest3,2.05,1.2,44.3,17.3
sess004638,v70,quest3,1.52,0.67,32.5,18.5
sess004639,v69,quest3s,2.67,1.96,38.7,18.5
sess004640,v69,quest3,2.91,1.31,45.6,18.5
sess004641,v68,quest3,2.51,1.57,40.0,19.5
sess004642,v69,quest3,2.46,1.02,45.9,17.1
sess004643,v69,quest3s,2.06,1.94,41.9,18.7
sess004644,v69,quest3s,2.97,2.01,44.3,21.9
sess004645,v70,quest3s,2.33,1.33,41.8,14.7
sess004646,v68,quest3s,2.87,0.89,41.2,18.8
sess004647,v70,quest3s,1.39,0.75,43.0,19.2
sess004648,v68,quest3s,2.89,1.59,49.4,15.4
sess004649,v70,quest3s,2.18,1.35,45.1,18.5
sess004650,v68,quest3s,2.12,0.94,44.2,19.5
sess004651,v70,quest3,2.27,0.79,44.7,20.1
sess004652,v70,quest3s,1.66,1.6,34.3,20.4
sess004653,v68,quest3s,2.23,0.96,45.5,19.2
sess004654,v69,quest3,2.63,1.58,45.5,19.3
sess004655,v70,quest3s,2.46,1.76,48.4,19.9
sess004656,v70,quest3s,2.36,0.92,43.9,16.7
sess004657,v69,quest3,2.46,1.04,37.8,18.4
sess004658,v70,quest3s,1.67,0.85,41.5,17.2
sess004659,v70,quest3s,2.05,0.8,51.1,19.4
sess004660,v68,quest3,2.44,1.19,41.6,18.3
sess004661,v70,quest3s,2.19,1.68,39.3,17.7
sess004662,v70,quest3s,2.78,1.77,38.8,18.3
sess004663,v69,quest3,2.94,1.33,43.1,16.2
sess004664,v69,quest3,2.36,0.83,38.6,17.3
sess004665,v69,quest3,2.51,1.83,42.2,17.9
sess004666,v68,quest3s,2.58,1.53,42.7,18.8
sess004667,v69,quest3s,2.33,1.48,41.0,16.0
sess004668,v68,quest3s,1.97,0.91,44.5,19.9
sess004669,v68,quest3s,1.88,1.87,42.0,18.6
sess004670,v70,quest3,3.04,1.14,36.8,20.2
sess004671,v68,quest3,1.81,1.5,41.7,19.3
sess004672,v69,quest3,2.43,1.54,34.9,17.8
sess004673,v69,quest3,2.67,0.99,38.1,17.0
sess004674,v68,quest3s,2.84,0.91,49.2,19.3
sess004675,v68,quest3,2.56,1.61,45.1,15.5
sess004676,v70,quest3s,2.45,0.8,45.5,17.6
sess004677,v68,quest3s,1.6,0.88,48.0,18.5
sess004678,v69,quest3,1.1,1.97,44.3,18.8
sess004679,v68,quest3,2.88,1.11,42.4,16.9
sess004680,v69,quest3,1.6,1.15,44.9,18.4
sess004681,v69,quest3s,3.68,1.73,43.5,16.6
sess004682,v68,quest3s,2.87,1.5,36.4,19.1
sess004683,v69,quest3,2.19,1.55,47.2,14.9
sess004684,v69,quest3,2.11,0.79,43.0,19.9
sess004685,v69,quest3s,3.9,1.65,42.9,18.9
sess004686,v70,quest3,1.86,1.06,37.7,19.3
sess004687,v69,quest3,2.59,1.11,46.7,18.0
sess004688,v70,quest3,1.59,1.2,42.4,16.7
sess004689,v68,quest3,1.58,1.12,45.9,19.4
sess004690,v70,quest3s,0.7,1.34,41.3,21.2
sess004691,v69,quest3,2.58,1.86,40.8,17.3
sess004692,v68,quest3,1.26,1.03,41.8,18.0
sess004693,v69,quest3,2.13,1.36,37.3,15.2
sess004694,v70,quest3,2.33,0.42,40.5,17.7
sess004695,v68,quest3,2.69,0.73,47.8,16.6
sess004696,v68,quest3,2.3,0.59,39.6,19.6
sess004697,v70,quest3,2.18,0.51,50.2,20.3
sess004698,v68,quest3s,1.24,1.76,48.3,20.8
sess004699,v68,quest3s,2.46,1.01,41.6,15.5
sess004700,v69,quest3,1.83,1.12,40.4,17.0
sess004701,v70,quest3,1.83,1.1,35.1,18.3
sess004702,v68,quest3s,1.46,0.68,34.2,19.2
sess004703,v68,quest3,2.58,0.93,38.3,18.1
sess004704,v70,quest3s,3.25,1.27,39.1,18.8
sess004705,v70,quest3,2.4,1.3,38.2,19.6
sess004706,v70,quest3s,2.26,1.27,42.9,18.4
sess004707,v69,quest3,1.72,1.07,38.1,16.9
sess004708,v70,quest3,2.64,0.91,45.3,22.0
sess004709,v70,quest3,1.58,1.57,44.7,19.7
sess004710,v68,quest3,1.74,1.29,52.1,16.8
sess004711,v69,quest3s,2.89,1.55,41.9,18.3
sess004712,v68,quest3,2.42,1.45,38.3,19.2
sess004713,v68,quest3,1.96,1.1,40.1,20.1
sess004714,v68,quest3s,1.3,1.22,43.1,15.5
sess004715,v68,quest3,1.41,0.85,41.2,17.7
sess004716,v68,quest3,3.07,1.21,34.0,16.7
sess004717,v70,quest3s,2.9,2.35,44.5,19.5
sess004718,v69,quest3s,3.05,2.29,38.2,20.4
sess004719,v70,quest3,1.99,1.25,45.1,19.6
sess004720,v69,quest3,2.64,1.4,35.4,19.4
sess004721,v70,quest3,2.11,1.29,45.9,20.2
sess004722,v70,quest3s,2.94,0.67,44.6,17.9
sess004723,v69,quest3s,3.56,1.77,43.9,20.8
sess004724,v69,quest3s,2.29,1.82,38.6,19.6
sess004725,v68,quest3,2.18,1.03,40.7,18.4
sess004726,v68,quest3s,2.22,1.56,43.0,19.5
sess004727,v70,quest3,1.75,1.78,32.6,21.0
sess004728,v68,quest3s,1.94,1.02,41.7,19.5
sess004729,v70,quest3,2.63,1.47,44.6,14.4
sess004730,v70,quest3,2.05,0.71,45.9,16.7
sess004731,v70,quest3s,2.94,1.57,49.6,19.4
sess004732,v69,quest3s,3.17,2.05,50.2,19.7
sess004733,v70,quest3s,3.08,0.78,44.2,19.3
sess004734,v68,quest3,2.38,0.97,37.8,17.6
sess004735,v70,quest3,2.99,1.86,39.6,17.1
sess004736,v68,quest3s,1.64,1.5,44.4,19.8
sess004737,v69,quest3,2.26,1.5,50.1,18.0
sess004738,v70,quest3s,2.07,0.92,40.0,18.5
sess004739,v68,quest3,2.19,1.3,43.2,18.0
sess004740,v69,quest3s,3.74,2.47,40.1,19.7
sess004741,v68,quest3s,1.42,1.84,35.0,16.7
sess004742,v68,quest3s,2.22,1.99,42.6,19.5
sess004743,v70,quest3,1.72,1.53,37.4,15.9
sess004744,v69,quest3,2.07,0.63,46.8,18.8
sess004745,v68,quest3,2.52,0.93,37.5,21.1
sess004746,v70,quest3s,2.29,1.69,41.4,20.5
sess004747,v68,quest3,1.58,1.26,44.3,17.6
sess004748,v69,quest3,2.74,0.77,43.9,19.2
sess004749,v70,quest3,2.5,1.13,47.4,19.2
sess004750,v70,quest3s,2.79,1.17,44.2,18.5
sess004751,v69,quest3s,2.66,2.15,37.2,17.8
sess004752,v69,quest3,2.44,1.19,46.1,19.4
sess004753,v70,quest3,1.56,0.65,45.1,19.4
sess004754,v70,quest3s,1.6,1.95,39.2,17.7
sess004755,v68,quest3,1.78,1.19,43.2,18.7
sess004756,v69,quest3,2.43,0.95,48.3,18.5
sess004757,v69,quest3,1.99,1.18,41.1,15.1
sess004758,v70,quest3s,2.4,1.15,43.7,20.0
sess004759,v69,quest3s,2.82,1.97,44.5,17.7
sess004760,v70,quest3,1.85,1.86,37.9,20.9
sess004761,v70,quest3s,2.85,1.26,42.6,21.5
sess004762,v69,quest3,1.91,0.83,43.4,16.5
sess004763,v68,quest3s,2.62,1.3,41.6,19.3
sess004764,v68,quest3s,1.88,0.88,43.4,19.1
sess004765,v68,quest3,1.85,1.08,40.4,19.0
sess004766,v70,quest3s,2.37,1.1,42.8,21.3
sess004767,v69,quest3s,2.97,1.52,44.1,17.5
sess004768,v70,quest3s,1.55,1.09,39.6,18.6
sess004769,v68,quest3,1.45,0.95,37.4,18.8
sess004770,v69,quest3s,3.65,1.78,40.2,18.3
sess004771,v70,quest3s,2.32,1.34,37.4,18.1
sess004772,v70,quest3,2.32,1.31,42.4,18.1
sess004773,v68,quest3s,2.08,0.87,36.1,17.8
sess004774,v70,quest3,1.76,0.24,38.1,20.0
sess004775,v69,quest3,2.51,1.46,46.8,18.2
sess004776,v70,quest3,1.99,1.86,42.7,19.3
sess004777,v68,quest3s,2.83,1.38,48.3,16.1
sess004778,v68,quest3,2.51,1.7,40.8,18.3
sess004779,v68,quest3s,2.46,1.1,40.5,17.4
sess004780,v69,quest3s,2.75,1.89,40.6,16.7
sess004781,v68,quest3,1.52,0.9,37.5,17.9
sess004782,v70,quest3,2.47,1.32,47.6,17.9
sess004783,v70,quest3,2.24,0.43,47.0,19.3
sess004784,v70,quest3s,1.72,1.8,39.5,19.3
sess004785,v69,quest3,1.73,1.72,42.4,20.4
sess004786,v68,quest3s,2.21,0.87,39.8,19.0
sess004787,v70,quest3s,1.22,2.24,35.9,19.4
sess004788,v68,quest3,1.73,0.99,43.4,17.0
sess004789,v70,quest3s,1.51,1.25,40.6,20.0
sess004790,v70,quest3,2.21,1.82,44.0,18.9
sess004791,v69,quest3s,2.8,2.72,40.2,19.2
sess004792,v68,quest3s,2.6,1.38,43.2,19.6
sess004793,v68,quest3,1.86,1.6,47.2,19.1
sess004794,v70,quest3,2.56,1.13,47.7,19.4
sess004795,v68,quest3,1.94,1.23,42.2,16.3
sess004796,v70,quest3s,1.64,1.4,42.1,19.1
sess004797,v70,quest3,2.26,2.0,44.6,20.4
sess004798,v70,quest3s,1.48,2.37,40.8,18.0
sess004799,v68,quest3s,1.8,1.15,43.5,19.3
sess004800,v70,quest3s,1.8,1.3,46.3,18.2
sess004801,v70,quest3s,2.26,1.21,40.5,19.9
sess004802,v70,quest3,2.17,0.9,40.6,17.9
sess004803,v68,quest3,2.53,1.47,37.2,18.0
sess004804,v68,quest3s,2.18,1.5,44.1,16.2
sess004805,v70,quest3s,1.59,1.15,46.6,15.9
sess004806,v70,quest3s,2.45,1.81,43.9,20.4
sess004807,v70,quest3,2.81,1.8,39.0,18.5
sess004808,v69,quest3s,2.8,1.24,41.9,15.7
sess004809,v69,quest3s,3.43,2.21,36.9,16.3
sess004810,v70,quest3s,2.32,1.15,42.0,16.0
sess004811,v68,quest3s,1.49,0.71,42.6,17.9
sess004812,v70,quest3s,3.0,2.06,45.8,17.3
sess004813,v69,quest3,1.32,1.32,40.2,19.5
sess004814,v68,quest3s,1.96,1.69,44.8,18.8
sess004815,v68,quest3,2.07,1.19,42.4,17.4
sess004816,v70,quest3,2.16,1.32,39.3,18.8
sess004817,v69,quest3,1.85,1.24,37.5,18.1
sess004818,v68,quest3s,2.34,1.6,40.0,18.9
sess004819,v68,quest3s,1.24,2.19,33.1,19.3
sess004820,v70,quest3,1.01,1.75,44.5,18.8
sess004821,v70,quest3,2.1,1.74,42.8,22.1
sess004822,v70,quest3,2.7,0.99,41.8,20.4
sess004823,v68,quest3,2.43,0.89,41.4,16.3
sess004824,v70,quest3,2.16,0.89,39.0,18.3
sess004825,v68,quest3,2.48,1.35,43.1,16.4
sess004826,v68,quest3,2.55,1.03,38.6,18.5
sess004827,v69,quest3,1.83,0.88,51.9,18.6
sess004828,v68,quest3s,1.42,0.76,43.5,19.4
sess004829,v70,quest3s,1.77,0.74,39.2,20.2
sess004830,v68,quest3,2.13,1.23,43.0,20.9
sess004831,v70,quest3s,1.57,1.03,41.5,16.7
sess004832,v69,quest3s,3.95,1.93,41.8,18.2
sess004833,v70,quest3,1.4,1.17,39.3,18.3
sess004834,v69,quest3,2.66,0.77,47.5,18.2
sess004835,v69,quest3s,3.53,1.57,47.3,18.7
sess004836,v70,quest3,3.06,1.41,44.9,17.6
sess004837,v70,quest3s,1.93,1.55,42.8,15.7
sess004838,v70,quest3,2.6,0.75,42.6,20.9
sess004839,v68,quest3,2.8,1.08,43.6,15.9
sess004840,v70,quest3,2.52,1.26,37.0,19.2
sess004841,v68,quest3s,2.22,1.24,41.5,15.7
sess004842,v70,quest3s,1.48,0.81,45.1,19.6
sess004843,v68,quest3,1.75,1.38,47.9,18.4
sess004844,v69,quest3s,2.75,1.67,41.4,17.9
sess004845,v70,quest3,2.92,0.72,49.1,17.4
sess004846,v70,quest3,2.32,1.33,48.1,17.5
sess004847,v68,quest3,2.01,0.94,40.4,16.6
sess004848,v70,quest3,1.78,1.79,42.1,20.1
sess004849,v69,quest3,2.41,1.19,40.5,19.4
sess004850,v69,quest3,1.35,1.43,41.9,21.0
sess004851,v68,quest3s,2.6,0.73,46.7,16.7
sess004852,v69,quest3s,2.84,1.95,35.9,16.5
sess004853,v68,quest3,1.17,1.59,37.0,16.7
sess004854,v69,quest3s,2.89,2.31,45.1,21.3
sess004855,v69,quest3s,2.89,1.53,38.1,18.3
sess004856,v70,quest3,2.48,1.53,40.6,15.8
sess004857,v68,quest3,2.18,1.24,39.3,21.9
sess004858,v68,quest3s,3.66,1.37,39.6,17.7
sess004859,v68,quest3,2.2,0.59,40.0,17.8
sess004860,v70,quest3,1.39,1.3,49.7,17.7
sess004861,v70,quest3,2.35,1.23,45.7,18.1
sess004862,v68,quest3s,2.14,1.41,47.2,14.5
sess004863,v70,quest3,1.67,1.68,40.5,19.6
sess004864,v68,quest3s,1.97,1.06,45.2,16.0
sess004865,v69,quest3s,3.23,1.71,43.7,16.7
sess004866,v68,quest3,2.36,0.88,37.2,19.9
sess004867,v70,quest3s,3.28,1.28,45.9,17.7
sess004868,v69,quest3s,2.92,1.69,39.6,20.3
sess004869,v70,quest3,2.3,1.24,47.8,21.1
sess004870,v68,quest3,2.31,1.31,32.9,20.5
sess004871,v70,quest3,2.15,1.18,42.6,17.0
sess004872,v68,quest3,2.58,1.01,40.7,19.7
sess004873,v69,quest3,2.13,1.47,40.1,18.4
sess004874,v68,quest3,2.16,0.78,44.7,20.9
sess004875,v68,quest3,1.91,1.06,47.1,18.8
sess004876,v69,quest3s,2.58,1.74,43.3,18.3
sess004877,v68,quest3,2.01,1.37,40.6,17.4
sess004878,v68,quest3,1.46,0.85,47.6,18.4
sess004879,v69,quest3s,3.27,2.54,44.0,18.8
sess004880,v69,quest3,2.05,1.17,32.2,19.5
sess004881,v70,quest3,1.89,1.34,44.6,19.2
sess004882,v70,quest3s,2.28,1.16,44.1,20.5
sess004883,v70,quest3,1.62,0.98,36.1,21.4
sess004884,v70,quest3s,2.41,1.58,35.0,19.0
sess004885,v68,quest3,1.83,1.18,32.8,19.6
sess004886,v70,quest3,2.25,1.19,47.4,20.2
sess004887,v70,quest3,2.53,1.47,43.8,17.9
sess004888,v70,quest3,2.12,0.92,35.8,21.8
sess004889,v68,quest3s,1.94,0.56,40.6,18.2
sess004890,v69,quest3s,3.42,2.06,40.6,17.1
sess004891,v70,quest3,2.5,1.41,41.0,18.8
sess004892,v68,quest3s,2.2,1.39,46.4,17.6
sess004893,v69,quest3,2.05,0.77,38.1,16.1
sess004894,v68,quest3,2.16,0.94,39.3,16.0
sess004895,v68,quest3s,1.97,1.0,46.0,18.1
sess004896,v70,quest3,1.81,1.04,45.2,18.4
sess004897,v68,quest3,1.59,0.43,41.9,17.3
sess004898,v68,quest3,1.82,2.01,37.8,19.8
sess004899,v68,quest3s,2.04,0.71,40.2,21.1
sess004900,v68,quest3s,1.74,0.98,39.1,16.2
sess004901,v70,quest3s,2.48,1.61,39.8,18.1
sess004902,v69,quest3,1.6,1.77,34.4,17.7
sess004903,v69,quest3s,3.55,2.8,44.9,18.6
sess004904,v70,quest3s,2.04,1.31,43.4,18.6
sess004905,v70,quest3,2.77,1.18,38.3,21.7
sess004906,v68,quest3,1.88,1.32,42.4,16.9
sess004907,v69,quest3,2.56,1.67,42.4,17.2
sess004908,v68,quest3s,2.41,1.54,47.2,19.2
sess004909,v68,quest3,2.03,0.86,44.4,16.2
sess004910,v70,quest3s,1.0,1.35,39.1,17.4
sess004911,v68,quest3s,3.06,1.08,42.3,18.2
sess004912,v68,quest3s,1.49,1.19,41.5,16.8
sess004913,v69,quest3,1.69,0.98,39.7,19.1
sess004914,v68,quest3,1.46,1.55,34.6,19.1
sess004915,v68,quest3s,1.58,1.04,41.5,18.0
sess004916,v68,quest3s,2.31,1.45,41.8,18.9
sess004917,v70,quest3s,1.93,1.02,45.4,19.9
sess004918,v68,quest3,1.49,1.23,44.7,17.5
sess004919,v69,quest3s,3.02,2.48,41.3,18.7
sess004920,v68,quest3,2.73,1.35,43.0,19.3
sess004921,v70,quest3,1.88,1.33,41.1,22.7
sess004922,v68,quest3s,2.26,1.24,42.7,20.1
sess004923,v69,quest3s,2.74,2.33,48.9,18.9
sess004924,v70,quest3s,1.98,1.76,42.3,17.8
sess004925,v70,quest3s,2.72,0.68,32.4,20.0
sess004926,v69,quest3,1.39,1.53,41.6,17.5
sess004927,v68,quest3,1.95,1.1,36.9,19.2
sess004928,v70,quest3,2.43,1.49,43.1,21.1
sess004929,v70,quest3s,1.7,1.78,47.0,20.2
sess004930,v69,quest3s,3.35,1.37,41.8,18.5
sess004931,v70,quest3s,1.21,1.1,42.8,18.5
sess004932,v70,quest3,1.75,1.83,41.4,16.5
sess004933,v69,quest3,2.8,1.54,45.1,19.7
sess004934,v69,quest3,2.39,1.33,43.7,20.3
sess004935,v69,quest3,2.74,0.94,35.6,17.0
sess004936,v69,quest3,3.02,1.31,44.0,16.6
sess004937,v69,quest3,2.4,0.87,38.9,19.7
sess004938,v68,quest3,1.69,0.75,38.9,18.5
sess004939,v70,quest3s,1.99,0.6,40.1,21.2
sess004940,v68,quest3,1.7,1.65,43.9,18.2
sess004941,v70,quest3,2.82,1.8,41.2,20.4
sess004942,v70,quest3s,1.92,0.66,37.9,19.3
sess004943,v70,quest3s,1.71,0.6,40.8,19.1
sess004944,v69,quest3,2.16,0.69,39.4,16.1
sess004945,v70,quest3s,2.35,0.74,41.0,18.5
sess004946,v70,quest3,2.45,1.56,44.7,18.0
sess004947,v69,quest3,2.53,1.6,40.0,15.2
sess004948,v70,quest3,2.27,0.46,42.5,18.3
sess004949,v68,quest3s,1.72,1.57,45.8,17.2
sess004950,v69,quest3s,3.01,1.94,37.7,17.7
sess004951,v70,quest3,1.62,1.66,43.2,18.2
sess004952,v70,quest3s,2.16,0.47,41.9,17.5
sess004953,v70,quest3,2.14,1.13,34.9,17.4
sess004954,v70,quest3s,2.73,0.99,41.6,16.6
sess004955,v69,quest3s,3.4,1.27,39.0,18.8
sess004956,v68,quest3,1.71,0.7,42.0,16.4
sess004957,v70,quest3,2.03,1.51,38.1,22.1
sess004958,v68,quest3s,2.3,1.66,46.0,17.2
sess004959,v69,quest3,2.11,1.58,41.2,17.9
sess004960,v70,quest3,2.11,1.8,45.0,19.7
sess004961,v69,quest3s,3.18,1.7,41.0,14.6
sess004962,v68,quest3s,2.25,1.19,38.3,17.3
sess004963,v68,quest3,3.06,0.78,53.2,15.8
sess004964,v68,quest3s,2.5,1.1,39.4,17.2
sess004965,v69,quest3s,3.29,1.62,43.2,19.0
sess004966,v69,quest3,3.04,1.33,48.1,18.1
sess004967,v70,quest3s,2.44,0.99,36.9,20.9
sess004968,v69,quest3s,3.31,1.8,40.0,19.4
sess004969,v69,quest3,2.39,1.55,47.5,17.8
sess004970,v69,quest3s,3.01,1.57,37.6,18.5
sess004971,v69,quest3,2.18,1.98,42.3,19.1
sess004972,v70,quest3s,1.71,1.1,48.7,20.3
sess004973,v68,quest3,1.59,0.68,42.6,22.1
sess004974,v68,quest3s,2.53,1.3,35.5,16.9
sess004975,v69,quest3s,2.44,1.61,41.8,18.5
sess004976,v69,quest3s,3.43,1.02,40.7,17.5
sess004977,v70,quest3s,2.18,1.11,40.2,18.1
sess004978,v70,quest3,2.61,1.57,41.4,18.4
sess004979,v70,quest3,2.27,2.13,39.7,18.7
sess004980,v70,quest3,3.22,1.25,39.7,17.4
sess004981,v69,quest3s,2.83,1.87,44.4,18.2
sess004982,v70,quest3s,2.28,1.51,46.7,18.8
sess004983,v70,quest3s,2.22,2.1,39.3,19.8
sess004984,v70,quest3,1.47,1.57,47.7,19.6
sess004985,v68,quest3s,1.77,1.15,44.6,19.4
sess004986,v70,quest3,1.46,0.63,31.9,18.5
sess004987,v70,quest3,2.17,1.07,40.2,19.1
sess004988,v70,quest3,1.47,0.93,43.7,20.1
sess004989,v70,quest3,1.43,1.07,45.7,18.2
sess004990,v69,quest3s,2.81,1.9,42.0,16.4
sess004991,v68,quest3,2.61,1.71,35.6,16.9
sess004992,v68,quest3s,2.42,1.14,42.4,20.4
sess004993,v68,quest3s,1.59,2.01,45.4,16.7
sess004994,v68,quest3,2.54,0.69,46.7,21.2
sess004995,v70,quest3s,2.47,1.52,46.5,15.5
sess004996,v69,quest3,1.35,1.53,37.6,16.4
sess004997,v69,quest3s,2.7,1.34,35.7,17.9
sess004998,v69,quest3,2.34,0.91,42.0,16.2
sess004999,v70,quest3s,2.07,1.5,39.8,19.7
sess005000,v68,quest3s,1.8,0.75,43.2,17.3
sess005001,v70,quest3,2.53,1.07,42.4,19.9
sess005002,v70,quest3s,2.05,1.07,47.9,15.6
sess005003,v69,quest3s,2.29,2.23,54.5,18.0
sess005004,v69,quest3,2.18,1.81,44.0,17.7
sess005005,v70,quest3,2.49,1.21,36.5,16.6
sess005006,v70,quest3s,1.46,1.22,46.7,14.9
sess005007,v68,quest3s,2.09,1.15,46.1,20.0
sess005008,v68,quest3,1.45,0.71,37.6,15.8
sess005009,v69,quest3,1.69,0.54,46.1,19.4
sess005010,v69,quest3,2.28,1.03,37.5,19.4
sess005011,v70,quest3s,3.06,0.85,39.4,19.0
sess005012,v70,quest3,1.88,1.64,38.9,18.2
sess005013,v68,quest3,1.68,0.95,44.6,16.9
sess005014,v70,quest3,1.99,0.73,40.1,18.6
sess005015,v68,quest3s,2.14,0.36,34.1,17.6
sess005016,v69,quest3,2.66,1.26,49.2,16.9
sess005017,v69,quest3,2.52,2.11,40.3,16.8
sess005018,v70,quest3,1.83,0.86,31.8,18.4
sess005019,v69,quest3,2.67,2.19,44.9,18.0
sess005020,v68,quest3s,1.68,1.2,37.8,18.2
sess005021,v69,quest3,1.29,0.57,39.6,15.3
sess005022,v69,quest3,1.92,0.9,44.8,18.0
sess005023,v69,quest3s,3.01,2.04,42.8,16.2
sess005024,v68,quest3s,2.32,1.19,44.5,19.6
sess005025,v69,quest3,1.91,1.7,38.6,20.1
sess005026,v70,quest3,2.12,1.54,48.7,20.0
sess005027,v68,quest3s,1.37,1.0,41.3,17.1
sess005028,v68,quest3,1.33,1.15,41.6,16.6
sess005029,v70,quest3s,1.67,1.49,44.1,19.8
sess005030,v68,quest3,1.62,1.04,38.5,18.6
sess005031,v68,quest3,2.44,1.12,41.8,17.6
sess005032,v68,quest3,2.18,2.07,35.3,19.4
sess005033,v70,quest3,2.33,1.46,42.2,18.9
sess005034,v68,quest3s,1.9,1.34,36.9,17.6
sess005035,v70,quest3s,1.89,1.59,43.0,20.2
sess005036,v69,quest3s,3.31,1.56,43.1,16.8
sess005037,v70,quest3,1.87,0.84,45.7,22.2
sess005038,v68,quest3,1.49,0.93,41.8,16.4
sess005039,v70,quest3,1.92,2.52,42.6,18.1
sess005040,v68,quest3,2.59,0.93,39.9,16.7
sess005041,v69,quest3,2.71,0.45,37.4,20.0
sess005042,v69,quest3,2.35,0.85,42.3,19.8
sess005043,v68,quest3,2.47,0.95,36.1,17.2
sess005044,v70,quest3s,2.91,0.89,39.2,17.8
sess005045,v69,quest3s,3.44,1.85,40.5,17.5
sess005046,v70,quest3s,2.01,0.51,46.7,16.8
sess005047,v68,quest3,2.4,1.48,43.9,18.9
sess005048,v68,quest3,1.58,0.24,47.8,17.8
sess005049,v69,quest3,2.61,1.39,47.2,19.1
sess005050,v70,quest3s,2.32,1.37,45.2,19.1
sess005051,v70,quest3s,1.67,0.8,52.6,18.8
sess005052,v69,quest3s,2.38,1.91,42.7,17.1
sess005053,v69,quest3,1.64,1.24,46.1,17.8
sess005054,v69,quest3s,2.99,1.66,43.7,18.9
sess005055,v69,quest3,3.28,1.04,45.0,18.8
sess005056,v70,quest3s,2.66,1.37,42.2,18.2
sess005057,v68,quest3,2.91,1.42,40.5,16.2
sess005058,v70,quest3s,2.12,1.24,40.8,19.1
sess005059,v70,quest3s,2.16,1.15,38.6,16.7
sess005060,v68,quest3,3.15,0.81,43.9,19.5
sess005061,v68,quest3,2.74,1.56,43.6,19.0
sess005062,v70,quest3s,2.09,1.43,45.6,15.0
sess005063,v69,quest3s,2.71,1.7,48.6,19.1
sess005064,v69,quest3s,3.25,2.06,49.1,20.2
sess005065,v69,quest3,2.34,1.56,44.6,19.3
sess005066,v68,quest3s,1.36,1.37,39.0,16.6
sess005067,v69,quest3s,2.29,1.38,43.7,17.4
sess005068,v69,quest3s,3.78,1.88,32.2,18.0
sess005069,v68,quest3,2.41,1.35,45.5,18.4
sess005070,v68,quest3,2.12,2.28,37.8,18.8
sess005071,v68,quest3,2.13,1.55,43.1,18.7
sess005072,v70,quest3,2.63,0.1,45.3,19.2
sess005073,v70,quest3s,2.63,0.78,38.8,18.5
sess005074,v68,quest3s,2.88,1.19,46.8,19.4
sess005075,v70,quest3,1.9,0.8,41.9,19.1
sess005076,v70,quest3,1.91,0.5,35.6,19.6
sess005077,v69,quest3s,2.25,0.48,43.8,19.4
sess005078,v70,quest3s,2.12,1.23,43.7,19.3
sess005079,v70,quest3s,2.36,0.48,48.0,16.2
sess005080,v70,quest3s,2.53,1.59,37.9,18.1
sess005081,v68,quest3,2.19,1.74,42.3,18.1
sess005082,v69,quest3,2.21,1.5,36.8,20.4
sess005083,v68,quest3,2.1,0.88,41.8,18.8
sess005084,v69,quest3s,2.93,1.97,43.4,18.7
sess005085,v70,quest3,2.05,1.61,44.6,20.1
sess005086,v69,quest3,2.17,1.41,46.6,20.9
sess005087,v68,quest3,1.39,1.47,45.9,14.4
sess005088,v69,quest3,2.98,1.23,46.3,20.4
sess005089,v68,quest3,1.72,1.28,46.6,17.2
sess005090,v70,quest3s,2.43,1.0,36.4,16.3
sess005091,v70,quest3,2.3,1.32,37.0,17.7
sess005092,v69,quest3,2.76,1.36,51.3,17.3
sess005093,v70,quest3,2.23,0.92,44.2,18.4
sess005094,v70,quest3,2.14,1.61,47.9,20.1
sess005095,v70,quest3,1.99,1.51,38.8,16.6
sess005096,v70,quest3,2.81,0.62,52.6,19.3
sess005097,v69,quest3,1.61,0.69,47.8,17.9
sess005098,v70,quest3,1.75,1.04,45.5,18.4
sess005099,v68,quest3s,2.03,2.23,40.9,19.1
sess005100,v70,quest3s,2.37,0.86,40.8,19.3
sess005101,v70,quest3,2.63,1.31,40.9,19.5
sess005102,v68,quest3s,2.14,0.87,45.9,15.7
sess005103,v70,quest3s,2.35,1.33,45.9,21.6
sess005104,v68,quest3s,1.46,1.24,44.2,18.7
sess005105,v69,quest3s,2.05,2.51,35.9,19.2
sess005106,v70,quest3,2.93,1.57,42.4,16.0
sess005107,v68,quest3,2.24,1.73,35.5,18.0
sess005108,v69,quest3,2.29,1.83,46.1,18.8
sess005109,v69,quest3,2.85,1.38,38.6,17.7
sess005110,v70,quest3,1.32,0.8,36.8,21.0
sess005111,v70,quest3s,2.1,1.17,38.4,19.7
sess005112,v68,quest3,1.62,0.71,43.3,14.7
sess005113,v68,quest3,2.63,1.3,37.3,15.6
sess005114,v68,quest3s,2.5,1.98,47.3,17.2
sess005115,v69,quest3,1.95,0.98,43.3,15.4
sess005116,v69,quest3,2.19,1.2,45.4,17.8
sess005117,v69,quest3,2.43,1.04,38.8,18.5
sess005118,v70,quest3s,2.15,1.69,42.9,22.4
sess005119,v70,quest3s,2.21,0.73,41.0,18.7
sess005120,v69,quest3,2.37,1.65,40.5,18.1
sess005121,v70,quest3s,2.01,1.34,47.4,18.4
sess005122,v70,quest3s,2.22,0.97,40.8,19.1
sess005123,v70,quest3,1.04,1.07,45.2,18.6
sess005124,v68,quest3,2.62,1.09,37.4,21.1
sess005125,v68,quest3s,2.97,1.44,44.0,18.3
sess005126,v69,quest3s,2.35,2.17,50.1,17.1
sess005127,v68,quest3s,2.83,0.89,39.6,16.5
sess005128,v70,quest3s,2.21,1.79,44.2,18.3
sess005129,v68,quest3s,1.25,0.5,46.4,16.0
sess005130,v68,quest3,1.77,0.56,44.5,20.1
sess005131,v68,quest3s,1.4,1.19,42.8,18.6
sess005132,v68,quest3s,2.36,1.94,39.8,18.9
sess005133,v70,quest3,2.6,1.45,47.4,19.6
sess005134,v70,quest3s,1.76,1.28,43.6,18.7
sess005135,v70,quest3s,2.36,1.68,38.8,17.5
sess005136,v70,quest3,2.35,0.69,52.8,19.6
sess005137,v70,quest3,2.08,1.04,43.1,19.6
sess005138,v70,quest3s,1.98,1.09,49.1,19.7
sess005139,v68,quest3,0.88,0.52,49.2,16.5
sess005140,v69,quest3,3.13,0.1,42.4,17.9
sess005141,v70,quest3,2.22,0.22,40.8,16.9
sess005142,v70,quest3s,3.15,0.67,43.0,20.5
sess005143,v68,quest3s,1.74,1.31,41.3,16.8
sess005144,v68,quest3,1.74,1.32,45.0,20.5
sess005145,v69,quest3,2.18,0.88,38.3,18.1
sess005146,v70,quest3,1.98,1.54,42.4,18.9
sess005147,v68,quest3,1.96,0.87,45.2,16.9
sess005148,v69,quest3,1.78,1.45,43.1,16.1
sess005149,v69,quest3s,2.42,1.61,48.0,16.0
sess005150,v68,quest3s,1.89,2.01,40.5,17.6
sess005151,v69,quest3,1.69,0.78,44.5,17.5
sess005152,v69,quest3,3.0,1.41,44.9,18.1
sess005153,v69,quest3,1.81,1.64,39.7,16.9
sess005154,v69,quest3s,2.81,2.24,41.1,16.7
sess005155,v70,quest3,3.18,0.74,40.4,19.3
sess005156,v69,quest3,2.65,0.9,42.1,18.2
sess005157,v70,quest3,1.39,1.07,47.1,17.8
sess005158,v69,quest3s,2.85,1.7,41.2,18.1
sess005159,v69,quest3,2.33,1.22,42.1,19.5
sess005160,v68,quest3,1.86,1.27,48.0,19.7
sess005161,v70,quest3s,1.62,1.05,45.3,19.2
sess005162,v68,quest3,1.82,0.9,45.8,18.6
sess005163,v68,quest3,2.13,1.06,41.1,19.6
sess005164,v68,quest3s,0.65,0.84,43.6,19.7
sess005165,v69,quest3,2.11,1.85,41.9,19.0
sess005166,v68,quest3,1.53,1.52,42.2,19.4
sess005167,v70,quest3s,1.99,1.56,43.3,19.6
sess005168,v69,quest3,1.18,0.91,43.3,16.9
sess005169,v70,quest3,2.52,1.78,44.5,17.7
sess005170,v70,quest3,2.28,1.72,42.7,17.6
sess005171,v70,quest3,2.11,1.66,37.4,19.6
sess005172,v70,quest3s,2.0,0.52,46.1,17.8
sess005173,v69,quest3,2.74,0.72,42.0,20.6
sess005174,v70,quest3,1.52,0.77,38.2,20.2
sess005175,v69,quest3,3.07,0.74,45.6,18.0
sess005176,v69,quest3,1.53,1.01,37.6,19.7
sess005177,v68,quest3s,2.22,1.17,52.7,18.9
sess005178,v69,quest3s,3.75,2.06,46.8,14.8
sess005179,v69,quest3,2.59,2.05,41.2,18.8
sess005180,v69,quest3s,2.24,1.37,36.7,18.9
sess005181,v68,quest3s,2.26,1.81,46.0,17.6
sess005182,v70,quest3,1.36,1.02,40.7,18.1
sess005183,v69,quest3,1.87,1.21,45.1,20.5
sess005184,v68,quest3,1.71,1.33,40.3,17.4
sess005185,v69,quest3,2.16,1.25,45.2,16.6
sess005186,v70,quest3s,2.31,0.88,38.0,19.8
sess005187,v70,quest3,2.67,1.44,42.0,18.5
sess005188,v69,quest3s,3.79,2.17,43.0,17.5
sess005189,v70,quest3s,2.21,1.05,30.6,20.3
sess005190,v70,quest3,2.68,1.62,41.7,18.4
sess005191,v69,quest3,1.77,1.89,41.0,19.5
sess005192,v69,quest3,2.35,1.3,39.4,19.5
sess005193,v70,quest3,1.38,1.16,47.5,18.7
sess005194,v68,quest3,2.52,0.8,46.5,17.9
sess005195,v70,quest3s,2.8,1.62,42.7,20.6
sess005196,v69,quest3,1.81,2.11,43.5,17.5
sess005197,v70,quest3s,1.67,0.63,39.8,20.6
sess005198,v68,quest3s,2.63,1.06,43.0,19.7
sess005199,v70,quest3s,2.57,1.77,40.5,19.3
sess005200,v70,quest3,2.07,1.97,40.8,20.7
sess005201,v70,quest3,1.95,0.69,42.3,18.9
sess005202,v70,quest3s,1.55,1.32,42.2,19.1
sess005203,v70,quest3,1.33,0.8,47.3,17.9
sess005204,v68,quest3,2.07,1.74,34.0,18.9
sess005205,v68,quest3,2.31,0.92,39.9,15.3
sess005206,v70,quest3s,2.27,1.31,52.2,18.8
sess005207,v70,quest3,2.01,1.56,41.5,16.9
sess005208,v68,quest3,1.55,1.15,38.1,18.0
sess005209,v68,quest3,2.55,1.39,44.0,17.7
sess005210,v69,quest3s,3.07,1.83,50.9,17.3
sess005211,v70,quest3,2.04,1.05,42.1,16.8
sess005212,v70,quest3,2.16,1.52,36.1,18.4
sess005213,v70,quest3,0.87,1.28,37.9,22.4
sess005214,v70,quest3,2.37,1.45,42.2,19.8
sess005215,v70,quest3,1.67,1.52,41.4,18.4
sess005216,v70,quest3,2.23,0.64,46.3,17.7
sess005217,v69,quest3,2.02,1.54,44.1,19.8
sess005218,v69,quest3,2.15,1.47,44.7,14.1
sess005219,v70,quest3,2.29,0.88,45.0,19.1
sess005220,v69,quest3,2.1,0.89,38.7,16.5
sess005221,v68,quest3,2.49,1.51,44.9,19.3
sess005222,v68,quest3,3.06,1.21,48.8,18.7
sess005223,v68,quest3,2.3,0.69,46.9,17.6
sess005224,v70,quest3s,2.84,1.58,41.3,20.1
sess005225,v70,quest3,1.96,1.71,42.3,18.9
sess005226,v69,quest3,2.55,1.03,37.4,19.4
sess005227,v70,quest3,2.4,0.5,37.8,18.3
sess005228,v70,quest3s,1.78,1.55,42.6,16.1
sess005229,v68,quest3s,1.91,0.93,46.9,19.5
sess005230,v68,quest3,2.06,1.21,44.4,19.3
sess005231,v68,quest3,1.89,1.09,41.2,17.9
sess005232,v69,quest3,1.99,1.63,33.6,20.6
sess005233,v69,quest3,1.27,1.58,39.3,19.2
sess005234,v68,quest3s,2.52,1.83,45.7,20.1
sess005235,v70,quest3,1.91,1.43,49.4,19.7
sess005236,v69,quest3s,3.24,1.88,38.8,17.2
sess005237,v68,quest3s,2.03,1.29,37.9,16.4
sess005238,v70,quest3s,1.24,2.25,41.9,21.5
sess005239,v70,quest3s,1.42,0.85,45.1,18.5
sess005240,v69,quest3,2.23,1.42,37.4,18.8
sess005241,v69,quest3,2.13,2.06,36.1,19.9
sess005242,v70,quest3,1.68,1.5,43.7,17.3
sess005243,v70,quest3,2.22,1.2,43.5,17.3
sess005244,v68,quest3s,2.33,1.1,42.0,15.6
sess005245,v68,quest3,2.49,1.67,43.6,19.5
sess005246,v68,quest3,2.41,1.52,42.2,17.5
sess005247,v69,quest3,2.72,0.99,48.5,19.9
sess005248,v68,quest3,2.17,0.91,41.6,18.5
sess005249,v68,quest3,2.47,1.43,36.9,20.1
sess005250,v68,quest3,1.89,0.72,36.8,18.6
sess005251,v68,quest3,0.94,1.03,45.6,17.0
sess005252,v68,quest3s,1.78,1.56,44.5,17.0
sess005253,v68,quest3,2.67,1.36,45.4,15.7
sess005254,v70,quest3,2.94,0.96,39.6,17.9
sess005255,v69,quest3s,3.85,1.87,51.0,18.9
sess005256,v68,quest3,1.99,1.03,36.9,17.4
sess005257,v69,quest3s,2.91,2.2,50.4,17.6
sess005258,v68,quest3,2.25,0.64,44.8,19.9
sess005259,v70,quest3s,2.37,1.14,38.1,20.3
sess005260,v70,quest3s,1.56,1.17,44.0,17.9
sess005261,v69,quest3s,3.26,2.69,45.9,17.2
sess005262,v70,quest3s,1.19,1.35,44.8,19.4
sess005263,v70,quest3s,2.62,0.88,45.1,19.2
sess005264,v69,quest3,2.69,1.01,46.6,18.5
sess005265,v70,quest3s,3.1,1.29,38.8,18.9
sess005266,v70,quest3s,2.03,0.59,45.3,18.2
sess005267,v69,quest3s,2.75,2.51,46.3,16.8
sess005268,v69,quest3s,3.04,1.75,39.3,19.8
sess005269,v68,quest3s,2.61,0.71,43.9,17.8
sess005270,v70,quest3,2.45,1.53,41.2,19.1
sess005271,v69,quest3,3.17,1.7,39.2,16.0
sess005272,v68,quest3s,2.0,1.31,37.1,18.0
sess005273,v68,quest3s,1.95,0.93,39.4,17.4
sess005274,v68,quest3s,2.17,1.37,42.4,17.3
sess005275,v69,quest3s,3.14,1.29,37.2,15.4
sess005276,v70,quest3,2.43,2.0,40.8,18.5
sess005277,v69,quest3s,3.89,1.59,35.7,17.7
sess005278,v70,quest3s,1.67,0.78,42.2,19.6
sess005279,v68,quest3,3.16,1.43,45.9,19.2
sess005280,v69,quest3,2.59,0.94,39.8,20.6
sess005281,v70,quest3,1.92,1.49,41.4,18.9
sess005282,v69,quest3s,3.62,1.56,44.2,17.9
sess005283,v69,quest3,1.37,1.59,47.5,16.9
sess005284,v68,quest3s,2.29,0.8,34.5,17.0
sess005285,v69,quest3,2.63,1.85,40.3,16.0
sess005286,v69,quest3s,3.67,1.69,40.6,19.0
sess005287,v68,quest3,2.11,1.12,40.8,18.7
sess005288,v68,quest3s,2.15,0.97,35.6,16.9
sess005289,v69,quest3,2.17,1.06,43.8,15.6
sess005290,v69,quest3,2.1,0.78,41.8,16.6
sess005291,v70,quest3s,1.32,1.21,43.2,18.1
sess005292,v69,quest3,2.53,0.85,38.8,20.9
sess005293,v68,quest3,2.49,1.56,40.5,18.9
sess005294,v70,quest3,1.88,1.2,46.2,19.8
sess005295,v70,quest3,1.89,1.12,39.7,20.1
sess005296,v70,quest3,2.06,1.15,37.7,20.1
sess005297,v69,quest3,1.89,1.83,43.4,17.9
sess005298,v70,quest3,3.58,1.15,40.8,21.9
sess005299,v68,quest3,1.06,1.08,40.0,19.4
sess005300,v70,quest3,1.22,1.33,43.8,21.7
sess005301,v68,quest3,2.08,0.89,45.8,17.5
sess005302,v70,quest3,1.92,1.45,42.2,20.4
sess005303,v70,quest3s,2.07,1.68,47.9,18.7
sess005304,v70,quest3,2.31,1.73,42.9,22.8
sess005305,v68,quest3s,1.79,0.92,44.6,19.6
sess005306,v68,quest3,2.17,2.13,32.9,18.5
sess005307,v70,quest3s,1.38,1.16,44.3,17.8
sess005308,v69,quest3s,2.26,2.34,35.8,18.0
sess005309,v70,quest3s,2.49,1.43,38.2,19.6
sess005310,v69,quest3,2.49,0.8,39.5,18.0
sess005311,v70,quest3s,1.96,1.27,39.1,18.6
sess005312,v70,quest3,2.18,1.37,43.4,19.6
sess005313,v70,quest3,2.31,1.22,40.2,18.3
sess005314,v69,quest3,1.98,1.54,43.9,16.2
sess005315,v68,quest3,2.21,1.24,39.6,18.1
sess005316,v68,quest3,2.09,0.9,38.6,18.5
sess005317,v69,quest3,2.48,1.19,36.2,18.0
sess005318,v70,quest3,1.57,1.46,41.7,18.3
sess005319,v70,quest3s,3.06,0.55,40.6,20.9
sess005320,v69,quest3,3.11,1.12,39.3,17.8
sess005321,v69,quest3,2.39,0.83,40.6,18.9
sess005322,v69,quest3,2.09,1.57,41.5,16.1
sess005323,v68,quest3s,2.56,1.35,39.8,15.6
sess005324,v69,quest3,1.67,1.98,42.0,16.1
sess005325,v69,quest3,2.07,1.18,41.0,16.9
sess005326,v68,quest3,2.36,1.63,41.2,15.7
sess005327,v68,quest3s,2.21,1.36,40.1,20.3
sess005328,v69,quest3,1.86,0.46,38.0,19.4
sess005329,v68,quest3,1.86,1.62,40.0,17.9
sess005330,v68,quest3,1.54,1.08,44.4,20.2
sess005331,v69,quest3s,3.74,2.15,38.6,19.0
sess005332,v69,quest3s,2.43,1.87,37.3,19.8
sess005333,v69,quest3s,3.07,1.62,39.8,20.4
sess005334,v69,quest3s,3.85,2.09,40.0,17.6
sess005335,v69,quest3,2.11,1.31,35.2,20.0
sess005336,v70,quest3s,3.3,0.88,41.4,17.7
sess005337,v70,quest3,2.96,1.07,44.1,21.5
sess005338,v69,quest3s,3.93,1.99,37.9,16.5
sess005339,v69,quest3s,3.17,1.11,43.6,16.6
sess005340,v69,quest3s,2.7,2.04,42.5,17.6
sess005341,v70,quest3,2.36,1.23,37.9,18.5
sess005342,v70,quest3,2.02,1.53,47.6,17.9
sess005343,v69,quest3s,3.75,2.39,40.6,17.9
sess005344,v70,quest3s,2.19,1.69,39.0,18.9
sess005345,v69,quest3,1.72,0.78,43.3,19.6
sess005346,v70,quest3,1.54,1.5,47.6,20.8
sess005347,v69,quest3s,3.51,1.76,36.8,19.6
sess005348,v68,quest3,2.31,1.68,31.1,18.0
sess005349,v70,quest3,2.45,1.41,41.3,19.6
sess005350,v69,quest3,1.23,0.53,35.3,20.2
sess005351,v70,quest3s,1.65,0.93,38.9,17.2
sess005352,v68,quest3s,2.85,1.33,45.5,16.2
sess005353,v70,quest3,2.38,1.45,38.4,16.5
sess005354,v69,quest3s,3.75,1.6,40.5,16.7
sess005355,v70,quest3,2.34,1.41,41.0,18.7
sess005356,v68,quest3,1.47,1.83,30.7,18.5
sess005357,v70,quest3s,1.93,1.11,38.7,19.5
sess005358,v68,quest3s,2.55,0.94,44.2,15.9
sess005359,v70,quest3s,2.43,1.04,41.8,16.7
sess005360,v70,quest3,2.11,1.34,43.2,19.9
sess005361,v68,quest3,1.76,0.9,46.3,17.6
sess005362,v68,quest3,1.98,2.06,40.9,20.5
sess005363,v70,quest3s,2.76,1.3,39.8,18.9
sess005364,v68,quest3,2.24,1.49,49.6,17.9
sess005365,v68,quest3,2.12,0.9,50.7,18.1
sess005366,v69,quest3,1.26,1.25,38.6,17.8
sess005367,v70,quest3,1.0,1.04,44.3,22.4
sess005368,v70,quest3,2.31,1.3,48.4,18.5
sess005369,v69,quest3,1.16,0.93,45.5,17.3
sess005370,v68,quest3s,1.36,1.22,42.4,17.1
sess005371,v70,quest3,2.2,0.96,42.4,19.1
sess005372,v70,quest3s,2.59,0.79,41.6,19.6
sess005373,v69,quest3,2.32,1.26,41.3,19.3
sess005374,v68,quest3,2.25,0.41,42.6,17.8
sess005375,v70,quest3,1.55,1.48,38.0,19.2
sess005376,v69,quest3,2.01,1.06,43.4,20.6
sess005377,v68,quest3,2.63,0.8,46.9,17.3
sess005378,v68,quest3,1.71,0.75,40.7,21.1
sess005379,v68,quest3,1.76,0.72,43.1,17.5
sess005380,v69,quest3,2.22,1.0,40.9,20.3
sess005381,v70,quest3,2.16,1.48,43.3,17.0
sess005382,v69,quest3,2.45,0.9,35.9,17.7
sess005383,v70,quest3,2.52,1.66,44.7,16.5
sess005384,v70,quest3,2.28,0.75,42.1,20.6
sess005385,v68,quest3,2.1,1.22,41.0,18.2
sess005386,v68,quest3s,3.19,0.96,45.2,17.7
sess005387,v69,quest3s,3.66,2.56,39.7,16.8
sess005388,v68,quest3s,2.19,0.84,46.7,18.3
sess005389,v68,quest3s,1.87,0.0,37.5,16.4
sess005390,v70,quest3,2.06,0.68,39.5,19.7
sess005391,v70,quest3s,2.65,1.43,47.0,17.3
sess005392,v70,quest3,2.14,1.38,40.4,18.8
sess005393,v68,quest3s,1.64,1.21,45.0,18.6
sess005394,v69,quest3s,2.43,2.17,40.3,17.0
sess005395,v70,quest3s,1.87,1.28,44.1,19.2
sess005396,v68,quest3,2.38,0.96,43.7,17.8
sess005397,v68,quest3s,1.88,1.54,34.7,17.9
sess005398,v70,quest3,2.33,1.05,43.7,18.3
sess005399,v68,quest3,2.07,2.22,43.1,18.8
sess005400,v68,quest3,2.27,1.96,47.9,16.9
sess005401,v70,quest3,2.2,0.73,42.3,17.3
sess005402,v68,quest3s,2.26,1.39,41.8,18.8
sess005403,v68,quest3s,1.87,1.13,43.2,21.7
sess005404,v69,quest3,2.47,0.83,39.7,19.0
sess005405,v70,quest3,2.12,1.21,45.6,20.2
sess005406,v69,quest3,2.61,1.06,43.7,18.3
sess005407,v68,quest3s,2.19,1.0,45.2,18.0
sess005408,v69,quest3s,3.37,1.59,41.4,20.6
sess005409,v69,quest3s,2.68,1.73,40.1,20.2
sess005410,v69,quest3s,2.71,1.9,37.5,19.2
sess005411,v69,quest3s,3.21,2.38,45.5,17.7
sess005412,v70,quest3s,2.04,1.52,33.5,19.2
sess005413,v69,quest3,2.11,1.1,35.1,19.3
sess005414,v69,quest3s,3.45,2.28,45.0,18.5
sess005415,v68,quest3s,2.23,1.59,44.2,16.4
sess005416,v70,quest3s,1.87,0.74,45.0,19.2
sess005417,v69,quest3s,3.19,2.52,41.2,16.4
sess005418,v69,quest3,2.23,0.39,37.5,17.9
sess005419,v70,quest3,2.16,0.83,35.8,18.7
sess005420,v70,quest3,1.56,0.94,53.4,21.4
sess005421,v68,quest3,1.73,1.47,43.9,19.2
sess005422,v69,quest3,2.29,1.99,41.0,17.0
sess005423,v70,quest3s,2.05,0.82,47.8,18.3
sess005424,v70,quest3,1.88,1.49,36.5,16.9
sess005425,v70,quest3,1.86,1.89,36.8,18.1
sess005426,v70,quest3s,1.3,0.74,46.2,19.0
sess005427,v68,quest3,2.29,1.26,43.7,18.2
sess005428,v68,quest3,2.35,0.68,46.1,19.7
sess005429,v69,quest3s,2.77,1.54,39.8,19.1
sess005430,v69,quest3s,2.56,2.29,36.6,19.7
sess005431,v68,quest3s,2.3,1.2,39.3,17.7
sess005432,v70,quest3,2.12,1.08,30.5,19.2
sess005433,v69,quest3,1.08,0.97,40.8,17.8
sess005434,v68,quest3s,2.13,2.3,36.7,20.4
sess005435,v68,quest3,1.5,1.07,39.3,19.0
sess005436,v69,quest3,2.79,1.51,45.1,18.9
sess005437,v69,quest3,1.72,1.15,48.2,18.5
sess005438,v69,quest3,1.83,0.88,51.0,19.1
sess005439,v70,quest3,2.37,1.21,38.2,20.1
sess005440,v68,quest3s,3.28,1.16,42.2,17.8
sess005441,v68,quest3s,1.4,0.7,45.9,20.9
sess005442,v70,quest3,2.13,1.26,42.7,18.8
sess005443,v68,quest3,1.6,1.97,41.1,15.6
sess005444,v70,quest3,2.43,1.92,44.0,18.0
sess005445,v68,quest3,0.62,0.98,39.4,13.9
sess005446,v69,quest3s,2.55,1.93,38.5,16.7
sess005447,v70,quest3,1.26,1.2,45.4,18.6
sess005448,v70,quest3,1.76,0.95,39.0,20.0
sess005449,v68,quest3,2.38,1.13,41.4,16.0
sess005450,v68,quest3s,2.09,1.23,33.6,18.0
sess005451,v68,quest3s,1.51,1.87,45.3,16.8
sess005452,v70,quest3,2.29,1.34,37.8,23.2
sess005453,v68,quest3s,2.32,1.06,40.7,19.1
sess005454,v70,quest3s,1.93,1.59,40.4,19.6
sess005455,v70,quest3,2.05,1.85,42.2,20.0
sess005456,v68,quest3,1.58,1.31,42.9,21.5
sess005457,v69,quest3,2.3,1.55,40.3,18.9
sess005458,v69,quest3,1.78,1.2,40.4,18.7
sess005459,v69,quest3s,2.63,1.18,38.0,20.8
sess005460,v69,quest3,2.82,0.9,34.8,19.9
sess005461,v68,quest3,2.54,1.17,43.2,17.7
sess005462,v70,quest3s,2.67,1.22,40.1,16.6
sess005463,v69,quest3,2.12,1.71,40.7,17.3
sess005464,v70,quest3,1.76,1.84,40.3,18.6
sess005465,v68,quest3s,1.28,1.51,43.4,17.2
sess005466,v68,quest3,1.96,1.28,43.7,21.7
sess005467,v68,quest3s,2.23,0.96,44.1,19.4
sess005468,v68,quest3s,1.69,0.98,46.2,17.2
sess005469,v70,quest3s,2.11,1.07,40.1,17.6
sess005470,v68,quest3,2.15,1.01,43.6,20.4
sess005471,v68,quest3,2.69,1.26,39.0,19.6
sess005472,v69,quest3,2.54,1.29,42.0,15.1
sess005473,v70,quest3s,3.26,1.66,43.5,18.9
sess005474,v68,quest3s,1.77,1.46,42.3,16.8
sess005475,v69,quest3,2.52,1.39,39.2,15.5
sess005476,v70,quest3,1.0,0.6,39.5,19.1
sess005477,v69,quest3,2.24,1.37,38.7,18.8
sess005478,v68,quest3s,2.03,1.52,40.2,17.5
sess005479,v68,quest3s,2.18,1.54,42.3,15.8
sess005480,v69,quest3,1.55,1.11,38.7,18.8
sess005481,v68,quest3,1.99,0.39,40.7,20.1
sess005482,v68,quest3,1.72,0.78,39.3,19.2
sess005483,v70,quest3,2.67,2.05,38.9,19.6
sess005484,v68,quest3,2.03,1.26,43.4,18.8
sess005485,v68,quest3s,1.95,0.82,48.4,17.2
sess005486,v69,quest3,0.9,1.78,40.4,17.6
sess005487,v68,quest3s,2.5,1.43,42.8,16.6
sess005488,v70,quest3,2.25,1.12,44.3,20.5
sess005489,v69,quest3s,3.35,2.07,45.5,17.4
sess005490,v69,quest3,2.08,0.93,45.5,19.0
sess005491,v68,quest3,2.15,1.66,35.6,15.0
sess005492,v68,quest3s,1.84,1.55,41.9,19.0
sess005493,v70,quest3,2.42,0.87,38.1,20.1
sess005494,v70,quest3,2.17,0.86,45.0,21.5
sess005495,v70,quest3s,2.07,1.28,39.8,20.0
sess005496,v69,quest3s,2.67,2.01,48.1,19.0
sess005497,v69,quest3,1.79,0.79,46.7,18.6
sess005498,v68,quest3,2.01,1.5,41.0,18.3
sess005499,v69,quest3s,2.87,2.21,43.7,17.8
sess005500,v68,quest3s,1.84,1.11,38.1,19.9
sess005501,v69,quest3,1.88,1.33,34.4,18.7
sess005502,v68,quest3s,1.78,1.06,37.0,18.2
sess005503,v68,quest3s,2.46,1.31,36.8,16.4
sess005504,v70,quest3,2.07,1.28,44.7,16.6
sess005505,v70,quest3s,2.21,1.72,40.9,20.3
sess005506,v70,quest3s,1.54,1.62,45.6,20.0
sess005507,v70,quest3,1.77,1.24,37.1,19.2
sess005508,v68,quest3,2.24,0.16,40.6,18.1
sess005509,v70,quest3,1.85,1.02,47.1,19.4
sess005510,v70,quest3,2.64,0.69,40.9,18.6
sess005511,v69,quest3s,3.54,1.79,40.3,17.5
sess005512,v70,quest3s,2.06,0.8,43.7,21.0
sess005513,v70,quest3,1.25,1.61,49.8,17.7
sess005514,v68,quest3s,1.65,1.05,37.5,16.8
sess005515,v68,quest3,1.73,1.02,34.3,20.8
sess005516,v70,quest3s,2.2,0.41,35.1,19.3
sess005517,v68,quest3s,2.74,0.78,34.3,18.3
sess005518,v70,quest3,2.74,1.04,40.7,20.0
sess005519,v68,quest3s,2.27,0.63,43.2,16.0
sess005520,v69,quest3,2.65,0.66,43.7,19.6
sess005521,v70,quest3,2.3,1.17,42.3,21.1
sess005522,v69,quest3s,2.69,1.87,42.5,15.0
sess005523,v70,quest3,2.55,0.81,47.5,19.7
sess005524,v70,quest3,2.08,1.34,50.5,17.8
sess005525,v68,quest3,2.31,0.91,40.8,18.7
sess005526,v68,quest3,2.46,1.66,41.6,15.9
sess005527,v68,quest3,1.79,1.11,42.6,21.5
sess005528,v69,quest3,2.39,0.96,37.5,19.3
sess005529,v69,quest3,1.86,1.86,37.4,18.3
sess005530,v68,quest3s,3.18,1.53,43.5,17.9
sess005531,v69,quest3,3.25,0.91,45.0,15.7
sess005532,v69,quest3,1.71,1.39,39.9,17.4
sess005533,v70,quest3s,2.63,2.29,42.3,16.9
sess005534,v68,quest3s,1.64,0.83,41.6,19.4
sess005535,v70,quest3s,2.52,1.19,38.5,18.0
sess005536,v69,quest3,2.32,1.19,38.9,17.7
sess005537,v70,quest3s,2.47,1.73,44.5,21.7
sess005538,v69,quest3,2.49,1.89,41.7,19.7
sess005539,v70,quest3s,1.54,1.34,39.1,18.8
sess005540,v69,quest3,2.11,1.57,44.7,17.0
sess005541,v70,quest3s,2.32,1.27,41.1,20.0
sess005542,v70,quest3,2.46,1.52,39.0,17.5
sess005543,v68,quest3s,1.8,1.04,44.2,17.2
sess005544,v68,quest3s,2.16,0.57,45.9,18.3
sess005545,v70,quest3,2.14,1.33,35.2,20.2
sess005546,v70,quest3,1.96,1.25,41.7,19.4
sess005547,v68,quest3s,1.89,0.2,33.6,16.3
sess005548,v70,quest3,3.31,0.89,34.9,18.4
sess005549,v68,quest3,1.79,1.59,46.1,20.2
sess005550,v70,quest3s,1.46,1.06,46.5,18.0
sess005551,v70,quest3s,2.13,1.01,41.5,19.9
sess005552,v70,quest3,1.92,1.75,42.4,20.2
sess005553,v69,quest3,2.14,1.23,39.0,16.9
sess005554,v68,quest3,2.08,0.79,41.2,18.9
sess005555,v70,quest3s,1.8,1.61,45.7,19.8
sess005556,v70,quest3s,2.77,0.8,40.0,19.0
sess005557,v70,quest3,2.09,1.19,49.6,17.7
sess005558,v68,quest3,2.3,1.31,36.4,19.6
sess005559,v70,quest3,2.9,1.86,39.1,19.4
sess005560,v70,quest3,1.85,1.87,40.4,18.6
sess005561,v68,quest3,2.23,1.45,38.7,21.0
sess005562,v70,quest3,1.92,1.69,37.8,19.8
sess005563,v68,quest3,2.08,1.02,41.5,17.0
sess005564,v68,quest3s,1.81,1.48,42.0,18.3
sess005565,v68,quest3,2.93,0.65,43.4,19.9
sess005566,v70,quest3,1.51,1.11,42.8,20.6
sess005567,v68,quest3s,2.28,1.39,39.2,18.4
sess005568,v70,quest3s,2.78,0.33,45.1,18.3
sess005569,v70,quest3s,2.95,1.57,41.8,18.9
sess005570,v69,quest3,1.89,0.86,38.5,18.5
sess005571,v69,quest3s,2.44,1.85,45.0,18.7
sess005572,v70,quest3s,2.84,1.14,40.7,21.0
sess005573,v68,quest3s,2.93,1.0,48.9,18.6
sess005574,v70,quest3s,1.52,0.84,41.6,19.2
sess005575,v70,quest3s,1.66,1.15,45.9,18.7
sess005576,v70,quest3s,3.35,1.42,43.2,18.2
sess005577,v69,quest3,2.24,1.16,44.3,17.1
sess005578,v69,quest3s,4.39,2.15,40.1,15.3
sess005579,v68,quest3s,2.81,0.68,41.8,16.0
sess005580,v68,quest3,2.77,1.66,34.6,18.9
sess005581,v68,quest3s,1.21,2.07,51.0,17.2
sess005582,v68,quest3,1.82,1.74,38.8,17.6
sess005583,v69,quest3s,3.21,2.19,45.3,17.3
sess005584,v70,quest3s,1.89,1.81,44.4,15.0
sess005585,v68,quest3,2.36,1.26,44.9,17.0
sess005586,v69,quest3s,3.42,1.57,37.4,19.4
sess005587,v69,quest3,3.23,1.6,36.2,16.9
sess005588,v70,quest3,1.92,1.09,35.8,21.4
sess005589,v70,quest3s,2.47,1.51,40.9,20.5
sess005590,v68,quest3,2.19,1.56,42.9,17.9
sess005591,v68,quest3,1.67,1.36,39.2,17.7
sess005592,v69,quest3s,3.0,1.45,40.0,16.9
sess005593,v70,quest3,2.32,0.86,40.9,18.3
sess005594,v70,quest3s,2.12,0.91,42.0,18.0
sess005595,v69,quest3,1.97,0.95,37.5,19.6
sess005596,v69,quest3,1.96,1.48,43.8,18.7
sess005597,v68,quest3s,1.9,1.43,49.7,14.8
sess005598,v68,quest3,2.33,1.14,40.2,17.0
sess005599,v69,quest3,2.4,1.27,41.7,18.6
sess005600,v69,quest3,1.45,1.7,44.3,18.1
sess005601,v69,quest3,1.72,1.21,32.5,18.1
sess005602,v70,quest3s,2.23,1.12,44.7,17.3
sess005603,v69,quest3,1.82,1.37,42.9,19.7
sess005604,v68,quest3,1.31,0.9,35.4,16.4
sess005605,v68,quest3,2.98,0.72,40.8,19.1
sess005606,v68,quest3,2.21,1.45,44.6,19.1
sess005607,v70,quest3s,2.25,0.43,50.1,19.4
sess005608,v68,quest3,1.92,1.32,37.3,19.0
sess005609,v69,quest3,2.43,1.36,41.2,21.2
sess005610,v70,quest3s,2.03,0.39,43.9,18.5
sess005611,v68,quest3,2.41,1.37,43.9,18.4
sess005612,v68,quest3,2.56,0.9,39.3,18.0
sess005613,v68,quest3,2.21,0.64,33.9,18.2
sess005614,v68,quest3,2.36,1.14,40.5,15.7
sess005615,v68,quest3,2.36,1.3,39.6,17.1
sess005616,v68,quest3s,1.9,1.61,42.2,15.5
sess005617,v70,quest3s,2.32,1.1,48.1,17.8
sess005618,v69,quest3,2.2,1.97,46.2,18.8
sess005619,v70,quest3s,1.88,1.18,41.0,21.0
sess005620,v68,quest3s,2.42,0.57,41.4,19.1
sess005621,v70,quest3,1.02,1.07,46.2,17.6
sess005622,v70,quest3s,2.7,0.85,46.0,17.8
sess005623,v70,quest3s,1.46,1.2,38.0,20.3
sess005624,v69,quest3s,3.19,1.99,39.7,16.0
sess005625,v68,quest3,2.52,1.05,42.4,18.0
sess005626,v70,quest3s,1.98,1.67,44.0,17.3
sess005627,v70,quest3s,1.97,1.08,41.0,19.2
sess005628,v69,quest3,1.69,0.78,43.4,17.8
sess005629,v69,quest3s,2.97,1.27,50.2,18.0
sess005630,v68,quest3s,1.84,0.95,42.3,19.5
sess005631,v69,quest3,2.94,2.01,44.7,15.4
sess005632,v69,quest3s,3.98,2.39,43.0,15.6
sess005633,v68,quest3s,2.25,0.65,40.6,19.1
sess005634,v70,quest3s,2.67,1.64,41.8,16.7
sess005635,v68,quest3s,2.29,1.12,37.6,15.9
sess005636,v70,quest3s,2.26,1.73,50.8,20.4
sess005637,v69,quest3,2.04,1.43,39.9,17.5
sess005638,v70,quest3s,1.72,1.02,43.4,20.1
sess005639,v69,quest3,2.83,1.95,43.2,15.6
sess005640,v68,quest3,1.54,0.86,38.6,17.1
sess005641,v70,quest3s,2.55,1.07,36.0,21.6
sess005642,v70,quest3s,2.59,2.05,46.7,16.6
sess005643,v70,quest3,2.03,1.33,44.7,17.5
sess005644,v70,quest3,1.95,1.84,36.5,17.9
sess005645,v68,quest3,3.08,0.67,47.8,16.3
sess005646,v70,quest3s,1.66,1.53,39.6,20.5
sess005647,v69,quest3s,3.6,1.51,38.7,19.2
sess005648,v68,quest3s,1.41,1.31,39.1,16.1
sess005649,v69,quest3,2.39,1.15,41.6,19.3
sess005650,v70,quest3s,1.34,1.2,40.2,20.2
sess005651,v70,quest3,2.25,1.79,47.0,21.3
sess005652,v70,quest3s,2.45,0.89,41.0,17.2
sess005653,v68,quest3s,1.84,1.61,39.7,18.5
sess005654,v69,quest3,2.21,1.48,39.3,18.7
sess005655,v69,quest3,2.7,1.37,38.2,20.2
sess005656,v69,quest3,1.55,1.22,41.9,18.0
sess005657,v70,quest3,2.26,1.21,47.3,18.1
sess005658,v70,quest3,2.25,1.24,43.9,18.7
sess005659,v70,quest3s,2.86,1.15,37.9,18.6
sess005660,v70,quest3,2.29,1.85,37.5,18.4
sess005661,v69,quest3s,3.61,1.45,38.4,17.7
sess005662,v70,quest3s,2.34,1.05,35.2,18.5
sess005663,v68,quest3,2.32,1.75,39.1,20.4
sess005664,v70,quest3s,1.98,1.31,42.7,17.9
sess005665,v69,quest3,1.8,1.4,44.3,19.8
sess005666,v69,quest3s,2.66,2.53,40.3,18.3
sess005667,v70,quest3s,2.13,0.94,40.5,19.1
sess005668,v69,quest3,2.19,1.59,37.3,18.2
sess005669,v69,quest3s,4.03,1.37,35.4,19.4
sess005670,v69,quest3,2.32,0.5,47.2,17.8
sess005671,v70,quest3s,3.04,0.73,36.7,17.2
sess005672,v70,quest3s,2.08,1.28,42.6,20.4
sess005673,v69,quest3,2.3,0.88,37.7,19.2
sess005674,v69,quest3,2.67,1.49,44.4,19.4
sess005675,v68,quest3,1.67,1.16,44.7,15.9
sess005676,v69,quest3s,3.51,1.99,51.0,16.4
sess005677,v69,quest3,2.2,0.71,43.7,15.1
sess005678,v70,quest3,2.78,1.35,37.4,19.6
sess005679,v70,quest3,1.6,1.35,42.8,19.4
sess005680,v70,quest3,1.82,0.63,39.6,20.9
sess005681,v68,quest3s,2.74,1.04,43.5,18.1
sess005682,v70,quest3,2.92,1.84,39.4,18.8
sess005683,v68,quest3s,2.9,1.11,45.4,18.6
sess005684,v69,quest3,2.47,0.96,44.7,13.5
sess005685,v68,quest3s,2.14,1.61,39.8,17.4
sess005686,v70,quest3s,1.65,0.95,44.0,16.7
sess005687,v68,quest3s,2.67,1.18,47.2,19.3
sess005688,v69,quest3s,3.41,2.58,36.1,20.5
sess005689,v68,quest3,2.31,0.57,40.3,16.6
sess005690,v68,quest3,1.95,1.47,44.1,17.4
sess005691,v68,quest3s,2.44,1.47,42.3,19.5
sess005692,v70,quest3,2.47,1.33,45.3,17.2
sess005693,v70,quest3s,2.43,0.81,39.9,20.7
sess005694,v69,quest3,1.78,1.66,50.6,17.7
sess005695,v68,quest3s,1.15,1.07,45.1,17.8
sess005696,v68,quest3,1.38,1.39,44.0,17.0
sess005697,v68,quest3s,2.15,1.1,42.4,16.3
sess005698,v69,quest3s,2.29,2.26,35.9,17.7
sess005699,v70,quest3s,2.8,0.98,44.8,20.0
sess005700,v70,quest3,2.32,1.66,40.9,18.7
sess005701,v69,quest3,2.38,1.67,38.0,19.5
sess005702,v70,quest3,1.14,1.32,43.5,18.2
sess005703,v68,quest3,2.22,1.14,47.5,17.6
sess005704,v69,quest3s,2.86,2.25,40.1,17.9
sess005705,v69,quest3,2.18,0.56,44.5,18.3
sess005706,v68,quest3s,2.39,1.75,48.7,14.9
sess005707,v70,quest3s,1.52,1.23,35.6,18.4
sess005708,v70,quest3s,2.67,1.49,39.8,21.2
sess005709,v70,quest3,2.69,1.39,45.4,20.6
sess005710,v69,quest3,2.52,0.86,39.6,20.1
sess005711,v68,quest3,1.63,0.95,40.5,17.6
sess005712,v69,quest3s,3.53,1.93,37.6,17.3
sess005713,v69,quest3,1.87,0.87,37.6,16.0
sess005714,v69,quest3,1.86,1.56,42.2,17.1
sess005715,v68,quest3s,1.99,1.15,32.7,18.2
sess005716,v68,quest3,1.63,2.05,41.9,18.6
sess005717,v70,quest3,1.59,0.96,44.8,17.8
sess005718,v68,quest3,2.08,2.03,48.1,18.0
sess005719,v69,quest3s,2.04,1.88,36.1,18.7
sess005720,v69,quest3s,2.59,1.85,44.6,15.9
sess005721,v68,quest3s,1.45,1.08,42.1,15.8
sess005722,v69,quest3s,4.01,1.56,45.0,16.1
sess005723,v70,quest3,2.06,1.4,41.9,20.8
sess005724,v70,quest3s,2.6,0.75,38.4,18.3
sess005725,v70,quest3,1.95,1.15,44.8,19.0
sess005726,v69,quest3,2.76,1.28,40.3,16.8
sess005727,v68,quest3s,2.36,0.97,33.5,19.9
sess005728,v70,quest3,1.81,1.62,40.0,20.0
sess005729,v68,quest3,1.81,0.81,42.5,16.5
sess005730,v68,quest3,1.88,2.02,42.6,18.0
sess005731,v68,quest3,1.16,1.23,45.1,19.0
sess005732,v70,quest3s,2.67,0.7,53.1,20.0
sess005733,v69,quest3,2.05,1.52,45.9,17.9
sess005734,v69,quest3,2.2,1.29,45.3,18.0
sess005735,v70,quest3,2.33,1.17,37.6,20.1
sess005736,v68,quest3s,3.29,1.41,46.1,16.6
sess005737,v68,quest3,2.7,1.35,39.1,18.2
sess005738,v70,quest3,2.64,0.44,41.3,18.6
sess005739,v68,quest3,1.94,1.24,42.9,16.7
sess005740,v70,quest3,2.09,1.63,49.8,16.8
sess005741,v70,quest3,2.27,1.35,45.2,16.8
sess005742,v70,quest3,2.88,0.53,45.0,17.9
sess005743,v68,quest3,2.48,1.21,44.8,17.7
sess005744,v70,quest3,1.61,1.37,42.9,18.5
sess005745,v70,quest3s,1.33,1.36,38.2,19.7
sess005746,v69,quest3,1.78,1.55,38.2,16.5
sess005747,v68,quest3s,1.78,1.1,41.7,16.9
sess005748,v69,quest3s,2.87,2.34,47.1,19.2
sess005749,v70,quest3s,2.09,1.71,41.9,20.1
sess005750,v69,quest3s,2.58,1.84,48.8,17.6
sess005751,v68,quest3s,2.56,1.46,40.3,22.5
sess005752,v68,quest3s,2.97,1.78,43.7,16.9
sess005753,v70,quest3,1.35,1.54,42.4,16.9
sess005754,v68,quest3s,2.9,0.93,38.1,19.0
sess005755,v68,quest3,2.79,1.01,40.2,18.9
sess005756,v69,quest3,2.87,1.43,47.9,18.1
sess005757,v70,quest3,2.52,1.24,46.5,19.0
sess005758,v69,quest3,3.09,0.83,41.2,18.5
sess005759,v68,quest3,2.32,1.28,41.3,15.6
sess005760,v69,quest3s,3.55,1.6,44.4,18.6
sess005761,v70,quest3,2.54,1.24,43.3,18.7
sess005762,v70,quest3s,2.41,1.14,41.0,19.7
sess005763,v69,quest3,1.54,1.66,49.3,15.9
sess005764,v68,quest3s,1.1,1.1,41.7,20.1
sess005765,v68,quest3s,2.15,2.11,46.5,15.9
sess005766,v69,quest3,2.36,1.73,38.9,17.2
sess005767,v70,quest3s,2.48,1.01,39.7,19.7
sess005768,v69,quest3,2.29,0.92,40.4,17.5
sess005769,v68,quest3,1.71,1.55,41.0,20.2
sess005770,v68,quest3,2.83,0.45,37.6,20.6
sess005771,v70,quest3,2.24,1.54,38.5,19.2
sess005772,v70,quest3s,1.79,1.57,44.1,19.5
sess005773,v70,quest3s,2.11,1.75,47.4,21.1
sess005774,v69,quest3s,3.28,1.62,40.5,17.2
sess005775,v68,quest3,2.43,1.53,40.4,19.2
sess005776,v70,quest3,2.09,1.29,34.3,17.1
sess005777,v68,quest3s,1.68,1.73,40.5,15.9
sess005778,v68,quest3,2.39,1.34,39.2,17.3
sess005779,v68,quest3,1.61,1.91,46.7,18.7
sess005780,v68,quest3,2.21,1.43,41.2,19.1
sess005781,v70,quest3s,2.65,1.17,46.4,19.4
sess005782,v70,quest3,1.93,1.2,42.1,22.8
sess005783,v68,quest3,1.31,1.68,39.2,19.6
sess005784,v69,quest3,2.22,0.26,48.0,22.7
sess005785,v70,quest3,1.74,1.43,41.5,18.4
sess005786,v70,quest3,2.31,1.28,40.9,19.7
sess005787,v69,quest3,2.18,1.46,40.6,20.4
sess005788,v70,quest3s,1.56,1.79,39.2,18.2
sess005789,v68,quest3s,2.06,1.66,49.2,16.6
sess005790,v69,quest3,1.62,0.8,37.8,16.9
sess005791,v68,quest3,1.59,1.49,48.3,17.5
sess005792,v69,quest3,2.64,1.29,39.0,18.3
sess005793,v68,quest3,1.36,1.44,41.8,17.0
sess005794,v70,quest3s,3.02,1.2,41.6,17.7
sess005795,v70,quest3s,1.1,1.33,35.8,16.7
sess005796,v70,quest3,2.01,1.44,37.0,19.3
sess005797,v70,quest3,1.97,1.76,42.8,18.2
sess005798,v70,quest3s,2.11,2.04,37.7,18.9
sess005799,v69,quest3,1.71,0.93,35.5,19.6
sess005800,v70,quest3,2.83,1.27,43.8,18.6
sess005801,v68,quest3,2.14,1.03,48.0,16.0
sess005802,v68,quest3,2.4,1.69,43.9,17.7
sess005803,v69,quest3s,2.3,2.43,44.9,19.9
sess005804,v69,quest3s,2.44,1.85,40.9,15.0
sess005805,v68,quest3,1.63,0.62,40.8,18.6
sess005806,v70,quest3,2.19,0.75,39.5,19.7
sess005807,v68,quest3,0.78,1.02,46.0,17.6
sess005808,v68,quest3,1.93,0.77,39.4,19.6
sess005809,v68,quest3,1.11,2.51,37.3,17.2
sess005810,v69,quest3,2.07,0.73,39.4,19.6
sess005811,v70,quest3s,2.25,0.94,43.4,17.6
sess005812,v69,quest3,2.34,1.12,42.0,18.0
sess005813,v68,quest3s,2.26,1.75,38.5,16.5
sess005814,v70,quest3,2.37,1.67,35.7,19.4
sess005815,v69,quest3,1.89,1.0,46.6,18.3
sess005816,v68,quest3s,2.15,1.29,41.2,16.4
sess005817,v68,quest3,1.77,0.92,44.7,21.6
sess005818,v69,quest3s,2.24,2.35,44.4,16.9
sess005819,v70,quest3s,2.15,1.25,37.7,20.5
sess005820,v68,quest3,1.83,0.98,33.8,18.1
sess005821,v68,quest3,2.48,0.8,40.8,18.0
sess005822,v68,quest3s,1.77,1.26,33.9,17.4
sess005823,v68,quest3s,1.9,1.09,39.8,16.9
sess005824,v68,quest3s,1.93,1.97,45.2,16.3
sess005825,v70,quest3s,2.57,1.08,36.4,18.7
sess005826,v68,quest3,2.59,1.86,46.8,15.3
sess005827,v69,quest3,1.96,1.62,42.7,17.6
sess005828,v70,quest3,1.65,1.2,47.7,19.6
sess005829,v69,quest3,3.24,1.31,39.8,17.0
sess005830,v69,quest3,2.8,1.55,38.6,18.4
sess005831,v68,quest3s,1.88,1.44,44.9,17.9
sess005832,v70,quest3s,1.92,0.92,37.4,20.8
sess005833,v68,quest3s,2.26,1.5,40.1,17.5
sess005834,v68,quest3,2.25,0.63,44.9,16.4
sess005835,v68,quest3,1.9,1.24,42.9,19.2
sess005836,v69,quest3s,3.27,1.48,38.4,17.2
sess005837,v68,quest3,1.62,1.15,48.0,18.5
sess005838,v70,quest3s,2.3,0.36,41.8,21.3
sess005839,v70,quest3,1.47,1.61,40.8,20.1
sess005840,v70,quest3,1.96,0.9,39.9,18.0
sess005841,v68,quest3,2.61,0.54,43.8,17.9
sess005842,v70,quest3,2.42,1.09,45.7,18.4
sess005843,v68,quest3s,2.16,0.66,43.2,16.5
sess005844,v68,quest3s,2.48,1.32,38.1,18.6
sess005845,v69,quest3s,2.4,1.73,38.9,15.1
sess005846,v70,quest3,2.47,0.77,43.4,17.4
sess005847,v70,quest3s,2.13,1.53,39.0,19.8
sess005848,v68,quest3,2.84,0.9,42.9,17.9
sess005849,v70,quest3,1.38,0.91,45.3,18.0
sess005850,v69,quest3s,2.42,2.01,42.4,15.1
sess005851,v69,quest3,1.96,1.94,40.2,15.0
sess005852,v69,quest3s,2.8,2.2,41.3,19.0
sess005853,v68,quest3,2.28,1.51,37.3,19.9
sess005854,v69,quest3s,3.06,1.81,41.6,18.3
sess005855,v70,quest3,2.58,1.66,45.5,18.9
sess005856,v69,quest3s,3.04,1.66,36.6,19.7
sess005857,v70,quest3,1.58,0.36,44.9,17.1
sess005858,v70,quest3s,2.72,0.81,35.9,19.3
sess005859,v69,quest3,2.42,1.5,43.2,16.9
sess005860,v68,quest3,2.62,1.09,36.7,14.8
sess005861,v69,quest3s,2.72,2.05,46.4,18.2
sess005862,v69,quest3,3.09,0.53,38.9,18.7
sess005863,v69,quest3,2.03,0.91,44.5,16.9
sess005864,v68,quest3s,1.61,1.23,43.2,18.2
sess005865,v69,quest3s,3.69,1.82,45.4,17.7
sess005866,v70,quest3,2.19,1.31,38.8,17.7
sess005867,v70,quest3s,2.57,1.32,47.7,19.7
sess005868,v68,quest3s,1.91,1.07,45.9,20.1
sess005869,v68,quest3,2.0,0.81,45.9,17.2
sess005870,v68,quest3s,1.29,1.09,46.6,15.4
sess005871,v70,quest3s,2.28,2.0,43.4,17.6
sess005872,v68,quest3s,1.93,1.14,50.5,17.7
sess005873,v68,quest3,2.21,1.16,31.6,17.4
sess005874,v69,quest3s,2.39,1.53,33.9,16.0
sess005875,v68,quest3s,2.73,1.48,48.4,16.4
sess005876,v68,quest3,2.58,0.41,39.9,19.8
sess005877,v70,quest3,2.02,0.39,43.7,20.7
sess005878,v69,quest3,2.19,1.5,46.7,20.1
sess005879,v69,quest3s,3.29,1.77,40.8,18.0
sess005880,v70,quest3s,2.15,1.2,44.5,21.5
sess005881,v69,quest3,1.93,1.21,38.0,19.2
sess005882,v68,quest3,2.46,0.79,43.4,17.6
sess005883,v69,quest3,2.18,1.31,37.3,18.7
sess005884,v70,quest3,2.32,1.17,49.6,20.2
sess005885,v70,quest3,2.06,1.2,43.2,16.8
sess005886,v69,quest3s,2.73,1.99,42.5,19.4
sess005887,v70,quest3s,2.39,1.82,39.0,17.2
sess005888,v68,quest3,2.4,1.08,35.4,20.1
sess005889,v69,quest3s,3.46,2.1,45.6,18.0
sess005890,v70,quest3,1.4,1.39,32.3,20.1
sess005891,v68,quest3,2.17,0.91,41.0,18.8
sess005892,v69,quest3,2.72,1.12,47.1,18.5
sess005893,v69,quest3,2.36,1.84,49.0,18.1
sess005894,v70,quest3,1.55,1.17,37.1,15.7
sess005895,v69,quest3s,2.87,1.39,44.0,18.5
sess005896,v69,quest3s,2.6,1.88,49.3,21.4
sess005897,v69,quest3s,2.17,2.32,41.3,17.3
sess005898,v70,quest3,1.71,1.18,45.6,21.8
sess005899,v70,quest3s,2.11,1.93,44.0,19.4
sess005900,v70,quest3,2.36,1.48,39.9,19.9
sess005901,v69,quest3,1.16,1.67,45.4,18.1
sess005902,v68,quest3,2.53,1.01,41.1,19.7
sess005903,v68,quest3,2.9,1.99,34.0,17.3
sess005904,v70,quest3s,1.86,1.33,46.2,20.0
sess005905,v68,quest3s,2.93,1.69,46.6,15.5
sess005906,v68,quest3,1.58,1.22,48.7,17.1
sess005907,v68,quest3,2.19,0.86,45.4,18.4
sess005908,v68,quest3s,2.15,1.06,49.1,15.9
sess005909,v70,quest3,1.71,1.88,46.5,19.1
sess005910,v68,quest3s,1.41,1.46,47.4,18.4
sess005911,v70,quest3s,1.29,1.0,38.0,18.3
sess005912,v68,quest3,2.63,1.45,44.9,18.4
sess005913,v68,quest3,2.48,0.75,47.1,16.3
sess005914,v68,quest3,2.19,0.62,42.6,17.5
sess005915,v70,quest3s,1.83,1.68,40.2,15.8
sess005916,v69,quest3,1.98,0.62,38.8,17.2
sess005917,v70,quest3,1.1,1.63,37.3,18.2
sess005918,v70,quest3s,2.05,1.49,41.5,19.4
sess005919,v69,quest3,1.52,1.89,38.7,16.1
sess005920,v70,quest3,2.32,1.37,46.0,19.0
sess005921,v68,quest3,1.58,1.55,41.8,16.0
sess005922,v68,quest3s,2.25,0.67,39.9,19.1
sess005923,v70,quest3,2.75,0.56,39.3,17.1
sess005924,v69,quest3,2.38,1.12,37.6,15.8
sess005925,v70,quest3s,1.98,0.8,38.3,18.7
sess005926,v70,quest3s,2.48,0.97,41.0,19.5
sess005927,v68,quest3s,2.33,1.03,34.1,17.2
sess005928,v70,quest3,1.51,1.03,39.1,19.2
sess005929,v70,quest3s,2.08,0.56,40.6,19.5
sess005930,v70,quest3s,1.69,1.13,37.8,15.0
sess005931,v69,quest3s,2.83,1.77,42.3,18.6
sess005932,v68,quest3s,2.37,1.19,42.3,18.3
sess005933,v70,quest3s,2.61,1.72,44.4,17.0
sess005934,v70,quest3,2.33,1.51,49.3,18.4
sess005935,v69,quest3,2.66,1.23,36.6,19.4
sess005936,v69,quest3s,3.7,1.71,51.8,17.6
sess005937,v70,quest3,1.91,0.84,40.7,20.4
sess005938,v68,quest3,2.15,1.34,43.7,17.3
sess005939,v68,quest3,1.72,0.59,52.7,18.0
sess005940,v69,quest3s,3.41,1.71,48.6,18.7
sess005941,v69,quest3,2.52,1.71,46.5,19.0
sess005942,v69,quest3,3.07,1.76,42.1,19.2
sess005943,v68,quest3,2.73,1.35,41.5,17.6
sess005944,v68,quest3s,1.47,1.75,50.9,17.2
sess005945,v70,quest3s,2.56,1.12,38.5,18.0
sess005946,v70,quest3s,2.54,0.9,43.5,21.5
sess005947,v68,quest3,2.17,1.38,46.1,17.0
sess005948,v70,quest3s,3.07,1.11,50.1,19.1
sess005949,v68,quest3s,1.28,1.49,45.3,15.3
sess005950,v70,quest3s,2.59,1.07,43.5,19.1
sess005951,v70,quest3,1.7,1.1,49.4,19.9
sess005952,v69,quest3,2.3,1.72,45.8,17.6
sess005953,v69,quest3,1.69,1.09,43.3,18.7
sess005954,v69,quest3s,3.08,2.2,47.4,15.5
sess005955,v70,quest3,1.97,1.49,39.8,19.7
sess005956,v70,quest3s,2.59,0.97,40.1,19.8
sess005957,v68,quest3s,2.51,1.47,47.8,16.2
sess005958,v68,quest3,2.46,0.53,45.6,18.7
sess005959,v68,quest3s,0.94,1.64,45.5,18.1
sess005960,v70,quest3,1.59,1.39,41.7,18.0
sess005961,v69,quest3,3.03,0.77,40.9,19.2
sess005962,v69,quest3s,2.34,1.79,44.7,16.4
sess005963,v69,quest3s,2.57,1.7,40.7,17.0
sess005964,v68,quest3,1.74,1.0,40.8,18.6
sess005965,v70,quest3,2.07,1.68,44.2,19.3
sess005966,v70,quest3s,2.3,1.4,38.5,16.8
sess005967,v70,quest3s,1.57,1.29,40.4,20.2
sess005968,v69,quest3,1.99,1.8,41.9,14.8
sess005969,v69,quest3,2.12,0.8,46.7,16.3
sess005970,v68,quest3s,2.01,1.91,38.5,18.2
sess005971,v69,quest3s,3.26,2.2,47.1,16.6
sess005972,v68,quest3,2.0,1.43,41.4,18.5
sess005973,v69,quest3,1.69,1.3,42.9,18.7
sess005974,v70,quest3s,1.49,0.92,45.2,20.9
sess005975,v70,quest3,1.25,1.43,42.8,21.4
sess005976,v70,quest3,2.18,1.38,40.4,18.6
sess005977,v68,quest3s,1.72,0.82,44.3,16.5
sess005978,v69,quest3s,2.63,1.98,37.1,19.0
sess005979,v68,quest3,1.53,1.3,37.3,19.3
sess005980,v70,quest3,1.34,1.47,40.1,18.0
sess005981,v68,quest3,1.88,0.8,37.7,16.7
sess005982,v70,quest3s,1.84,1.79,36.1,17.6
sess005983,v69,quest3s,3.09,1.94,40.8,18.1
sess005984,v69,quest3s,2.89,2.0,41.6,18.6
sess005985,v70,quest3,2.51,1.64,41.4,21.5
sess005986,v70,quest3s,2.67,1.88,43.1,18.1
sess005987,v69,quest3s,3.88,2.52,32.2,17.6
sess005988,v69,quest3,2.05,1.53,43.2,17.7
sess005989,v70,quest3,3.01,1.2,43.5,18.3
sess005990,v69,quest3,2.18,1.93,40.8,18.0
sess005991,v68,quest3,1.63,1.29,47.2,18.4
sess005992,v70,quest3s,1.41,1.11,38.3,20.2
sess005993,v69,quest3s,2.84,1.76,42.7,17.6
sess005994,v70,quest3,2.35,1.48,37.3,19.0
sess005995,v69,quest3s,3.55,2.73,44.1,18.6
sess005996,v68,quest3,1.86,1.05,35.9,17.1
sess005997,v69,quest3,2.58,1.23,41.9,20.0
sess005998,v70,quest3,2.7,1.27,47.4,19.3
sess005999,v69,quest3s,3.25,2.35,39.8,19.8
sess006000,v70,quest3,1.83,1.49,33.4,20.0
sess006001,v68,quest3,2.31,0.46,48.7,20.0
sess006002,v68,quest3s,1.49,0.97,36.4,18.9
sess006003,v69,quest3,2.69,1.33,41.7,19.2
sess006004,v68,quest3s,1.95,1.04,43.9,18.1
sess006005,v68,quest3,2.53,1.85,41.9,20.0
sess006006,v68,quest3,0.88,1.23,43.7,18.5
sess006007,v68,quest3s,1.8,1.32,44.3,19.1
sess006008,v69,quest3s,3.3,2.06,39.6,17.7
sess006009,v68,quest3,1.96,0.8,47.2,16.7
sess006010,v69,quest3,1.95,0.87,45.6,17.4
sess006011,v69,quest3s,2.55,1.48,43.7,18.9
sess006012,v68,quest3,2.47,1.31,46.7,17.3
sess006013,v70,quest3s,2.02,1.6,44.2,18.5
sess006014,v70,quest3,2.59,1.57,40.4,20.2
sess006015,v69,quest3,1.98,0.77,35.5,16.7
sess006016,v69,quest3s,3.0,1.84,44.5,16.6
sess006017,v70,quest3,2.14,1.71,46.9,19.2
sess006018,v70,quest3,1.59,1.12,44.0,18.2
sess006019,v68,quest3s,2.29,1.8,41.4,17.8
sess006020,v68,quest3,1.58,1.62,44.6,17.0
sess006021,v68,quest3,2.29,0.94,44.1,19.3
sess006022,v69,quest3,1.24,1.14,46.1,19.9
sess006023,v70,quest3s,2.09,1.8,36.0,19.9
sess006024,v69,quest3s,2.7,2.01,39.1,15.8
sess006025,v70,quest3,2.24,1.22,44.5,17.5
sess006026,v68,quest3s,2.75,1.02,42.0,18.1
sess006027,v68,quest3s,2.33,1.23,49.9,16.9
sess006028,v68,quest3,2.46,0.72,43.6,19.4
sess006029,v69,quest3s,2.85,1.6,48.2,20.0
sess006030,v68,quest3,2.72,1.7,40.8,16.4
sess006031,v69,quest3s,2.86,1.77,36.1,17.0
sess006032,v68,quest3,2.25,1.9,46.5,19.0
sess006033,v70,quest3,1.2,1.48,42.3,20.6
sess006034,v69,quest3,1.78,1.24,35.5,17.2
sess006035,v70,quest3,1.14,0.79,40.3,18.3
sess006036,v70,quest3,2.36,1.56,41.4,19.0
sess006037,v68,quest3,1.61,1.7,36.4,16.7
sess006038,v70,quest3s,1.75,1.44,43.1,19.6
sess006039,v69,quest3s,3.67,1.25,42.4,18.6
sess006040,v69,quest3,1.96,1.12,45.9,19.0
sess006041,v70,quest3s,2.34,1.57,42.2,18.6
sess006042,v68,quest3,2.7,1.6,44.5,16.0
sess006043,v68,quest3,1.59,1.31,39.8,19.4
sess006044,v69,quest3,2.0,1.63,37.3,17.1
sess006045,v70,quest3s,2.3,1.22,37.5,20.2
sess006046,v69,quest3s,2.45,1.13,43.4,19.5
sess006047,v70,quest3,2.44,1.61,40.2,18.9
sess006048,v68,quest3,2.53,1.27,36.8,16.7
sess006049,v70,quest3,2.02,1.31,42.3,19.2
sess006050,v70,quest3s,1.84,1.02,38.0,18.9
sess006051,v69,quest3s,2.95,2.37,43.3,17.4
sess006052,v70,quest3,3.02,1.66,37.4,19.0
sess006053,v69,quest3s,2.96,1.83,39.8,18.5
sess006054,v69,quest3,1.92,0.5,43.6,18.2
sess006055,v68,quest3s,2.29,0.44,40.6,17.8
sess006056,v68,quest3,2.41,0.95,42.2,17.3
sess006057,v68,quest3,1.55,0.27,41.0,19.3
sess006058,v68,quest3s,2.81,1.67,32.2,16.5
sess006059,v68,quest3s,2.57,1.24,44.9,18.7
sess006060,v68,quest3,1.56,1.5,38.6,17.3
sess006061,v69,quest3s,3.69,2.11,34.9,17.2
sess006062,v68,quest3s,2.29,1.21,41.2,16.1
sess006063,v70,quest3s,1.02,1.73,42.6,19.0
sess006064,v70,quest3s,2.65,1.2,44.2,19.3
sess006065,v70,quest3,1.85,1.28,42.6,19.0
sess006066,v69,quest3s,2.99,2.05,38.3,17.3
sess006067,v68,quest3s,3.26,1.32,41.2,21.3
sess006068,v68,quest3,1.41,1.34,40.0,20.2
sess006069,v68,quest3,2.16,2.03,48.4,16.9
sess006070,v68,quest3,2.38,1.9,43.7,18.5
sess006071,v68,quest3,2.49,1.37,44.3,17.6
sess006072,v69,quest3,2.2,1.92,42.1,17.6
sess006073,v68,quest3,2.15,1.26,35.9,16.9
sess006074,v70,quest3,2.76,1.51,49.1,17.9
sess006075,v68,quest3s,2.93,1.68,41.9,14.9
sess006076,v69,quest3s,2.96,1.08,46.1,16.0
sess006077,v68,quest3,2.4,0.7,43.8,16.5
sess006078,v70,quest3,1.42,1.34,44.5,18.5
sess006079,v68,quest3s,2.3,1.17,43.9,16.0
sess006080,v70,quest3,2.6,0.63,39.0,16.7
sess006081,v70,quest3s,1.98,1.97,38.2,16.5
sess006082,v68,quest3,2.07,1.25,39.4,18.6
sess006083,v70,quest3,2.09,1.61,41.5,18.8
sess006084,v68,quest3s,1.94,0.96,40.6,15.7
sess006085,v69,quest3s,2.03,1.83,39.1,19.3
sess006086,v70,quest3,2.91,1.81,47.1,18.3
sess006087,v69,quest3s,3.23,1.4,39.6,15.7
sess006088,v68,quest3s,2.0,1.12,46.4,17.2
sess006089,v69,quest3,2.31,1.68,38.5,18.0
sess006090,v69,quest3s,2.87,1.88,41.4,17.7
sess006091,v69,quest3s,2.89,2.1,43.7,18.2
sess006092,v68,quest3,1.9,0.99,41.9,17.9
sess006093,v68,quest3s,2.09,1.52,41.4,17.0
sess006094,v70,quest3s,1.98,1.17,43.0,18.3
sess006095,v70,quest3,2.69,1.09,40.3,18.7
sess006096,v69,quest3s,3.73,0.82,47.6,17.8
sess006097,v68,quest3,2.58,1.16,41.5,17.2
sess006098,v69,quest3,2.23,0.98,42.3,18.1
sess006099,v70,quest3,1.61,0.94,48.8,20.0
sess006100,v68,quest3,2.82,1.23,35.7,17.1
sess006101,v70,quest3,2.31,0.7,46.8,16.5
sess006102,v69,quest3s,3.47,2.02,43.1,18.2
sess006103,v70,quest3s,2.47,0.67,47.0,22.2
sess006104,v70,quest3,1.68,0.97,41.2,20.8
sess006105,v68,quest3,1.92,1.25,38.2,14.8
sess006106,v70,quest3,2.07,1.12,42.8,17.5
sess006107,v70,quest3,2.32,1.11,42.4,18.7
sess006108,v70,quest3,2.0,0.67,40.0,18.1
sess006109,v68,quest3,2.82,1.01,43.2,14.8
sess006110,v70,quest3s,2.12,2.07,43.3,20.0
sess006111,v69,quest3s,3.61,2.52,41.8,16.3
sess006112,v68,quest3,2.38,0.95,39.5,16.4
sess006113,v69,quest3,2.49,0.89,51.5,21.2
sess006114,v69,quest3s,2.62,1.29,47.0,19.4
sess006115,v69,quest3,2.9,1.14,45.6,17.6
sess006116,v68,quest3,1.31,0.74,37.7,17.6
sess006117,v70,quest3,2.72,1.4,48.8,22.1
sess006118,v70,quest3s,1.83,1.35,43.0,20.7
sess006119,v68,quest3s,2.54,1.86,43.9,18.4
sess006120,v68,quest3s,2.09,1.14,36.1,18.8
sess006121,v70,quest3s,2.11,1.33,43.5,21.2
sess006122,v68,quest3s,2.1,1.12,40.4,17.1
sess006123,v68,quest3,2.36,0.9,37.9,18.1
sess006124,v69,quest3s,2.99,2.26,41.4,16.4
sess006125,v69,quest3,2.54,1.6,52.4,18.2
sess006126,v70,quest3,3.35,0.83,43.1,19.8
sess006127,v70,quest3,2.23,1.15,40.1,18.8
sess006128,v70,quest3,2.54,1.22,37.3,20.1
sess006129,v69,quest3s,3.47,1.16,41.1,15.3
sess006130,v69,quest3,1.69,1.23,56.4,18.4
sess006131,v69,quest3s,2.87,1.64,47.9,19.5
sess006132,v69,quest3s,2.92,1.56,36.4,16.9
sess006133,v70,quest3s,2.04,1.21,39.1,18.9
sess006134,v69,quest3s,2.63,1.24,47.3,17.0
sess006135,v68,quest3s,2.1,1.72,43.5,16.9
sess006136,v70,quest3s,1.68,1.27,47.4,20.5
sess006137,v69,quest3,1.93,1.4,36.3,17.9
sess006138,v70,quest3,2.75,0.24,40.5,17.2
sess006139,v69,quest3,2.84,1.51,40.6,19.1
sess006140,v69,quest3,1.32,1.25,39.2,17.5
sess006141,v69,quest3s,3.09,2.25,45.8,17.6
sess006142,v68,quest3s,1.99,1.4,43.6,19.1
sess006143,v68,quest3,1.63,1.96,43.4,18.1
sess006144,v70,quest3s,3.27,1.35,43.7,18.9
sess006145,v70,quest3s,2.44,1.54,47.4,18.9
sess006146,v69,quest3s,2.79,1.8,47.2,17.3
sess006147,v68,quest3s,2.78,1.47,43.5,19.6
sess006148,v70,quest3,1.87,1.16,38.9,17.4
sess006149,v69,quest3s,3.45,2.03,37.0,18.4
sess006150,v70,quest3,2.17,1.36,33.1,19.1
sess006151,v69,quest3,2.49,0.36,34.3,17.9
sess006152,v68,quest3,3.16,1.21,47.9,18.4
sess006153,v69,quest3s,4.3,1.99,34.3,17.1
sess006154,v69,quest3,1.43,0.67,45.8,17.5
sess006155,v70,quest3s,1.6,1.07,35.3,17.3
sess006156,v68,quest3,3.21,1.48,37.8,19.5
sess006157,v68,quest3,1.88,1.75,40.1,16.7
sess006158,v70,quest3s,2.45,1.73,42.6,17.9
sess006159,v68,quest3s,1.72,1.32,38.5,16.0
sess006160,v70,quest3s,2.53,1.2,41.3,19.5
sess006161,v68,quest3,1.68,1.96,50.7,18.4
sess006162,v68,quest3s,2.0,1.44,40.0,20.4
sess006163,v68,quest3,1.52,1.5,42.2,16.2
sess006164,v68,quest3,1.93,1.22,44.8,16.5
sess006165,v69,quest3,1.53,1.63,46.8,17.6
sess006166,v68,quest3s,2.59,0.73,45.1,14.6
sess006167,v68,quest3,2.5,1.3,45.9,19.8
sess006168,v69,quest3s,3.27,1.64,44.3,16.9
sess006169,v70,quest3,2.31,1.48,36.5,18.0
sess006170,v69,quest3s,2.52,1.83,48.2,18.5
sess006171,v68,quest3,2.06,1.95,39.7,18.0
sess006172,v69,quest3,2.89,1.43,39.6,17.3
sess006173,v68,quest3,1.44,1.41,44.5,18.3
sess006174,v70,quest3s,2.15,1.49,40.1,19.9
sess006175,v68,quest3s,1.45,1.45,41.5,18.5
sess006176,v69,quest3,2.08,1.03,36.3,20.6
sess006177,v69,quest3,0.79,0.58,42.2,16.2
sess006178,v69,quest3s,2.57,2.19,39.4,16.2
sess006179,v68,quest3,1.73,1.4,40.8,17.7
sess006180,v68,quest3,2.13,1.14,47.2,16.8
sess006181,v70,quest3s,2.3,1.48,50.2,19.3
sess006182,v69,quest3,1.84,1.19,41.7,19.1
sess006183,v68,quest3,3.09,1.38,33.2,18.0
sess006184,v68,quest3s,1.88,1.23,31.1,16.5
sess006185,v69,quest3s,3.3,1.05,40.3,16.8
sess006186,v70,quest3,2.56,1.04,43.1,18.5
sess006187,v70,quest3,1.86,0.83,44.6,19.5
sess006188,v68,quest3s,2.63,1.06,48.3,18.7
sess006189,v69,quest3,2.66,1.52,39.0,17.5
sess006190,v68,quest3,0.98,0.77,39.8,17.4
sess006191,v68,quest3,1.59,0.96,45.3,15.7
sess006192,v69,quest3s,3.25,2.44,35.8,18.2
sess006193,v68,quest3s,1.56,1.62,43.5,17.2
sess006194,v70,quest3,2.28,0.63,40.4,18.2
sess006195,v68,quest3,1.59,1.65,34.6,17.6
sess006196,v68,quest3,1.57,2.11,45.8,16.9
sess006197,v69,quest3s,3.04,1.79,35.1,19.2
sess006198,v69,quest3s,3.58,1.76,40.4,18.6
sess006199,v69,quest3,2.71,1.28,38.6,18.2
sess006200,v68,quest3,2.65,1.18,39.5,17.1
sess006201,v68,quest3s,2.48,1.06,42.0,18.9
sess006202,v69,quest3s,3.5,1.39,42.1,17.5
sess006203,v68,quest3,1.79,0.98,44.6,16.7
sess006204,v69,quest3s,3.42,1.9,38.6,19.2
sess006205,v69,quest3s,2.64,2.34,36.5,17.9
sess006206,v69,quest3,2.18,1.4,46.7,19.9
sess006207,v69,quest3,2.2,0.81,37.9,16.7
sess006208,v70,quest3,1.49,1.23,40.8,18.2
sess006209,v68,quest3,1.43,1.06,42.6,18.3
sess006210,v69,quest3,1.8,1.2,41.1,17.1
sess006211,v68,quest3,2.69,1.05,43.6,15.0
sess006212,v70,quest3,1.66,1.53,40.9,20.8
sess006213,v68,quest3,1.73,0.13,39.4,17.2
sess006214,v68,quest3,1.73,1.07,36.5,17.8
sess006215,v68,quest3s,2.21,0.83,44.8,19.9
sess006216,v70,quest3s,2.61,1.84,43.3,22.4
sess006217,v68,quest3,2.36,1.04,41.1,19.7
sess006218,v69,quest3,2.23,1.19,42.6,17.6
sess006219,v68,quest3s,2.16,1.76,39.4,18.8
sess006220,v69,quest3s,3.15,2.13,42.6,18.0
sess006221,v69,quest3,1.52,1.19,41.2,17.6
sess006222,v68,quest3,2.6,1.27,48.1,18.4
sess006223,v69,quest3,2.43,1.3,39.9,19.9
sess006224,v69,quest3,1.75,1.19,45.9,18.4
sess006225,v69,quest3,2.4,1.46,40.0,18.5
sess006226,v68,quest3,1.99,0.91,42.7,15.6
sess006227,v70,quest3,2.58,0.29,47.9,20.4
sess006228,v68,quest3s,2.66,0.69,40.6,17.7
sess006229,v70,quest3,1.17,0.7,36.0,19.4
sess006230,v70,quest3,2.25,0.72,44.9,16.6
sess006231,v69,quest3s,2.84,2.21,41.1,16.0
sess006232,v70,quest3,1.64,1.45,40.9,18.4
sess006233,v68,quest3s,3.0,0.75,39.0,15.6
sess006234,v68,quest3s,2.35,1.9,42.1,17.9
sess006235,v68,quest3,0.88,1.57,39.7,18.0
sess006236,v68,quest3,2.25,1.28,37.8,16.4
sess006237,v70,quest3s,2.13,1.55,37.9,21.9
sess006238,v68,quest3,1.69,1.42,45.6,15.9
sess006239,v69,quest3,1.5,1.53,48.2,19.0
sess006240,v68,quest3,1.61,0.84,46.3,19.1
sess006241,v70,quest3s,0.82,1.29,40.8,17.8
sess006242,v69,quest3,2.43,0.93,41.0,18.0
sess006243,v68,quest3s,1.78,1.88,35.6,17.7
sess006244,v70,quest3,1.38,1.29,42.9,19.7
sess006245,v69,quest3s,3.16,1.73,36.5,18.3
sess006246,v69,quest3,3.03,1.36,48.3,21.7
sess006247,v68,quest3s,1.56,0.71,37.7,18.0
sess006248,v70,quest3s,2.47,1.12,42.7,17.6
sess006249,v70,quest3,2.43,0.93,36.2,16.3
sess006250,v69,quest3s,3.65,1.9,38.5,19.1
sess006251,v70,quest3,2.65,1.3,42.9,18.0
sess006252,v68,quest3s,1.54,1.06,37.6,18.8
sess006253,v68,quest3,1.95,1.46,37.7,20.0
sess006254,v70,quest3,1.99,1.73,39.8,17.4
sess006255,v69,quest3s,3.44,2.58,40.3,19.6
sess006256,v68,quest3,2.16,1.34,41.8,16.1
sess006257,v69,quest3s,3.05,2.14,38.2,18.0
sess006258,v69,quest3,2.91,1.67,37.3,16.6
sess006259,v68,quest3s,2.36,1.53,39.9,18.6
sess006260,v70,quest3s,2.27,1.01,41.2,19.7
sess006261,v68,quest3s,1.34,0.79,46.5,15.1
sess006262,v68,quest3,2.09,1.0,39.6,15.4
sess006263,v68,quest3s,1.78,1.97,47.9,16.5
sess006264,v70,quest3,1.9,1.55,52.4,18.7
sess006265,v68,quest3,2.59,1.26,38.2,19.5
sess006266,v70,quest3s,2.36,1.56,44.9,19.6
sess006267,v68,quest3,1.84,1.22,42.6,19.7
sess006268,v68,quest3,1.6,1.12,40.1,17.0
sess006269,v68,quest3,1.47,0.78,42.0,18.0
sess006270,v70,quest3,2.44,0.78,50.5,17.9
sess006271,v68,quest3,2.19,0.75,40.4,19.5
sess006272,v68,quest3s,3.03,1.61,37.4,16.6
sess006273,v68,quest3,2.09,1.1,36.7,18.5
sess006274,v70,quest3,1.75,1.63,43.8,16.6
sess006275,v68,quest3,1.72,1.01,38.9,15.0
sess006276,v69,quest3,2.36,2.47,43.4,19.1
sess006277,v68,quest3s,1.82,1.11,40.4,17.8
sess006278,v69,quest3s,2.74,1.75,43.2,18.3
sess006279,v68,quest3,1.6,2.05,34.6,18.2
sess006280,v69,quest3,1.01,1.16,39.2,19.4
sess006281,v69,quest3,2.33,0.97,39.0,17.9
sess006282,v70,quest3,0.91,0.88,43.2,18.5
sess006283,v68,quest3s,1.92,1.79,37.4,15.7
sess006284,v70,quest3,3.14,1.47,45.1,18.9
sess006285,v69,quest3s,3.06,1.93,44.7,19.6
sess006286,v68,quest3,3.03,1.85,43.9,18.3
sess006287,v70,quest3,2.02,1.67,40.9,17.1
sess006288,v69,quest3,1.84,1.3,36.0,17.2
sess006289,v68,quest3s,1.31,1.2,46.6,16.6
sess006290,v69,quest3,2.32,0.33,40.7,19.4
sess006291,v68,quest3s,1.25,0.8,45.9,16.8
sess006292,v69,quest3s,3.18,1.32,41.9,17.9
sess006293,v70,quest3s,1.93,0.89,49.4,16.8
sess006294,v68,quest3s,2.52,1.24,46.5,19.6
sess006295,v69,quest3,2.18,0.46,37.8,17.3
sess006296,v68,quest3s,1.42,1.71,39.9,18.3
sess006297,v69,quest3,1.49,1.01,45.7,18.5
sess006298,v69,quest3,1.54,1.06,37.6,17.8
sess006299,v68,quest3,1.84,1.25,47.5,21.1
sess006300,v69,quest3,1.63,1.6,46.0,19.6
sess006301,v68,quest3s,1.45,0.77,50.7,17.3
sess006302,v70,quest3,1.55,1.15,31.9,17.6
sess006303,v69,quest3s,3.33,1.36,45.0,17.6
sess006304,v68,quest3,2.59,1.24,42.7,19.4
sess006305,v69,quest3s,2.48,2.02,35.9,17.4
sess006306,v68,quest3,3.5,0.53,47.4,18.3
sess006307,v70,quest3,1.74,1.71,38.5,16.7
sess006308,v70,quest3,3.16,1.01,43.7,21.3
sess006309,v70,quest3s,2.41,1.46,44.2,14.6
sess006310,v70,quest3,1.36,1.78,45.8,17.9
sess006311,v70,quest3,1.6,1.0,42.4,20.4
sess006312,v70,quest3s,2.21,1.11,36.0,16.4
sess006313,v70,quest3,2.35,1.34,44.4,19.2
sess006314,v68,quest3s,2.51,1.34,47.6,14.6
sess006315,v68,quest3,0.88,0.87,40.7,18.0
sess006316,v70,quest3,1.77,1.57,47.4,19.3
sess006317,v70,quest3,2.93,0.74,42.1,16.7
sess006318,v69,quest3s,3.57,1.55,43.0,20.2
sess006319,v69,quest3,2.46,1.19,42.1,16.8
sess006320,v70,quest3s,2.66,1.11,41.5,18.8
sess006321,v69,quest3s,3.59,2.78,40.3,18.9
sess006322,v69,quest3,2.08,1.22,42.3,15.2
sess006323,v68,quest3s,1.97,1.18,44.4,20.2
sess006324,v69,quest3s,2.96,1.86,40.8,18.8
sess006325,v70,quest3s,1.49,0.85,41.6,19.5
sess006326,v70,quest3,2.49,1.33,48.1,16.9
sess006327,v69,quest3,2.91,1.12,44.5,20.5
sess006328,v69,quest3s,2.71,1.68,42.2,17.3
sess006329,v68,quest3,2.14,1.22,40.4,19.7
sess006330,v69,quest3,2.08,1.02,39.2,20.0
sess006331,v68,quest3s,1.88,1.03,43.2,19.1
sess006332,v69,quest3,2.76,0.88,39.3,20.0
sess006333,v70,quest3,1.81,1.45,41.8,17.8
sess006334,v69,quest3,2.33,1.43,40.8,19.7
sess006335,v68,quest3,2.51,0.94,40.1,18.2
sess006336,v70,quest3,1.44,1.49,38.2,18.6
sess006337,v70,quest3s,2.51,0.64,33.9,20.7
sess006338,v69,quest3,1.54,1.47,42.8,18.9
sess006339,v70,quest3,0.97,1.7,37.2,21.4
sess006340,v68,quest3,1.57,0.82,44.9,17.6
sess006341,v70,quest3s,1.82,1.48,47.2,17.2
sess006342,v70,quest3s,1.93,1.87,37.9,18.7
sess006343,v70,quest3,2.47,1.34,36.0,18.1
sess006344,v70,quest3s,1.8,1.59,40.5,20.4
sess006345,v68,quest3,3.15,0.64,48.3,18.3
sess006346,v68,quest3s,2.63,1.5,44.5,16.8
sess006347,v68,quest3,2.02,1.31,49.4,15.5
sess006348,v70,quest3s,2.96,2.0,39.7,19.0
sess006349,v70,quest3,1.53,1.24,38.2,20.7
sess006350,v68,quest3,1.84,1.41,31.7,15.7
sess006351,v70,quest3s,1.58,1.52,42.4,19.1
sess006352,v69,quest3s,3.13,2.09,40.2,19.3
sess006353,v69,quest3,3.2,1.14,41.5,19.6
sess006354,v69,quest3s,3.46,2.1,36.2,18.5
sess006355,v70,quest3,3.28,0.47,46.1,17.5
sess006356,v68,quest3,2.38,1.11,48.1,18.4
sess006357,v69,quest3s,2.06,2.4,40.8,19.3
sess006358,v68,quest3,2.15,1.02,42.6,19.5
sess006359,v70,quest3s,3.47,1.11,40.0,20.0
sess006360,v68,quest3,2.06,0.92,39.1,15.1
sess006361,v69,quest3,2.17,1.71,37.3,17.5
sess006362,v70,quest3s,1.9,1.28,34.0,20.5
sess006363,v68,quest3s,2.54,1.47,35.9,18.1
sess006364,v68,quest3s,2.69,1.06,39.3,20.3
sess006365,v70,quest3,2.13,1.06,49.1,20.7
sess006366,v68,quest3,2.61,1.15,42.9,19.9
sess006367,v70,quest3,1.57,1.54,46.6,19.2
sess006368,v68,quest3s,1.6,2.22,39.9,18.2
sess006369,v68,quest3s,1.59,1.56,47.8,17.3
sess006370,v68,quest3s,2.41,0.93,39.1,19.5
sess006371,v68,quest3,2.74,1.51,39.3,14.5
sess006372,v70,quest3s,2.04,1.18,45.8,19.7
sess006373,v70,quest3,2.26,1.28,39.2,18.0
sess006374,v69,quest3,1.79,1.82,43.6,17.1
sess006375,v69,quest3s,2.29,1.2,41.0,19.1
sess006376,v70,quest3s,2.67,0.72,47.4,16.9
sess006377,v69,quest3s,3.09,2.2,40.7,17.7
sess006378,v70,quest3,2.6,1.87,39.6,18.7
sess006379,v70,quest3,2.55,0.72,40.8,18.8
sess006380,v68,quest3,2.67,0.92,46.9,20.6
sess006381,v68,quest3,2.02,1.74,40.6,21.0
sess006382,v69,quest3s,2.55,1.88,43.1,18.0
sess006383,v68,quest3,2.49,1.72,47.8,19.8
sess006384,v68,quest3s,1.57,0.89,41.6,16.4
sess006385,v70,quest3,1.9,1.06,41.4,20.2
sess006386,v70,quest3s,2.55,1.39,46.5,19.0
sess006387,v68,quest3,1.58,1.24,47.2,18.1
sess006388,v70,quest3,2.02,1.16,47.0,20.0
sess006389,v70,quest3s,2.82,1.83,41.3,20.0
sess006390,v69,quest3s,3.04,2.49,48.9,18.0
sess006391,v68,quest3s,2.44,1.21,37.4,16.5
sess006392,v68,quest3,1.41,0.23,46.2,18.9
sess006393,v68,quest3s,1.65,1.45,36.5,16.7
sess006394,v69,quest3s,2.67,2.57,34.4,18.6
sess006395,v70,quest3,1.98,0.92,44.1,21.8
sess006396,v69,quest3s,3.84,1.73,38.2,18.6
sess006397,v69,quest3,2.45,1.19,45.6,19.4
sess006398,v68,quest3,2.27,1.3,45.4,18.9
sess006399,v68,quest3s,2.37,2.43,36.2,17.8
sess006400,v69,quest3,2.29,0.68,40.8,16.9
sess006401,v69,quest3,2.19,1.33,41.1,18.4
sess006402,v68,quest3,2.21,1.27,47.5,16.1
sess006403,v69,quest3s,3.89,2.21,43.6,16.1
sess006404,v70,quest3s,1.08,1.45,42.7,16.5
sess006405,v69,quest3s,3.57,1.99,43.6,18.5
sess006406,v68,quest3s,2.19,1.76,42.2,17.6
sess006407,v68,quest3,2.42,1.45,44.2,17.3
sess006408,v70,quest3,2.2,1.71,40.7,21.8
sess006409,v69,quest3,1.85,1.43,45.3,19.0
sess006410,v68,quest3s,2.26,1.58,42.1,19.5
sess006411,v68,quest3s,1.12,1.52,46.7,18.7
sess006412,v68,quest3,2.37,1.16,46.8,18.2
sess006413,v70,quest3,2.46,1.13,43.9,20.1
sess006414,v69,quest3,2.36,0.86,37.3,18.6
sess006415,v68,quest3,2.23,1.3,41.6,17.1
sess006416,v70,quest3,1.0,0.5,40.5,19.2
sess006417,v68,quest3s,1.73,1.49,34.6,18.4
sess006418,v69,quest3,1.47,2.07,53.7,14.5
sess006419,v69,quest3,1.73,0.43,39.5,19.0
sess006420,v70,quest3,3.03,2.0,45.1,17.8
sess006421,v69,quest3,1.66,1.82,45.0,17.5
sess006422,v69,quest3s,2.56,1.89,39.9,18.7
sess006423,v69,quest3,2.11,0.76,42.5,18.3
sess006424,v68,quest3s,2.53,0.87,37.4,18.1
sess006425,v68,quest3,1.61,1.04,44.3,20.5
sess006426,v70,quest3,2.09,1.21,38.2,17.4
sess006427,v68,quest3s,2.33,0.75,48.2,20.1
sess006428,v70,quest3,1.85,1.11,40.9,18.8
sess006429,v70,quest3,2.95,1.08,46.5,19.8
sess006430,v70,quest3s,1.33,1.21,36.3,17.2
sess006431,v69,quest3,2.14,1.3,47.4,18.7
sess006432,v70,quest3s,2.25,1.19,41.5,17.1
sess006433,v70,quest3,2.39,0.82,44.6,18.8
sess006434,v69,quest3s,3.24,2.18,37.2,19.6
sess006435,v70,quest3s,2.03,1.21,43.4,18.5
sess006436,v70,quest3,2.65,1.71,39.3,18.4
sess006437,v68,quest3s,2.39,2.28,44.0,15.9
sess006438,v68,quest3s,2.38,1.29,37.1,16.0
sess006439,v68,quest3s,1.29,1.04,51.3,17.5
sess006440,v69,quest3,2.26,0.89,42.5,16.3
sess006441,v69,quest3,1.99,1.69,41.7,20.7
sess006442,v69,quest3,3.38,1.23,41.7,14.7
sess006443,v70,quest3,2.13,1.36,50.1,18.7
sess006444,v70,quest3,1.73,1.15,43.3,20.4
sess006445,v69,quest3s,2.43,1.15,42.7,17.9
sess006446,v69,quest3s,3.22,1.47,52.4,17.5
sess006447,v68,quest3,2.54,0.73,43.0,17.6
sess006448,v69,quest3,1.73,1.68,46.4,16.3
sess006449,v68,quest3,2.9,1.63,38.7,18.1
sess006450,v70,quest3,1.91,1.22,41.0,18.2
sess006451,v70,quest3s,2.36,1.25,42.6,19.1
sess006452,v68,quest3s,1.75,1.47,47.8,19.4
sess006453,v68,quest3s,2.02,1.71,38.6,18.7
sess006454,v70,quest3,1.96,0.95,39.0,19.2
sess006455,v70,quest3,3.2,1.72,48.8,20.2
sess006456,v69,quest3s,3.17,2.08,36.2,15.7
sess006457,v70,quest3,1.44,0.86,47.6,20.0
sess006458,v70,quest3s,3.13,1.43,34.0,17.3
sess006459,v70,quest3,2.17,1.44,42.5,18.3
sess006460,v69,quest3,2.43,0.79,49.0,14.6
sess006461,v68,quest3,2.46,1.36,38.2,18.8
sess006462,v68,quest3,1.85,0.94,46.4,17.7
sess006463,v68,quest3s,2.29,1.16,38.3,18.2
sess006464,v68,quest3s,1.57,1.11,37.0,18.2
sess006465,v68,quest3s,2.36,1.44,42.3,17.5
sess006466,v69,quest3,2.45,0.3,47.4,19.2
sess006467,v68,quest3s,0.85,1.89,44.3,16.1
sess006468,v70,quest3s,2.36,1.43,46.0,18.5
sess006469,v68,quest3,1.36,1.15,41.5,19.1
sess006470,v70,quest3s,1.76,1.15,38.1,18.5
sess006471,v70,quest3s,2.44,1.14,37.3,19.0
sess006472,v69,quest3s,2.37,1.26,39.3,18.6
sess006473,v68,quest3,1.41,1.78,48.4,19.1
sess006474,v68,quest3s,1.39,0.26,40.0,18.8
sess006475,v70,quest3,2.29,1.44,42.4,19.9
sess006476,v69,quest3s,2.93,1.63,36.2,16.4
sess006477,v70,quest3,2.88,1.09,42.7,18.2
sess006478,v69,quest3,2.57,1.61,41.3,19.7
sess006479,v70,quest3s,2.18,0.84,41.7,18.3
sess006480,v68,quest3s,2.47,1.74,37.4,19.0
sess006481,v70,quest3,1.68,0.64,37.8,20.6
sess006482,v68,quest3s,1.84,1.03,46.1,18.3
sess006483,v68,quest3,1.93,1.34,35.5,15.9
sess006484,v69,quest3,2.03,1.57,44.3,19.6
sess006485,v69,quest3s,2.91,1.67,41.3,15.3
sess006486,v68,quest3s,1.98,1.24,43.0,15.4
sess006487,v69,quest3s,2.97,1.52,41.2,20.7
sess006488,v68,quest3s,1.01,1.7,41.4,17.1
sess006489,v69,quest3s,2.5,2.36,42.9,19.0
sess006490,v68,quest3s,1.41,1.19,41.7,16.7
sess006491,v70,quest3s,1.68,2.48,39.2,19.3
sess006492,v68,quest3,2.74,0.59,40.2,17.3
sess006493,v70,quest3,1.9,1.11,41.0,18.2
sess006494,v68,quest3s,1.85,0.95,40.4,18.0
sess006495,v69,quest3s,3.44,1.5,40.3,17.6
sess006496,v70,quest3s,2.37,1.46,41.4,20.1
sess006497,v68,quest3,1.3,1.16,38.7,19.2
sess006498,v69,quest3,1.81,1.22,37.3,21.1
sess006499,v70,quest3,2.09,0.97,42.7,20.4
sess006500,v70,quest3,3.32,1.14,38.6,17.8
sess006501,v70,quest3,2.34,1.29,47.0,16.0
sess006502,v69,quest3s,3.37,1.32,35.5,17.5
sess006503,v70,quest3s,2.49,1.97,40.6,16.6
sess006504,v68,quest3,1.67,0.73,33.2,18.4
sess006505,v70,quest3,1.72,1.06,39.9,19.5
sess006506,v70,quest3,2.07,1.45,48.8,19.6
sess006507,v70,quest3,2.21,0.62,38.2,19.0
sess006508,v69,quest3,1.3,1.28,43.7,22.3
sess006509,v70,quest3,2.11,1.24,42.5,17.7
sess006510,v68,quest3,1.87,1.1,45.4,18.3
sess006511,v68,quest3s,2.32,0.45,42.8,17.3
sess006512,v68,quest3s,2.14,1.82,43.7,18.1
sess006513,v68,quest3s,1.87,0.15,41.8,20.4
sess006514,v70,quest3s,1.6,1.28,45.2,20.4
sess006515,v68,quest3s,1.87,1.39,45.3,17.8
sess006516,v70,quest3,2.19,1.36,42.6,19.5
sess006517,v68,quest3s,1.24,0.96,35.5,19.1
sess006518,v70,quest3s,1.97,1.45,39.7,17.5
sess006519,v68,quest3,2.47,1.43,44.4,18.5
sess006520,v68,quest3,1.81,0.77,37.4,15.3
sess006521,v70,quest3,2.22,0.79,46.8,18.6
sess006522,v70,quest3,2.5,1.74,30.4,19.6
sess006523,v69,quest3,1.63,0.5,38.2,20.6
sess006524,v68,quest3s,2.64,1.51,38.4,18.0
sess006525,v68,quest3,2.0,1.27,41.0,18.6
sess006526,v69,quest3,2.37,1.2,41.6,17.5
sess006527,v70,quest3,2.85,1.22,48.3,19.5
sess006528,v69,quest3,2.41,0.29,48.6,16.9
sess006529,v70,quest3s,2.28,1.63,34.5,20.6
sess006530,v69,quest3s,3.24,2.57,46.4,19.7
sess006531,v70,quest3,1.95,1.65,30.1,20.5
sess006532,v69,quest3,3.19,0.46,39.1,18.5
sess006533,v70,quest3s,1.82,1.04,49.4,17.7
sess006534,v70,quest3,2.57,0.78,42.3,22.6
sess006535,v68,quest3,2.49,0.87,48.3,20.1
sess006536,v70,quest3,1.6,0.58,47.0,17.4
sess006537,v68,quest3,2.56,1.44,44.7,18.6
sess006538,v70,quest3s,2.13,1.58,46.4,22.5
sess006539,v68,quest3s,2.92,1.1,36.9,17.4
sess006540,v68,quest3,2.05,1.3,41.6,19.9
sess006541,v69,quest3s,2.74,2.43,39.4,18.8
sess006542,v68,quest3s,2.28,1.15,47.0,18.4
sess006543,v70,quest3,3.65,1.31,45.5,18.8
sess006544,v70,quest3s,2.07,1.75,37.2,17.9
sess006545,v69,quest3,3.22,1.38,41.3,19.5
sess006546,v68,quest3s,2.04,1.04,44.2,18.1
sess006547,v70,quest3,2.39,1.23,42.3,19.4
sess006548,v69,quest3s,3.35,1.52,38.2,20.0
sess006549,v69,quest3,2.05,1.59,45.1,20.1
sess006550,v68,quest3,1.96,1.3,37.1,18.1
sess006551,v69,quest3,2.66,1.53,39.3,18.8
sess006552,v70,quest3,3.42,0.91,45.3,19.0
sess006553,v70,quest3,1.37,0.77,37.5,21.2
sess006554,v68,quest3,2.57,1.5,43.6,18.1
sess006555,v69,quest3s,3.26,1.7,45.9,18.0
sess006556,v69,quest3,2.25,1.5,45.5,17.1
sess006557,v70,quest3,2.44,0.83,38.2,21.1
sess006558,v69,quest3s,3.43,2.07,40.9,19.3
sess006559,v70,quest3s,2.41,1.15,36.5,19.4
sess006560,v69,quest3s,2.01,1.88,39.2,19.4
sess006561,v69,quest3,1.94,1.45,42.3,18.6
sess006562,v69,quest3,1.44,1.56,40.1,17.9
sess006563,v68,quest3,2.44,1.03,52.8,18.3
sess006564,v70,quest3s,1.73,0.83,44.9,19.1
sess006565,v69,quest3,2.06,1.85,45.9,20.8
sess006566,v68,quest3,1.48,1.09,48.0,14.6
sess006567,v69,quest3,2.61,0.95,41.9,18.6
sess006568,v68,quest3,2.03,0.96,36.7,16.5
sess006569,v69,quest3,2.19,1.41,47.9,20.0
sess006570,v69,quest3s,2.27,1.48,49.2,17.9
sess006571,v68,quest3,1.62,0.77,41.7,19.2
sess006572,v69,quest3s,2.61,1.15,40.5,17.6
sess006573,v69,quest3,1.54,0.96,41.8,15.4
sess006574,v69,quest3s,3.12,1.65,34.9,18.5
sess006575,v69,quest3s,2.83,1.94,34.8,19.9
sess006576,v68,quest3,1.18,0.97,40.5,18.5
sess006577,v69,quest3,3.03,0.38,40.1,20.7
sess006578,v70,quest3s,1.65,0.78,43.3,18.9
sess006579,v69,quest3s,2.68,1.22,42.8,20.3
sess006580,v70,quest3,2.72,1.45,41.2,19.1
sess006581,v69,quest3,2.5,0.93,41.0,20.3
sess006582,v69,quest3s,2.91,1.33,36.4,21.0
sess006583,v68,quest3,1.49,1.9,41.6,19.3
sess006584,v69,quest3s,3.43,1.81,48.9,17.7
sess006585,v70,quest3s,2.46,1.55,44.8,18.1
sess006586,v68,quest3,1.78,0.82,44.5,17.7
sess006587,v70,quest3,2.17,1.26,45.9,21.3
sess006588,v70,quest3s,2.26,1.28,41.7,17.9
sess006589,v68,quest3s,2.23,0.76,36.4,18.3
sess006590,v69,quest3s,2.7,2.11,46.0,17.8
sess006591,v68,quest3s,1.76,2.01,47.6,18.0
sess006592,v69,quest3,2.14,0.93,37.6,16.4
sess006593,v68,quest3s,2.12,1.48,46.3,18.1
sess006594,v69,quest3s,2.22,2.0,45.3,15.5
sess006595,v70,quest3,3.47,1.24,43.7,18.3
sess006596,v68,quest3,2.6,1.54,40.7,17.7
sess006597,v69,quest3,3.07,1.41,38.7,19.0
sess006598,v69,quest3,2.29,1.41,46.5,16.7
sess006599,v69,quest3,2.54,1.47,42.2,15.0
sess006600,v68,quest3s,2.02,0.53,43.8,20.5
sess006601,v69,quest3,1.8,1.2,38.5,18.7
sess006602,v69,quest3,1.84,0.9,49.0,19.7
sess006603,v68,quest3,2.04,1.48,36.9,18.3
sess006604,v70,quest3,1.94,1.29,39.1,20.8
sess006605,v68,quest3s,0.57,1.37,44.3,17.2
sess006606,v70,quest3s,1.64,1.05,43.6,15.5
sess006607,v69,quest3s,2.78,1.63,40.7,19.3
sess006608,v70,quest3,1.82,1.58,34.7,15.8
sess006609,v68,quest3,1.9,0.89,46.5,16.4
sess006610,v68,quest3s,2.08,1.04,46.5,20.1
sess006611,v70,quest3s,2.17,1.34,33.1,18.1
sess006612,v68,quest3,2.1,1.2,48.0,18.3
sess006613,v70,quest3s,2.34,1.23,38.0,17.2
sess006614,v68,quest3,2.15,0.92,42.9,16.9
sess006615,v70,quest3,1.33,1.31,40.4,20.2
sess006616,v70,quest3,1.78,0.8,38.5,18.0
sess006617,v68,quest3s,2.29,0.99,50.7,17.5
sess006618,v69,quest3,2.21,0.74,37.8,16.7
sess006619,v69,quest3s,3.59,2.45,50.6,15.8
sess006620,v69,quest3s,2.9,1.79,38.1,18.3
sess006621,v70,quest3,2.27,0.6,41.7,20.8
sess006622,v68,quest3,2.2,0.77,35.4,18.2
sess006623,v70,quest3,2.63,1.28,42.2,16.3
sess006624,v68,quest3,2.3,1.59,47.3,16.4
sess006625,v69,quest3,1.99,0.92,37.1,17.4
sess006626,v70,quest3,1.63,1.1,37.6,18.9
sess006627,v68,quest3s,2.11,1.33,39.0,19.7
sess006628,v68,quest3,2.02,0.76,39.1,18.6
sess006629,v70,quest3s,2.02,1.24,46.5,20.1
sess006630,v70,quest3s,2.64,0.83,41.6,17.6
sess006631,v68,quest3s,1.92,1.02,36.7,20.2
sess006632,v68,quest3s,1.46,1.22,50.1,16.0
sess006633,v70,quest3,2.04,1.22,44.7,17.8
sess006634,v69,quest3,1.08,1.11,44.0,19.6
sess006635,v69,quest3,1.12,0.84,41.0,18.0
sess006636,v68,quest3s,1.91,0.73,41.3,18.9
sess006637,v69,quest3s,3.3,1.48,40.0,16.7
sess006638,v69,quest3s,3.02,1.93,44.9,18.0
sess006639,v68,quest3s,1.95,1.7,35.9,17.5
sess006640,v68,quest3,1.71,0.88,46.1,20.8
sess006641,v70,quest3,1.63,1.25,38.7,18.2
sess006642,v68,quest3,1.58,1.57,37.8,18.9
sess006643,v70,quest3,1.58,0.71,39.3,17.9
sess006644,v70,quest3s,1.59,1.34,41.8,17.3
sess006645,v69,quest3,1.51,0.89,42.8,17.4
sess006646,v69,quest3,2.7,1.61,42.9,16.1
sess006647,v68,quest3,2.54,0.63,42.4,20.3
sess006648,v68,quest3,2.57,0.94,41.0,16.8
sess006649,v69,quest3s,3.47,1.77,38.8,18.3
sess006650,v68,quest3,2.46,0.74,35.2,19.5
sess006651,v69,quest3s,3.48,1.98,41.0,17.7
sess006652,v70,quest3s,2.22,1.34,37.8,19.4
sess006653,v70,quest3,2.35,0.51,43.0,21.1
sess006654,v69,quest3s,1.88,1.9,42.0,17.3
sess006655,v69,quest3s,2.19,1.5,40.4,16.0
sess006656,v69,quest3,2.27,0.78,43.5,20.9
sess006657,v68,quest3s,1.76,1.66,50.1,18.9
sess006658,v69,quest3,2.28,2.41,43.4,18.1
sess006659,v70,quest3,2.55,1.42,47.0,21.4
sess006660,v70,quest3s,2.28,1.19,47.2,17.6
sess006661,v69,quest3,1.8,1.35,43.5,20.5
sess006662,v68,quest3,1.62,1.68,31.0,17.5
sess006663,v68,quest3s,1.68,1.31,39.4,18.3
sess006664,v68,quest3s,2.23,1.13,37.7,20.0
sess006665,v70,quest3s,2.61,0.91,39.5,16.8
sess006666,v69,quest3,2.49,1.63,48.5,19.2
sess006667,v69,quest3,2.24,0.87,46.0,18.5
sess006668,v68,quest3,1.77,1.13,43.2,16.7
sess006669,v68,quest3s,1.86,1.75,46.5,17.7
sess006670,v70,quest3,1.7,1.7,40.1,18.9
sess006671,v69,quest3,1.75,1.52,39.5,19.4
sess006672,v69,quest3s,2.94,1.69,40.4,16.1
sess006673,v68,quest3,2.24,1.79,35.6,19.7
sess006674,v69,quest3,2.22,1.7,40.5,18.5
sess006675,v69,quest3s,3.21,1.93,37.0,17.5
sess006676,v70,quest3,1.94,0.78,47.0,19.0
sess006677,v68,quest3s,1.37,0.49,38.0,17.1
sess006678,v68,quest3s,1.74,0.37,38.7,19.4
sess006679,v69,quest3s,3.32,1.63,38.9,18.7
sess006680,v70,quest3s,2.77,1.31,35.2,15.3
sess006681,v69,quest3s,2.72,2.35,46.9,16.0
sess006682,v69,quest3,1.97,0.78,37.9,16.0
sess006683,v69,quest3,2.6,1.27,45.2,18.7
sess006684,v68,quest3,2.93,1.02,40.8,16.8
sess006685,v70,quest3,2.21,1.23,48.1,20.4
sess006686,v68,quest3,1.89,0.79,45.2,18.4
sess006687,v69,quest3,1.93,0.67,46.9,19.4
sess006688,v69,quest3s,2.93,1.9,40.0,19.0
sess006689,v70,quest3s,1.94,0.64,41.0,19.1
sess006690,v68,quest3,1.69,0.81,34.8,16.3
sess006691,v70,quest3s,2.16,1.42,41.4,18.3
sess006692,v69,quest3s,3.09,1.72,44.4,20.7
sess006693,v69,quest3,1.84,1.05,39.4,18.3
sess006694,v70,quest3,2.19,1.6,49.7,19.3
sess006695,v70,quest3,2.2,1.6,50.8,13.7
sess006696,v68,quest3,1.97,1.02,39.6,17.1
sess006697,v69,quest3,2.37,1.29,38.7,17.6
sess006698,v70,quest3s,2.22,1.51,38.6,20.3
sess006699,v69,quest3,2.47,1.34,41.9,17.6
sess006700,v68,quest3s,1.92,0.75,41.3,19.8
sess006701,v69,quest3,2.14,1.1,43.4,14.9
sess006702,v70,quest3,2.13,1.2,40.0,19.4
sess006703,v69,quest3,2.33,1.31,43.5,20.3
sess006704,v68,quest3,2.02,1.02,39.0,19.8
sess006705,v70,quest3,1.89,1.55,45.7,21.5
sess006706,v69,quest3s,2.64,1.82,37.0,20.0
sess006707,v69,quest3,1.93,1.48,37.7,18.6
sess006708,v68,quest3s,2.67,1.17,47.2,18.8
sess006709,v69,quest3,2.27,1.17,39.3,17.6
sess006710,v69,quest3s,4.01,1.81,39.2,19.2
sess006711,v69,quest3,2.03,1.68,41.7,18.8
sess006712,v70,quest3,2.3,0.11,44.4,20.9
sess006713,v69,quest3,2.29,0.78,45.6,17.0
sess006714,v70,quest3s,2.12,1.12,43.2,17.3
sess006715,v69,quest3,2.62,1.14,49.8,17.3
sess006716,v69,quest3,2.06,0.89,45.0,17.7
sess006717,v69,quest3,2.94,1.29,41.0,16.4
sess006718,v68,quest3,2.59,1.4,48.0,15.3
sess006719,v70,quest3,2.37,0.59,42.8,20.8
sess006720,v70,quest3,2.23,1.23,46.4,18.3
sess006721,v70,quest3s,2.07,1.76,36.7,21.0
sess006722,v69,quest3,2.09,1.84,37.3,16.6
sess006723,v68,quest3,2.02,1.21,44.0,18.3
sess006724,v70,quest3,1.96,1.1,43.4,17.8
sess006725,v69,quest3,1.51,1.1,35.9,20.0
sess006726,v68,quest3s,2.35,0.95,35.6,18.8
sess006727,v70,quest3,1.92,0.51,41.0,18.9
sess006728,v69,quest3s,3.25,2.01,42.1,17.1
sess006729,v68,quest3s,1.08,1.71,44.2,17.6
sess006730,v69,quest3s,2.91,1.94,39.6,17.4
sess006731,v70,quest3,2.43,1.55,42.2,21.7
sess006732,v68,quest3s,2.28,1.87,44.9,18.4
sess006733,v69,quest3s,3.0,1.16,50.2,18.5
sess006734,v68,quest3,1.84,0.9,46.4,17.7
sess006735,v68,quest3,1.26,0.83,37.9,18.7
sess006736,v69,quest3,2.14,1.06,45.5,15.9
sess006737,v69,quest3,2.43,1.71,39.8,19.3
sess006738,v69,quest3,2.68,0.86,39.7,18.0
sess006739,v69,quest3,2.37,1.07,41.2,15.2
sess006740,v69,quest3s,3.33,2.26,35.5,18.8
sess006741,v70,quest3,1.25,0.93,38.6,19.8
sess006742,v69,quest3,2.71,1.04,38.9,17.1
sess006743,v69,quest3,1.64,0.79,33.9,17.7
sess006744,v69,quest3,1.83,1.19,42.5,20.4
sess006745,v70,quest3s,1.65,1.13,41.7,19.3
sess006746,v70,quest3,1.1,1.68,43.4,19.7
sess006747,v70,quest3s,1.89,1.64,46.4,19.5
sess006748,v68,quest3,1.88,1.22,40.9,16.6
sess006749,v69,quest3,3.09,1.8,43.0,18.7
sess006750,v70,quest3s,2.0,1.05,42.5,19.8
sess006751,v69,quest3s,2.54,2.19,38.8,17.6
sess006752,v68,quest3s,1.31,1.21,42.7,18.6
sess006753,v70,quest3,1.52,1.25,41.0,18.5
sess006754,v70,quest3s,2.6,0.67,48.2,18.3
sess006755,v68,quest3s,2.23,1.18,34.8,15.6
sess006756,v68,quest3,1.87,0.9,44.3,15.8
sess006757,v68,quest3,1.83,0.59,46.2,17.7
sess006758,v70,quest3s,2.01,1.39,41.3,17.1
sess006759,v70,quest3s,3.39,1.17,42.1,19.4
sess006760,v70,quest3,1.93,1.21,38.1,18.5
sess006761,v69,quest3,1.96,0.67,41.6,18.1
sess006762,v70,quest3,1.51,0.74,41.3,19.4
sess006763,v68,quest3s,1.09,1.7,41.4,18.5
sess006764,v69,quest3,1.74,0.42,39.8,16.6
sess006765,v68,quest3,2.4,1.59,46.4,16.8
sess006766,v69,quest3s,3.12,1.38,42.2,18.3
sess006767,v68,quest3,1.43,0.87,35.4,16.7
sess006768,v70,quest3,2.07,1.36,49.2,20.0
sess006769,v68,quest3s,2.18,0.87,38.0,15.8
sess006770,v69,quest3,1.11,1.34,48.0,19.0
sess006771,v69,quest3,2.61,0.42,39.8,17.7
sess006772,v69,quest3s,2.12,1.73,42.2,17.7
sess006773,v70,quest3,2.15,0.27,41.2,17.5
sess006774,v69,quest3,2.28,0.38,37.7,19.0
sess006775,v69,quest3,1.78,1.37,43.4,13.9
sess006776,v69,quest3s,2.9,1.48,42.9,15.9
sess006777,v68,quest3,1.83,1.61,46.9,15.2
sess006778,v68,quest3,1.95,0.66,43.2,18.0
sess006779,v68,quest3s,1.25,1.13,42.8,16.7
sess006780,v70,quest3s,1.8,1.51,37.9,16.9
sess006781,v68,quest3s,2.35,1.23,39.1,18.6
sess006782,v69,quest3,1.72,1.8,41.5,19.9
sess006783,v68,quest3s,2.4,0.21,42.3,18.3
sess006784,v70,quest3s,1.66,1.1,36.1,19.8
sess006785,v70,quest3s,1.55,0.86,37.2,18.4
sess006786,v69,quest3s,3.03,1.83,43.3,15.6
sess006787,v69,quest3,2.31,1.28,33.1,16.0
sess006788,v69,quest3,2.49,1.18,44.7,19.2
sess006789,v70,quest3,2.18,2.07,43.7,16.2
sess006790,v69,quest3,1.63,1.05,42.0,19.1
sess006791,v70,quest3s,2.33,1.45,40.9,19.8
sess006792,v70,quest3,2.71,1.07,42.6,18.6
sess006793,v69,quest3,1.78,1.08,46.1,19.7
sess006794,v69,quest3,1.81,0.85,40.1,15.6
sess006795,v70,quest3s,2.56,0.64,38.1,18.6
sess006796,v70,quest3,2.47,1.41,48.7,19.6
sess006797,v69,quest3,2.03,2.08,45.9,18.7
sess006798,v69,quest3,2.27,1.17,40.0,19.1
sess006799,v69,quest3s,2.39,2.41,37.6,18.7
sess006800,v70,quest3s,2.2,1.54,43.2,19.3
sess006801,v70,quest3,2.04,0.85,37.2,18.8
sess006802,v68,quest3s,1.0,1.01,43.4,16.1
sess006803,v69,quest3s,2.82,1.77,44.7,16.8
sess006804,v68,quest3,1.84,2.1,42.6,19.5
sess006805,v70,quest3,1.24,0.87,37.0,20.1
sess006806,v68,quest3,2.4,0.9,44.8,19.1
sess006807,v68,quest3,2.32,0.18,41.1,18.2
sess006808,v70,quest3,1.78,0.9,40.7,17.9
sess006809,v68,quest3,3.05,0.99,34.1,17.0
sess006810,v68,quest3,1.53,1.33,45.4,18.2
sess006811,v69,quest3,2.41,1.43,45.9,20.0
sess006812,v68,quest3,1.59,0.55,41.4,17.0
sess006813,v70,quest3s,2.2,1.19,39.1,17.0
sess006814,v68,quest3s,2.92,0.92,44.1,17.1
sess006815,v69,quest3,2.4,1.07,47.7,19.3
sess006816,v70,quest3,2.07,1.56,46.5,19.8
sess006817,v70,quest3,1.3,1.7,40.1,17.8
sess006818,v68,quest3,1.14,1.2,41.2,18.4
sess006819,v70,quest3s,2.33,1.57,42.6,18.6
sess006820,v70,quest3,2.56,1.13,43.8,17.4
sess006821,v70,quest3,1.85,1.44,35.0,19.8
sess006822,v69,quest3s,3.55,2.42,50.4,18.7
sess006823,v70,quest3,2.13,0.85,51.2,16.5
sess006824,v70,quest3,2.09,1.19,40.3,19.3
sess006825,v70,quest3s,2.43,0.61,41.3,17.6
sess006826,v68,quest3s,2.39,0.96,34.4,16.7
sess006827,v70,quest3,2.69,1.32,49.3,20.4
sess006828,v70,quest3s,2.85,1.06,36.8,21.3
sess006829,v69,quest3,2.79,1.34,47.7,16.8
sess006830,v68,quest3,1.51,1.31,41.4,20.1
sess006831,v69,quest3s,3.38,1.96,47.4,18.3
sess006832,v68,quest3s,1.52,0.94,37.5,19.8
sess006833,v68,quest3s,2.23,0.82,38.7,14.4
sess006834,v70,quest3s,1.93,0.89,49.5,13.3
sess006835,v68,quest3,2.15,0.9,42.0,20.0
sess006836,v68,quest3s,1.79,1.18,43.9,18.0
sess006837,v68,quest3,2.09,0.84,44.8,20.9
sess006838,v69,quest3s,3.24,2.14,38.6,19.4
sess006839,v69,quest3,2.46,1.96,39.6,17.7
sess006840,v70,quest3,1.84,1.25,43.6,17.9
sess006841,v70,quest3s,2.73,1.34,44.9,17.7
sess006842,v70,quest3s,1.68,0.77,40.0,19.9
sess006843,v69,quest3,2.39,1.2,34.4,18.7
sess006844,v68,quest3s,2.14,1.17,40.6,18.9
sess006845,v70,quest3s,2.03,1.79,42.7,17.9
sess006846,v70,quest3s,1.88,1.43,49.4,20.1
sess006847,v68,quest3s,1.81,1.51,38.1,16.3
sess006848,v69,quest3,2.71,1.65,50.4,17.5
sess006849,v69,quest3s,4.09,1.78,40.9,17.2
sess006850,v68,quest3,1.81,1.79,42.4,17.6
sess006851,v70,quest3,1.96,1.5,37.5,19.5
sess006852,v70,quest3,2.11,0.39,42.0,19.9
sess006853,v68,quest3,1.98,1.36,43.7,16.8
sess006854,v68,quest3,2.04,0.89,40.4,13.2
sess006855,v68,quest3,0.84,1.35,45.1,17.1
sess006856,v69,quest3s,3.51,1.9,44.7,19.0
sess006857,v69,quest3s,3.07,1.69,41.3,17.0
sess006858,v68,quest3,2.58,1.81,44.2,19.6
sess006859,v70,quest3s,1.11,1.08,45.3,19.6
sess006860,v70,quest3s,2.44,0.67,46.4,21.9
sess006861,v68,quest3,2.36,1.29,39.2,17.2
sess006862,v68,quest3s,1.33,0.49,39.7,20.9
sess006863,v69,quest3,1.66,1.17,46.3,17.0
sess006864,v69,quest3,1.71,1.32,38.8,17.7
sess006865,v70,quest3s,2.6,1.67,43.4,18.9
sess006866,v69,quest3,2.01,1.36,45.2,18.0
sess006867,v68,quest3,1.96,1.83,37.5,16.9
sess006868,v69,quest3,1.65,0.98,44.9,16.5
sess006869,v69,quest3,2.0,0.34,40.0,19.2
sess006870,v70,quest3,1.3,1.35,44.5,18.7
sess006871,v70,quest3s,1.55,1.46,44.6,19.4
sess006872,v70,quest3s,2.41,0.97,35.4,20.5
sess006873,v68,quest3s,2.27,1.15,35.5,19.3
sess006874,v68,quest3s,2.8,1.46,46.0,18.2
sess006875,v69,quest3s,3.31,1.92,49.1,16.5
sess006876,v69,quest3s,3.57,1.44,38.4,16.8
sess006877,v68,quest3,2.73,0.77,44.1,16.5
sess006878,v68,quest3s,2.03,0.83,42.5,19.0
sess006879,v68,quest3,2.74,1.55,48.8,18.0
sess006880,v70,quest3s,2.45,2.01,35.7,19.5
sess006881,v69,quest3,1.93,1.99,42.6,19.6
sess006882,v69,quest3,2.14,0.6,40.0,17.5
sess006883,v69,quest3,0.87,0.39,49.9,18.0
sess006884,v70,quest3,2.27,0.82,39.8,19.6
sess006885,v70,quest3s,2.84,0.68,37.3,20.3
sess006886,v69,quest3s,3.17,2.13,41.4,17.9
sess006887,v70,quest3,2.12,1.9,38.3,17.1
sess006888,v69,quest3,2.24,1.22,41.8,18.8
sess006889,v70,quest3s,2.07,1.29,35.5,19.8
sess006890,v68,quest3s,1.75,2.24,45.3,16.8
sess006891,v69,quest3,1.79,1.2,40.1,15.9
sess006892,v69,quest3,1.38,0.89,46.8,19.3
sess006893,v69,quest3,2.63,1.09,44.9,19.2
sess006894,v68,quest3,2.01,1.67,44.2,18.5
sess006895,v68,quest3,2.08,1.35,39.5,19.5
sess006896,v68,quest3,1.77,1.27,38.7,18.0
sess006897,v69,quest3s,1.93,2.0,46.6,17.3
sess006898,v70,quest3,2.13,0.67,44.4,19.8
sess006899,v70,quest3s,2.17,1.75,46.6,19.7
sess006900,v70,quest3,2.06,0.73,35.3,18.4
sess006901,v68,quest3s,2.13,0.95,44.4,20.2
sess006902,v69,quest3s,3.94,1.76,33.6,18.9
sess006903,v68,quest3,2.3,1.07,46.2,19.7
sess006904,v68,quest3,2.57,1.34,40.5,16.9
sess006905,v68,quest3s,2.45,0.97,46.9,17.3
sess006906,v70,quest3,2.5,1.33,46.4,19.3
sess006907,v68,quest3s,2.17,1.77,43.3,15.4
sess006908,v69,quest3,1.64,1.3,44.0,17.5
sess006909,v70,quest3,2.89,1.47,46.5,19.4
sess006910,v69,quest3,2.26,1.13,45.1,17.0
sess006911,v70,quest3,1.95,1.22,39.9,17.4
sess006912,v70,quest3s,2.12,1.74,43.4,18.9
sess006913,v69,quest3s,2.92,2.1,34.1,16.6
sess006914,v70,quest3s,2.17,1.15,39.3,16.8
sess006915,v69,quest3,2.06,1.3,36.7,19.2
sess006916,v68,quest3,2.47,1.3,40.1,20.8
sess006917,v70,quest3,1.84,1.61,36.4,19.2
sess006918,v69,quest3s,2.66,1.59,44.6,17.7
sess006919,v69,quest3,2.88,0.42,39.7,18.3
sess006920,v70,quest3,1.47,0.98,49.6,16.1
sess006921,v68,quest3s,2.23,1.24,42.9,16.9
sess006922,v68,quest3,2.47,1.43,40.7,18.6
sess006923,v69,quest3,1.3,0.67,39.3,16.0
sess006924,v70,quest3s,2.77,1.66,43.3,19.8
sess006925,v69,quest3,1.83,0.89,44.7,18.5
sess006926,v68,quest3s,2.06,0.7,39.7,17.4
sess006927,v70,quest3s,2.88,0.99,47.3,18.5
sess006928,v68,quest3s,2.19,1.45,39.6,18.6
sess006929,v70,quest3,2.18,1.05,44.5,16.4
sess006930,v69,quest3s,2.48,1.62,39.6,20.8
sess006931,v70,quest3,2.54,1.4,40.7,17.6
sess006932,v68,quest3,2.03,1.42,45.7,18.7
sess006933,v68,quest3,2.68,1.1,40.1,19.4
sess006934,v68,quest3,2.92,1.23,42.1,15.7
sess006935,v69,quest3,2.7,1.2,42.1,18.5
sess006936,v68,quest3s,0.97,0.84,39.2,18.1
sess006937,v70,quest3,2.42,0.85,49.0,18.6
sess006938,v70,quest3s,2.65,1.52,44.7,18.4
sess006939,v68,quest3s,2.71,1.6,44.6,17.6
sess006940,v68,quest3s,1.6,0.98,29.9,16.6
sess006941,v70,quest3,2.75,1.4,45.1,18.3
sess006942,v68,quest3,2.61,1.25,44.8,18.7
sess006943,v68,quest3s,2.83,1.15,50.7,18.3
sess006944,v68,quest3s,2.57,1.36,48.2,18.2
sess006945,v70,quest3,1.79,0.67,35.6,16.9
sess006946,v68,quest3s,1.44,0.48,46.3,19.2
sess006947,v69,quest3s,3.08,1.71,32.2,18.5
sess006948,v68,quest3,1.78,1.85,40.6,17.7
sess006949,v70,quest3,2.55,1.04,44.7,18.5
sess006950,v68,quest3,1.24,1.28,42.3,15.5
sess006951,v70,quest3s,2.74,0.87,44.0,20.4
sess006952,v69,quest3s,3.41,2.33,41.4,18.1
sess006953,v70,quest3,2.02,0.95,38.7,19.3
sess006954,v68,quest3,2.85,0.77,44.3,16.7
sess006955,v70,quest3,2.65,0.22,37.7,17.5
sess006956,v69,quest3s,2.77,2.19,38.1,18.0
sess006957,v70,quest3s,1.24,1.64,41.1,22.0
sess006958,v70,quest3s,1.94,1.56,43.9,19.0
sess006959,v68,quest3s,3.06,1.05,49.8,17.1
sess006960,v70,quest3s,2.18,0.98,37.9,17.8
sess006961,v70,quest3,2.13,0.72,41.9,22.1
sess006962,v68,quest3,1.61,0.88,42.8,16.9
sess006963,v70,quest3s,2.79,1.09,42.1,17.6
sess006964,v70,quest3,1.66,1.17,48.9,19.0
sess006965,v70,quest3s,2.04,1.42,41.2,19.8
sess006966,v70,quest3,1.73,1.45,40.2,20.2
sess006967,v69,quest3,2.99,1.68,36.5,16.7
sess006968,v68,quest3,2.58,0.3,45.2,16.3
sess006969,v68,quest3,1.29,0.89,38.5,16.7
sess006970,v70,quest3,1.64,1.44,43.3,19.6
sess006971,v68,quest3,2.49,1.46,49.5,18.5
sess006972,v68,quest3s,2.32,1.38,44.2,17.4
sess006973,v68,quest3,1.87,1.44,43.5,18.1
sess006974,v70,quest3,1.98,0.98,35.4,19.6
sess006975,v69,quest3s,3.33,1.66,46.0,18.0
sess006976,v69,quest3,2.3,1.02,43.2,19.9
sess006977,v68,quest3s,1.67,1.3,42.8,16.6
sess006978,v68,quest3s,1.91,1.39,41.7,14.7
sess006979,v68,quest3,2.66,0.96,37.2,17.9
sess006980,v68,quest3s,2.35,0.74,39.2,17.7
sess006981,v68,quest3,2.23,1.26,40.7,17.5
sess006982,v68,quest3,1.31,1.51,38.6,18.9
sess006983,v68,quest3s,1.75,1.38,45.0,17.6
sess006984,v70,quest3s,1.22,1.38,43.1,16.8
sess006985,v70,quest3s,2.93,1.68,39.1,19.8
sess006986,v68,quest3s,2.24,1.6,46.8,20.5
sess006987,v68,quest3,2.3,1.58,42.8,18.2
sess006988,v68,quest3s,1.84,0.82,44.8,17.2
sess006989,v69,quest3s,3.29,1.58,44.8,18.4
sess006990,v68,quest3s,2.19,1.05,42.8,16.6
sess006991,v69,quest3,2.67,1.11,40.2,19.0
sess006992,v70,quest3,1.94,0.93,42.1,19.9
sess006993,v70,quest3s,2.28,1.26,47.0,17.8
sess006994,v68,quest3,1.91,0.83,38.2,18.1
sess006995,v70,quest3s,2.83,0.8,44.4,18.9
sess006996,v69,quest3,2.49,1.12,37.1,18.2
sess006997,v69,quest3,2.77,1.3,37.4,17.3
sess006998,v69,quest3,2.69,0.76,41.3,15.7
sess006999,v68,quest3,2.32,0.9,49.4,17.3
sess007000,v68,quest3,0.85,1.1,53.8,19.8
sess007001,v69,quest3,1.79,1.75,42.6,15.7
sess007002,v69,quest3,2.56,1.29,44.7,18.7
sess007003,v70,quest3s,1.13,1.56,46.1,19.5
sess007004,v68,quest3,2.45,0.89,36.7,15.8
sess007005,v69,quest3,1.64,0.92,39.8,17.1
sess007006,v69,quest3,2.28,1.18,44.5,19.8
sess007007,v70,quest3,2.36,1.27,44.0,19.0
sess007008,v70,quest3,2.7,0.8,44.8,18.2
sess007009,v70,quest3,2.44,0.92,47.5,21.2
sess007010,v69,quest3s,2.38,1.78,47.7,18.7
sess007011,v68,quest3s,2.16,1.38,35.8,15.8
sess007012,v69,quest3,2.82,0.0,35.4,17.7
sess007013,v69,quest3s,3.18,1.62,44.9,19.0
sess007014,v68,quest3s,2.92,0.96,44.0,18.3
sess007015,v70,quest3,2.27,1.11,43.0,19.1
sess007016,v68,quest3s,1.45,0.98,44.7,18.8
sess007017,v68,quest3,2.29,0.7,49.1,16.3
sess007018,v69,quest3s,3.4,2.07,42.9,19.9
sess007019,v68,quest3s,1.81,1.21,41.1,18.1
sess007020,v70,quest3s,2.62,0.84,42.8,17.5
sess007021,v70,quest3s,2.23,0.94,39.9,19.4
sess007022,v68,quest3,2.16,1.4,43.8,16.8
sess007023,v70,quest3s,2.81,1.62,36.1,19.9
sess007024,v68,quest3s,2.56,0.89,41.2,16.1
sess007025,v70,quest3,1.65,1.26,39.8,18.9
sess007026,v69,quest3,2.43,1.0,36.3,20.1
sess007027,v68,quest3,1.27,0.93,40.9,18.7
sess007028,v69,quest3s,2.95,2.41,44.7,17.5
sess007029,v69,quest3,2.38,1.59,46.0,18.5
sess007030,v68,quest3,2.04,0.87,47.0,17.3
sess007031,v69,quest3s,2.38,1.67,41.4,20.0
sess007032,v70,quest3,2.25,1.65,36.5,18.4
sess007033,v70,quest3,2.33,0.43,36.5,20.8
sess007034,v70,quest3,1.89,0.95,45.7,18.5
sess007035,v69,quest3,1.24,1.58,42.6,16.7
sess007036,v70,quest3,1.81,1.26,46.0,21.1
sess007037,v69,quest3,1.46,1.76,48.8,17.9
sess007038,v68,quest3s,3.0,1.93,41.5,19.7
sess007039,v69,quest3,2.62,1.71,42.2,18.7
sess007040,v70,quest3,0.69,1.27,38.5,19.7
sess007041,v69,quest3,1.84,0.84,36.6,19.3
sess007042,v68,quest3s,1.89,1.35,44.7,17.5
sess007043,v69,quest3s,3.22,2.27,41.6,16.8
sess007044,v69,quest3s,2.49,1.88,37.6,16.1
sess007045,v70,quest3,2.48,1.04,33.5,21.1
sess007046,v70,quest3,2.03,1.52,41.5,20.1
sess007047,v70,quest3,1.28,1.02,41.8,17.0
sess007048,v68,quest3,2.07,1.26,46.3,20.5
sess007049,v70,quest3,1.82,2.02,47.4,20.3
sess007050,v69,quest3,1.52,0.89,46.2,18.0
sess007051,v68,quest3s,1.77,1.76,41.5,16.0
sess007052,v69,quest3,0.99,0.48,51.1,17.6
sess007053,v70,quest3s,2.29,1.93,35.7,19.8
sess007054,v70,quest3s,2.44,1.19,35.6,19.9
sess007055,v70,quest3s,2.09,0.8,41.7,20.1
sess007056,v68,quest3s,2.81,1.7,41.7,17.5
sess007057,v70,quest3s,2.06,1.79,43.0,21.6
sess007058,v70,quest3,2.4,0.95,39.5,18.7
sess007059,v70,quest3,2.18,2.16,35.7,19.8
sess007060,v68,quest3s,1.35,1.23,35.8,19.1
sess007061,v68,quest3,2.48,0.67,45.0,15.9
sess007062,v69,quest3,2.6,1.03,45.5,17.3
sess007063,v70,quest3s,2.7,0.93,38.6,18.9
sess007064,v69,quest3,2.49,1.34,36.1,17.8
sess007065,v69,quest3,1.97,1.22,46.5,18.2
sess007066,v70,quest3,2.23,1.13,44.3,18.6
sess007067,v69,quest3,2.29,0.31,45.9,17.3
sess007068,v70,quest3s,1.15,0.25,42.3,20.0
sess007069,v69,quest3,1.55,0.97,40.7,17.5
sess007070,v69,quest3s,3.48,1.94,39.2,17.0
sess007071,v69,quest3s,2.82,1.36,40.8,20.4
sess007072,v69,quest3s,4.48,1.42,40.3,18.2
sess007073,v70,quest3s,2.75,1.5,36.6,17.5
sess007074,v68,quest3s,1.59,1.89,48.0,18.7
sess007075,v70,quest3s,2.23,1.35,44.9,19.5
sess007076,v68,quest3,3.21,1.29,46.0,17.6
sess007077,v69,quest3,2.51,1.79,37.7,18.6
sess007078,v69,quest3,2.65,1.26,39.7,17.9
sess007079,v70,quest3s,2.43,1.06,41.8,19.6
sess007080,v70,quest3,3.08,1.44,41.1,19.0
sess007081,v70,quest3,1.77,1.9,37.8,17.8
sess007082,v69,quest3,2.68,1.51,38.3,18.2
sess007083,v70,quest3s,2.44,1.79,41.6,20.1
sess007084,v69,quest3,2.56,0.39,45.6,16.5
sess007085,v68,quest3s,2.24,1.34,40.2,17.7
sess007086,v69,quest3s,2.66,2.04,43.1,15.5
sess007087,v68,quest3s,2.7,1.61,51.0,20.3
sess007088,v70,quest3s,2.03,0.83,42.0,19.3
sess007089,v68,quest3,1.65,1.33,36.2,19.7
sess007090,v69,quest3s,3.59,1.91,39.0,17.8
sess007091,v68,quest3,3.02,1.59,44.3,18.5
sess007092,v69,quest3s,3.11,1.84,47.7,17.2
sess007093,v69,quest3,2.28,1.8,47.3,19.2
sess007094,v68,quest3s,1.95,0.62,42.9,16.9
sess007095,v70,quest3s,2.16,0.79,38.4,22.0
sess007096,v69,quest3,1.93,0.81,37.6,18.1
sess007097,v68,quest3s,1.94,0.16,47.9,16.7
sess007098,v69,quest3s,2.53,1.19,42.6,17.8
sess007099,v68,quest3s,2.28,1.38,39.1,18.3
sess007100,v70,quest3,2.58,1.26,43.1,20.4
sess007101,v68,quest3,1.6,1.31,41.3,17.4
sess007102,v69,quest3s,3.08,2.34,39.7,17.3
sess007103,v70,quest3s,1.47,1.09,43.9,18.9
sess007104,v69,quest3,1.86,1.22,42.9,17.1
sess007105,v70,quest3,2.76,1.66,47.1,16.7
sess007106,v70,quest3,1.89,1.31,45.0,17.4
sess007107,v69,quest3s,2.54,2.12,37.3,19.4
sess007108,v68,quest3s,1.06,1.47,43.4,14.7
sess007109,v70,quest3s,1.44,1.68,39.8,18.6
sess007110,v68,quest3s,1.98,1.21,41.3,17.5
sess007111,v68,quest3s,2.56,1.45,43.2,16.1
sess007112,v68,quest3s,2.52,1.34,44.9,20.2
sess007113,v70,quest3s,1.81,1.33,42.7,19.6
sess007114,v69,quest3s,2.88,2.0,37.2,18.6
sess007115,v69,quest3,1.62,2.05,48.8,15.8
sess007116,v69,quest3,1.97,1.69,36.7,17.4
sess007117,v69,quest3s,3.22,1.59,39.7,18.5
sess007118,v70,quest3,0.67,0.7,41.0,18.6
sess007119,v70,quest3s,2.77,0.7,41.7,18.9
sess007120,v70,quest3,2.57,0.65,41.7,16.4
sess007121,v69,quest3,2.45,1.63,44.8,16.6
sess007122,v69,quest3s,3.24,1.67,44.7,17.7
sess007123,v69,quest3s,3.48,1.33,51.2,17.7
sess007124,v69,quest3,2.0,1.85,41.8,20.0
sess007125,v68,quest3s,2.81,1.01,40.5,18.2
sess007126,v69,quest3s,2.89,1.76,36.1,16.5
sess007127,v69,quest3,1.59,0.86,43.3,14.8
sess007128,v68,quest3,3.15,0.83,39.0,16.4
sess007129,v70,quest3s,0.87,1.07,39.0,19.2
sess007130,v68,quest3s,1.28,1.56,43.2,17.7
sess007131,v70,quest3s,2.03,1.67,44.1,19.0
sess007132,v69,quest3s,3.13,1.56,39.8,15.6
sess007133,v70,quest3s,1.7,0.96,48.5,21.0
sess007134,v68,quest3s,1.37,1.39,41.0,17.9
sess007135,v68,quest3s,2.18,1.33,38.4,17.6
sess007136,v68,quest3,1.85,1.24,45.9,17.3
sess007137,v68,quest3,2.02,1.25,40.0,19.7
sess007138,v70,quest3s,1.77,1.05,39.4,19.1
sess007139,v70,quest3,1.96,0.27,35.0,18.9
sess007140,v70,quest3,1.6,1.4,40.7,20.5
sess007141,v69,quest3,3.22,1.33,39.4,22.9
sess007142,v68,quest3,2.05,1.39,43.0,19.8
sess007143,v68,quest3s,1.89,0.36,39.8,17.9
sess007144,v70,quest3,1.9,0.2,37.9,18.2
sess007145,v68,quest3s,2.78,1.95,42.5,17.7
sess007146,v68,quest3,2.3,0.99,39.0,16.4
sess007147,v70,quest3,2.2,1.84,50.3,20.8
sess007148,v70,quest3s,1.66,1.06,45.2,17.0
sess007149,v70,quest3,1.98,1.66,37.0,17.6
sess007150,v69,quest3,2.21,0.64,41.5,17.2
sess007151,v68,quest3,1.87,1.49,49.0,17.0
sess007152,v70,quest3s,2.68,0.83,38.7,19.7
sess007153,v68,quest3,2.57,0.54,47.1,16.7
sess007154,v68,quest3s,1.84,1.13,39.7,20.3
sess007155,v68,quest3s,2.25,1.76,40.9,18.4
sess007156,v69,quest3s,2.81,1.42,39.9,19.1
sess007157,v68,quest3,1.57,0.9,40.9,20.5
sess007158,v69,quest3s,3.21,1.45,43.2,18.5
sess007159,v68,quest3,1.26,1.66,41.7,19.4
sess007160,v70,quest3,2.21,0.71,37.7,19.7
sess007161,v69,quest3,2.03,0.73,38.6,16.9
sess007162,v68,quest3s,2.3,1.72,41.0,18.1
sess007163,v70,quest3,1.65,1.36,43.8,16.9
sess007164,v68,quest3,2.15,1.46,46.5,20.1
sess007165,v69,quest3,1.56,1.49,41.6,17.5
sess007166,v69,quest3s,2.69,1.7,42.2,19.1
sess007167,v68,quest3s,2.07,1.32,37.9,16.3
sess007168,v69,quest3,1.77,1.11,38.5,19.4
sess007169,v68,quest3,1.54,1.66,45.1,18.2
sess007170,v70,quest3s,1.8,1.11,43.0,20.0
sess007171,v69,quest3,2.69,1.45,47.1,18.4
sess007172,v70,quest3,1.27,1.94,45.0,22.8
sess007173,v70,quest3s,3.65,0.69,44.2,16.9
sess007174,v68,quest3,2.63,1.7,44.4,15.8
sess007175,v68,quest3,1.39,1.4,38.1,18.3
sess007176,v68,quest3s,2.11,0.91,39.7,17.2
sess007177,v68,quest3s,2.2,1.4,37.0,18.2
sess007178,v68,quest3s,1.9,0.85,39.5,19.1
sess007179,v68,quest3,2.88,1.31,41.9,17.6
sess007180,v68,quest3,2.29,0.84,48.9,18.8
sess007181,v70,quest3s,1.81,1.61,37.8,17.1
sess007182,v69,quest3s,3.68,1.4,36.7,20.0
sess007183,v69,quest3,1.4,0.97,43.2,18.8
sess007184,v68,quest3,1.59,1.05,38.7,16.6
sess007185,v68,quest3,3.12,1.16,39.7,18.7
sess007186,v68,quest3,1.63,1.72,42.5,15.9
sess007187,v68,quest3,2.23,1.25,44.3,19.0
sess007188,v70,quest3,2.65,1.33,40.4,17.5
sess007189,v68,quest3s,2.04,0.97,35.7,16.7
sess007190,v70,quest3s,2.12,0.38,42.4,20.9
sess007191,v70,quest3,1.6,1.68,48.2,17.6
sess007192,v69,quest3s,3.08,1.93,42.9,17.2
sess007193,v70,quest3,2.21,0.69,37.4,17.7
sess007194,v68,quest3,2.16,1.3,41.8,19.5
sess007195,v70,quest3s,2.45,1.39,41.8,17.4
sess007196,v70,quest3s,2.07,1.37,36.7,17.0
sess007197,v68,quest3s,2.46,0.76,38.6,17.5
sess007198,v69,quest3,1.57,0.56,44.6,16.5
sess007199,v68,quest3s,2.84,0.97,37.8,21.2
sess007200,v68,quest3s,2.1,1.32,37.5,18.6
sess007201,v70,quest3,2.14,1.81,38.2,20.2
sess007202,v68,quest3s,2.15,1.27,39.7,17.6
sess007203,v70,quest3s,2.24,1.27,45.2,17.0
sess007204,v69,quest3,1.89,1.21,46.9,15.8
sess007205,v68,quest3,3.12,1.09,33.3,20.4
sess007206,v69,quest3,2.46,1.77,38.6,20.7
sess007207,v69,quest3,1.04,1.5,41.3,18.8
sess007208,v68,quest3s,2.49,0.62,29.6,18.9
sess007209,v68,quest3,2.34,0.81,38.7,16.9
sess007210,v70,quest3,2.67,1.29,39.4,17.9
sess007211,v68,quest3,2.39,1.99,42.1,17.0
sess007212,v69,quest3,2.23,1.35,51.0,17.8
sess007213,v69,quest3,2.1,1.28,42.9,15.7
sess007214,v70,quest3s,2.44,1.51,36.4,19.8
sess007215,v70,quest3,1.46,1.53,43.7,19.9
sess007216,v68,quest3s,2.21,1.39,41.3,16.9
sess007217,v68,quest3s,2.75,1.42,39.2,15.8
sess007218,v69,quest3s,2.01,1.86,49.0,20.5
sess007219,v70,quest3,1.71,1.54,38.2,17.7
sess007220,v69,quest3,2.01,1.68,36.7,18.2
sess007221,v69,quest3s,3.52,2.15,43.0,16.6
sess007222,v68,quest3,1.78,1.65,41.4,17.4
sess007223,v70,quest3s,2.15,0.96,43.3,20.0
sess007224,v68,quest3s,2.47,1.36,44.1,15.8
sess007225,v68,quest3s,3.05,1.46,44.2,22.4
sess007226,v69,quest3s,3.03,2.57,46.4,17.8
sess007227,v68,quest3s,1.7,1.57,44.2,17.4
sess007228,v69,quest3,2.03,1.8,45.3,18.2
sess007229,v70,quest3,1.54,1.21,44.0,19.0
sess007230,v68,quest3s,2.79,1.86,44.5,19.0
sess007231,v70,quest3,1.72,0.0,43.1,18.4
sess007232,v69,quest3s,2.58,1.53,46.2,14.9
sess007233,v69,quest3,1.69,0.97,32.9,19.9
sess007234,v68,quest3,2.71,1.35,39.6,18.8
sess007235,v68,quest3,3.24,1.53,38.2,17.7
sess007236,v70,quest3,2.27,1.84,46.3,18.4
sess007237,v68,quest3,2.32,0.13,43.1,17.3
sess007238,v68,quest3s,2.62,0.99,41.5,17.7
sess007239,v70,quest3s,2.41,1.11,47.2,19.0
sess007240,v70,quest3s,1.88,0.92,43.2,21.0
sess007241,v69,quest3,2.05,1.56,46.5,19.5
sess007242,v69,quest3s,3.14,1.84,44.6,19.2
sess007243,v68,quest3,1.69,2.19,43.1,17.2
sess007244,v69,quest3s,2.67,1.26,39.7,18.3
sess007245,v68,quest3,2.24,1.11,40.6,19.9
sess007246,v70,quest3,2.13,1.17,40.5,18.9
sess007247,v68,quest3,1.51,1.07,38.4,19.0
sess007248,v68,quest3,2.03,1.4,39.8,19.8
sess007249,v68,quest3,2.64,0.74,42.3,18.9
sess007250,v68,quest3s,2.4,1.78,36.7,15.0
sess007251,v70,quest3s,2.92,1.12,44.8,16.7
sess007252,v68,quest3s,1.68,1.39,36.4,17.7
sess007253,v68,quest3s,1.6,0.79,42.7,18.6
sess007254,v70,quest3s,1.89,1.73,47.2,19.1
sess007255,v68,quest3,2.45,1.08,39.7,18.2
sess007256,v68,quest3,2.0,0.95,46.7,17.7
sess007257,v69,quest3,1.17,1.2,41.5,18.3
sess007258,v70,quest3s,2.45,1.33,40.1,18.2
sess007259,v68,quest3,2.67,1.48,36.6,16.1
sess007260,v70,quest3s,2.19,2.37,42.6,18.0
sess007261,v70,quest3s,2.04,1.23,42.4,20.2
sess007262,v69,quest3s,3.17,1.57,38.7,16.0
sess007263,v69,quest3,2.43,1.04,31.7,19.0
sess007264,v70,quest3,1.88,1.01,39.8,18.4
sess007265,v70,quest3,2.13,1.04,43.5,19.4
sess007266,v68,quest3s,2.21,1.86,39.9,18.1
sess007267,v68,quest3s,2.63,0.86,44.9,19.5
sess007268,v70,quest3s,3.09,1.23,43.7,21.8
sess007269,v70,quest3s,1.83,1.33,38.7,19.9
sess007270,v69,quest3,1.96,1.55,46.4,17.6
sess007271,v69,quest3s,2.88,1.71,41.7,18.9
sess007272,v70,quest3,1.45,0.91,37.5,21.4
sess007273,v69,quest3s,3.23,1.63,45.7,19.8
sess007274,v69,quest3,2.84,1.55,38.0,16.9
sess007275,v70,quest3s,2.67,0.94,45.4,17.8
sess007276,v69,quest3s,2.12,2.34,42.4,19.8
sess007277,v69,quest3,2.64,1.15,41.9,16.9
sess007278,v68,quest3,2.84,1.43,40.2,19.0
sess007279,v68,quest3,1.53,0.91,41.0,19.0
sess007280,v68,quest3,1.96,0.85,39.5,17.3
sess007281,v68,quest3s,2.19,1.67,42.3,19.4
sess007282,v70,quest3s,2.65,1.65,40.6,17.8
sess007283,v68,quest3s,2.45,0.79,39.7,14.7
sess007284,v70,quest3s,1.26,2.21,45.3,16.5
sess007285,v69,quest3s,2.3,2.61,45.9,16.1
sess007286,v69,quest3s,3.52,1.98,38.8,19.1
sess007287,v69,quest3,2.11,1.51,49.7,16.2
sess007288,v68,quest3s,1.65,1.11,41.4,18.1
sess007289,v69,quest3,2.59,0.7,41.8,19.1
sess007290,v68,quest3,2.14,1.0,47.4,17.6
sess007291,v70,quest3,2.79,1.58,45.7,19.7
sess007292,v68,quest3,2.04,2.11,38.4,16.3
sess007293,v70,quest3,2.05,1.32,42.3,20.7
sess007294,v70,quest3,2.36,1.39,39.0,16.2
sess007295,v68,quest3,3.39,0.95,46.0,19.4
sess007296,v70,quest3s,2.36,1.39,33.2,20.1
sess007297,v68,quest3s,1.72,1.06,38.5,18.6
sess007298,v70,quest3,2.68,1.94,42.7,17.4
sess007299,v68,quest3s,2.12,1.36,40.8,17.2
sess007300,v69,quest3,1.74,0.98,41.0,17.8
sess007301,v68,quest3s,2.53,0.69,44.9,19.8
sess007302,v68,quest3,1.48,0.87,37.0,17.2
sess007303,v69,quest3,2.61,1.07,46.4,19.4
sess007304,v68,quest3,1.9,0.88,40.7,18.3
sess007305,v70,quest3s,2.61,1.3,37.6,19.6
sess007306,v69,quest3s,3.48,2.06,38.7,17.0
sess007307,v68,quest3,1.55,0.91,43.2,16.9
sess007308,v68,quest3,2.42,1.45,38.4,17.3
sess007309,v70,quest3,1.58,1.57,49.8,20.0
sess007310,v70,quest3,2.73,1.96,40.9,17.0
sess007311,v69,quest3,1.64,0.89,42.2,17.6
sess007312,v68,quest3,2.05,1.22,49.4,17.9
sess007313,v70,quest3s,2.28,1.44,35.6,19.8
sess007314,v70,quest3,1.33,1.64,40.0,19.0
sess007315,v70,quest3,2.29,1.39,40.8,15.3
sess007316,v68,quest3s,3.25,1.31,38.6,18.3
sess007317,v70,quest3,2.35,1.65,42.5,18.8
sess007318,v68,quest3,1.69,1.8,48.2,16.8
sess007319,v69,quest3,1.35,1.63,34.6,18.4
sess007320,v70,quest3,1.73,1.62,39.8,19.5
sess007321,v68,quest3s,2.6,0.98,44.4,15.7
sess007322,v70,quest3,1.49,0.38,43.9,16.4
sess007323,v68,quest3s,2.4,1.16,43.1,18.8
sess007324,v70,quest3,1.49,0.41,45.7,19.8
sess007325,v68,quest3s,1.85,0.65,45.1,15.2
sess007326,v68,quest3,2.5,1.02,40.9,16.0
sess007327,v70,quest3,2.33,1.39,42.1,20.4
sess007328,v69,quest3,2.56,1.02,51.0,18.6
sess007329,v69,quest3,1.11,1.58,39.9,18.8
sess007330,v68,quest3s,2.47,1.53,39.8,17.9
sess007331,v69,quest3,1.97,1.57,41.1,17.5
sess007332,v69,quest3s,3.05,1.96,34.4,16.9
sess007333,v69,quest3,2.12,1.11,44.6,21.6
sess007334,v69,quest3,2.08,1.44,46.2,16.7
sess007335,v68,quest3,1.25,0.67,37.0,18.8
sess007336,v68,quest3s,2.79,1.12,39.3,17.9
sess007337,v70,quest3,2.57,1.79,40.7,18.1
sess007338,v69,quest3,1.84,1.45,40.7,16.6
sess007339,v70,quest3s,1.69,1.5,42.1,15.9
sess007340,v70,quest3s,2.94,1.29,46.4,20.1
sess007341,v69,quest3s,2.29,1.44,45.1,19.0
sess007342,v69,quest3s,2.59,1.89,40.5,16.4
sess007343,v68,quest3,2.22,1.38,43.1,18.3
sess007344,v68,quest3s,2.13,1.0,44.9,19.6
sess007345,v69,quest3s,3.26,1.9,36.0,18.1
sess007346,v68,quest3s,1.67,1.52,42.5,16.5
sess007347,v70,quest3,1.3,1.25,38.4,18.2
sess007348,v69,quest3,1.87,1.83,40.8,17.3
sess007349,v69,quest3s,3.5,1.9,35.2,17.4
sess007350,v70,quest3,1.79,1.85,47.2,21.6
sess007351,v69,quest3,2.57,0.54,44.9,17.2
sess007352,v68,quest3s,2.32,1.12,42.6,19.8
sess007353,v70,quest3,1.71,0.88,44.7,17.9
sess007354,v68,quest3s,1.7,0.9,47.0,18.8
sess007355,v70,quest3s,1.73,1.4,40.2,20.3
sess007356,v69,quest3,1.48,1.0,41.6,19.4
sess007357,v68,quest3s,3.17,1.01,40.7,21.1
sess007358,v68,quest3,0.83,1.04,42.6,18.9
sess007359,v69,quest3,2.44,1.67,44.1,17.6
sess007360,v68,quest3,2.51,1.07,41.1,16.6
sess007361,v70,quest3,2.37,1.05,51.6,19.0
sess007362,v70,quest3s,2.14,1.3,44.8,17.2
sess007363,v70,quest3s,2.94,1.33,41.0,19.9
sess007364,v68,quest3s,2.55,0.65,41.5,20.0
sess007365,v68,quest3s,1.38,0.38,44.7,19.6
sess007366,v69,quest3s,3.5,1.57,45.5,17.8
sess007367,v70,quest3s,1.28,1.55,37.9,17.7
sess007368,v68,quest3s,1.03,1.53,46.0,17.1
sess007369,v70,quest3s,2.63,2.28,46.9,17.4
sess007370,v68,quest3,1.41,1.51,34.6,20.4
sess007371,v69,quest3,2.96,1.73,40.2,19.3
sess007372,v70,quest3,2.52,1.44,39.0,22.8
sess007373,v68,quest3s,2.11,1.06,41.3,17.8
sess007374,v69,quest3s,2.57,1.57,44.3,14.3
sess007375,v68,quest3,1.44,1.08,36.0,20.7
sess007376,v70,quest3,1.81,0.97,38.1,20.6
sess007377,v70,quest3,2.85,1.31,41.6,20.1
sess007378,v70,quest3s,0.61,0.46,43.7,17.6
sess007379,v68,quest3s,1.89,0.84,48.9,17.1
sess007380,v68,quest3,1.98,0.63,47.3,18.8
sess007381,v68,quest3,1.83,1.37,35.9,19.9
sess007382,v70,quest3,2.08,0.36,46.8,20.5
sess007383,v70,quest3,2.02,1.28,48.4,18.1
sess007384,v68,quest3,1.86,1.17,39.0,18.3
sess007385,v68,quest3,2.66,1.81,42.2,20.0
sess007386,v70,quest3s,2.36,1.32,36.9,20.1
sess007387,v69,quest3,1.82,0.83,30.3,18.2
sess007388,v69,quest3,1.37,1.89,39.3,16.0
sess007389,v69,quest3,1.64,1.16,45.7,17.0
sess007390,v70,quest3,2.13,0.99,36.2,19.4
sess007391,v69,quest3,2.74,0.74,45.0,19.7
sess007392,v70,quest3s,2.17,2.2,46.3,18.8
sess007393,v70,quest3s,2.24,1.49,35.6,17.7
sess007394,v70,quest3s,1.37,1.39,38.9,18.0
sess007395,v69,quest3s,3.14,1.78,45.3,20.3
sess007396,v68,quest3s,2.54,0.7,49.6,17.8
sess007397,v69,quest3,1.63,1.4,44.8,18.0
sess007398,v70,quest3,1.83,1.33,41.5,18.8
sess007399,v69,quest3,0.73,1.55,41.9,20.1
sess007400,v69,quest3,2.05,1.06,42.7,19.0
sess007401,v70,quest3,2.37,1.0,49.7,19.1
sess007402,v70,quest3,2.29,1.34,41.1,18.7
sess007403,v70,quest3s,2.7,1.99,43.5,20.0
sess007404,v69,quest3,2.24,1.13,43.4,17.6
sess007405,v70,quest3,2.58,0.95,43.8,16.9
sess007406,v68,quest3,2.15,1.72,41.8,19.2
sess007407,v70,quest3,3.19,0.6,39.6,18.7
sess007408,v70,quest3s,1.65,0.71,41.0,19.4
sess007409,v69,quest3s,2.9,1.88,36.3,16.2
sess007410,v68,quest3s,2.82,1.0,42.9,17.8
sess007411,v69,quest3s,2.71,2.07,39.3,17.0
sess007412,v68,quest3s,2.34,1.67,42.2,18.6
sess007413,v68,quest3s,1.37,0.72,43.1,19.4
sess007414,v70,quest3,2.44,1.43,49.1,19.8
sess007415,v69,quest3,2.41,0.97,43.7,16.6
sess007416,v70,quest3s,2.61,1.42,35.9,18.2
sess007417,v69,quest3,2.33,1.5,47.0,16.9
sess007418,v69,quest3s,3.21,1.35,39.4,16.8
sess007419,v70,quest3s,1.96,0.72,41.2,19.0
sess007420,v68,quest3s,2.01,1.02,40.1,18.2
sess007421,v69,quest3s,3.23,1.65,42.0,18.1
sess007422,v68,quest3,2.4,0.62,39.1,16.3
sess007423,v68,quest3s,1.19,1.35,41.9,17.5
sess007424,v69,quest3s,3.51,1.79,39.9,18.6
sess007425,v68,quest3,2.1,1.61,44.6,19.1
sess007426,v68,quest3s,1.65,0.81,41.7,15.5
sess007427,v70,quest3,1.77,1.15,37.8,20.9
sess007428,v68,quest3,1.3,1.35,40.6,16.9
sess007429,v69,quest3s,2.53,1.91,46.1,20.4
sess007430,v69,quest3,2.44,1.52,40.7,18.6
sess007431,v69,quest3,1.7,1.72,38.7,18.5
sess007432,v68,quest3,2.19,1.18,45.2,15.2
sess007433,v69,quest3s,2.9,1.83,35.5,19.7
sess007434,v69,quest3s,1.9,2.13,46.6,15.7
sess007435,v69,quest3,1.91,1.02,41.2,18.3
sess007436,v68,quest3,1.23,0.98,48.9,17.9
sess007437,v69,quest3s,3.64,1.38,42.8,18.1
sess007438,v68,quest3s,3.19,1.77,31.9,17.7
sess007439,v70,quest3,2.05,0.59,40.9,22.7
sess007440,v69,quest3s,2.73,1.74,43.2,17.4
sess007441,v69,quest3,2.25,1.09,47.1,16.9
sess007442,v70,quest3s,2.03,1.1,43.7,18.2
sess007443,v70,quest3,1.86,1.22,42.7,20.9
sess007444,v69,quest3s,2.79,2.09,39.8,16.3
sess007445,v69,quest3s,3.1,1.57,44.0,19.8
sess007446,v70,quest3,1.55,1.44,37.5,20.9
sess007447,v69,quest3,2.07,1.94,38.4,17.6
sess007448,v69,quest3,1.92,1.35,38.0,16.4
sess007449,v68,quest3,2.92,1.06,45.2,19.3
sess007450,v69,quest3s,2.84,1.77,45.7,18.9
sess007451,v70,quest3s,2.05,1.31,44.0,17.1
sess007452,v68,quest3s,2.73,1.65,40.5,19.0
sess007453,v68,quest3,1.8,0.7,44.8,19.8
sess007454,v68,quest3s,1.73,1.32,45.8,17.5
sess007455,v68,quest3,2.08,1.39,48.7,19.9
sess007456,v68,quest3s,1.85,1.3,44.3,19.0
sess007457,v70,quest3s,1.41,2.23,37.9,17.9
sess007458,v70,quest3,1.09,0.0,41.3,16.9
sess007459,v69,quest3s,2.61,2.3,39.6,19.9
sess007460,v69,quest3,2.06,0.81,43.6,17.3
sess007461,v68,quest3,1.56,1.93,37.8,16.0
sess007462,v70,quest3,2.53,1.03,41.8,19.2
sess007463,v69,quest3s,2.95,1.99,39.6,16.6
sess007464,v69,quest3,2.05,1.67,41.7,19.6
sess007465,v68,quest3s,2.08,0.77,33.6,18.9
sess007466,v68,quest3,1.9,1.07,39.9,19.0
sess007467,v70,quest3,1.63,1.15,41.7,18.0
sess007468,v70,quest3,2.34,1.64,40.8,17.9
sess007469,v70,quest3s,1.82,1.66,38.7,18.5
sess007470,v69,quest3,2.34,1.6,42.5,16.8
sess007471,v68,quest3s,2.16,0.96,37.6,15.5
sess007472,v70,quest3s,2.27,0.69,41.8,19.3
sess007473,v68,quest3,1.74,0.7,41.6,18.3
sess007474,v68,quest3s,2.06,1.16,36.1,18.5
sess007475,v70,quest3s,2.48,2.03,46.5,18.5
sess007476,v69,quest3,1.69,0.86,44.2,17.0
sess007477,v70,quest3,1.42,1.33,39.2,19.2
sess007478,v70,quest3s,1.3,1.9,40.5,18.2
sess007479,v69,quest3s,2.92,2.03,42.5,17.0
sess007480,v68,quest3s,2.14,0.79,36.8,17.9
sess007481,v70,quest3,2.4,0.6,45.3,19.5
sess007482,v68,quest3s,1.63,1.47,39.8,17.7
sess007483,v69,quest3,1.51,1.12,44.2,16.6
sess007484,v69,quest3s,2.24,2.46,43.7,19.9
sess007485,v69,quest3,2.02,0.95,46.7,18.2
sess007486,v69,quest3s,3.13,1.69,38.0,17.5
sess007487,v68,quest3s,1.94,0.46,41.7,18.2
sess007488,v69,quest3,2.29,1.18,33.1,18.3
sess007489,v69,quest3,2.15,1.6,39.7,17.9
sess007490,v69,quest3,2.01,1.68,43.0,18.7
sess007491,v69,quest3,2.71,1.12,45.9,21.3
sess007492,v69,quest3s,2.4,2.15,35.8,17.5
sess007493,v68,quest3s,1.53,1.51,40.3,17.0
sess007494,v68,quest3s,1.64,0.62,43.3,18.9
sess007495,v70,quest3s,2.21,1.19,40.4,20.7
sess007496,v69,quest3,1.69,0.97,38.7,18.3
sess007497,v69,quest3,1.76,2.23,43.2,18.0
sess007498,v68,quest3,2.54,0.95,52.3,20.8
sess007499,v69,quest3,2.2,1.74,49.0,19.5
sess007500,v70,quest3s,1.71,1.91,40.4,19.6
sess007501,v69,quest3,2.58,1.17,40.2,16.9
sess007502,v69,quest3,2.75,0.78,34.9,18.1
sess007503,v70,quest3,1.89,1.07,44.8,18.7
sess007504,v70,quest3s,1.51,1.26,38.9,18.9
sess007505,v68,quest3s,2.63,1.51,35.5,17.2
sess007506,v70,quest3,2.85,1.44,40.5,19.9
sess007507,v70,quest3,2.11,1.05,49.0,18.1
sess007508,v69,quest3,2.4,0.42,44.7,18.8
sess007509,v68,quest3s,1.94,1.1,47.3,19.2
sess007510,v68,quest3,1.52,0.95,40.3,17.1
sess007511,v69,quest3,1.67,1.96,41.0,16.0
sess007512,v68,quest3,2.17,1.53,51.6,19.4
sess007513,v69,quest3,2.13,2.26,40.7,20.6
sess007514,v69,quest3s,3.48,2.14,39.0,18.5
sess007515,v69,quest3,1.97,2.03,37.4,18.3
sess007516,v68,quest3,1.91,1.33,36.3,21.6
sess007517,v70,quest3,2.28,0.97,36.4,20.4
sess007518,v68,quest3s,2.28,1.6,35.0,18.4
sess007519,v70,quest3s,1.92,1.09,41.4,19.7
sess007520,v70,quest3s,1.97,0.9,48.2,17.2
sess007521,v69,quest3,2.08,0.83,43.7,20.1
sess007522,v68,quest3,2.16,1.25,45.0,19.0
sess007523,v70,quest3s,2.21,0.62,46.5,17.9
sess007524,v68,quest3s,1.55,1.59,47.9,20.4
sess007525,v70,quest3,1.51,1.76,34.8,20.1
sess007526,v70,quest3,1.08,0.56,47.6,19.9
sess007527,v68,quest3,1.97,1.47,50.9,19.2
sess007528,v68,quest3,1.91,1.06,43.8,17.5
sess007529,v68,quest3,1.72,1.94,37.6,18.0
sess007530,v68,quest3s,2.61,1.04,44.8,19.5
sess007531,v69,quest3,1.84,0.75,39.0,18.8
sess007532,v68,quest3s,1.54,1.76,46.0,18.2
sess007533,v69,quest3,1.98,0.88,48.0,19.4
sess007534,v69,quest3s,3.27,2.18,41.4,16.3
sess007535,v68,quest3s,1.81,1.19,41.4,15.4
sess007536,v69,quest3,2.12,1.77,44.0,21.1
sess007537,v68,quest3s,2.8,0.57,43.6,19.5
sess007538,v68,quest3,2.74,0.94,38.7,18.0
sess007539,v69,quest3s,2.35,1.37,35.7,18.8
sess007540,v70,quest3s,2.11,1.01,36.3,18.9
sess007541,v69,quest3,2.9,1.35,36.8,20.6
sess007542,v69,quest3,3.6,1.4,44.5,17.7
sess007543,v68,quest3s,2.23,0.25,44.9,18.5
sess007544,v70,quest3,1.63,1.92,50.9,19.3
sess007545,v69,quest3,2.69,0.71,43.5,17.1
sess007546,v70,quest3,0.83,1.88,36.3,19.1
sess007547,v68,quest3s,2.05,1.19,45.8,17.3
sess007548,v68,quest3s,1.84,1.41,43.7,21.1
sess007549,v69,quest3,1.5,0.9,41.9,19.4
sess007550,v68,quest3,1.96,1.13,46.8,18.4
sess007551,v68,quest3s,2.82,1.25,41.6,17.7
sess007552,v70,quest3,2.41,1.07,43.9,17.8
sess007553,v69,quest3,2.84,1.0,38.9,17.2
sess007554,v69,quest3s,2.55,1.46,46.2,18.1
sess007555,v68,quest3,1.84,1.16,47.1,17.0
sess007556,v70,quest3,2.08,0.36,46.5,20.4
sess007557,v70,quest3s,1.9,1.3,33.5,18.7
sess007558,v69,quest3s,3.57,1.54,44.6,16.0
sess007559,v70,quest3s,2.39,1.5,38.1,22.0
sess007560,v70,quest3s,2.83,0.85,34.8,19.9
sess007561,v70,quest3,2.12,0.58,45.4,20.8
sess007562,v68,quest3,2.23,0.71,33.4,18.1
sess007563,v70,quest3s,1.54,2.02,43.1,20.4
sess007564,v68,quest3,1.63,0.93,30.6,17.3
sess007565,v69,quest3s,2.82,1.99,38.3,17.2
sess007566,v69,quest3s,2.39,1.46,38.8,17.5
sess007567,v68,quest3s,2.19,1.02,39.6,18.5
sess007568,v70,quest3s,2.45,1.37,40.0,19.1
sess007569,v70,quest3,1.76,1.75,36.2,19.6
sess007570,v69,quest3s,3.17,2.01,47.9,16.3
sess007571,v69,quest3,1.66,1.31,40.4,20.0
sess007572,v70,quest3s,1.81,1.24,41.7,18.5
sess007573,v69,quest3s,3.41,2.22,37.6,21.0
sess007574,v68,quest3s,2.08,0.96,40.8,18.5
sess007575,v70,quest3,1.74,1.04,48.3,20.1
sess007576,v69,quest3s,3.22,2.15,44.9,16.5
sess007577,v70,quest3,2.02,1.18,40.1,18.1
sess007578,v69,quest3,2.47,1.51,40.8,17.1
sess007579,v70,quest3,2.12,1.31,40.0,16.4
sess007580,v70,quest3s,2.28,1.24,44.0,18.2
sess007581,v68,quest3,3.15,0.66,40.9,19.3
sess007582,v68,quest3,2.6,1.01,43.1,19.1
sess007583,v68,quest3s,1.64,0.92,46.2,18.5
sess007584,v70,quest3,1.91,0.96,39.9,18.2
sess007585,v68,quest3s,1.64,1.33,40.9,17.9
sess007586,v70,quest3s,2.03,1.71,39.0,19.0
sess007587,v70,quest3,1.25,1.08,38.3,18.0
sess007588,v68,quest3s,2.75,1.6,49.0,17.9
sess007589,v68,quest3s,2.07,1.56,42.2,18.8
sess007590,v69,quest3,2.13,0.65,44.5,16.4
sess007591,v69,quest3,2.3,1.02,47.2,16.5
sess007592,v68,quest3s,1.27,0.55,46.6,16.3
sess007593,v70,quest3s,2.07,0.73,45.6,17.5
sess007594,v68,quest3,2.5,0.65,40.6,18.4
sess007595,v69,quest3,1.98,1.68,42.5,16.0
sess007596,v70,quest3,1.47,1.17,35.5,19.1
sess007597,v68,quest3,3.01,1.72,38.7,17.4
sess007598,v70,quest3,1.49,0.93,40.6,18.2
sess007599,v69,quest3s,3.22,1.86,51.2,15.6
sess007600,v68,quest3,1.86,1.25,40.7,21.0
sess007601,v68,quest3,1.7,1.23,40.6,15.5
sess007602,v69,quest3s,3.02,1.68,44.8,19.2
sess007603,v68,quest3,2.07,1.5,37.1,19.3
sess007604,v68,quest3s,2.03,1.32,38.1,16.3
sess007605,v68,quest3s,2.16,1.8,42.0,16.0
sess007606,v70,quest3s,2.68,1.38,39.9,17.5
sess007607,v70,quest3,2.1,0.82,47.9,15.3
sess007608,v70,quest3,2.65,1.33,42.8,19.4
sess007609,v69,quest3,2.04,1.0,44.3,17.6
sess007610,v70,quest3,1.82,1.47,44.8,18.9
sess007611,v69,quest3s,3.72,1.73,40.0,19.5
sess007612,v68,quest3s,1.48,2.03,36.4,16.0
sess007613,v70,quest3,1.84,0.73,42.9,16.8
sess007614,v70,quest3,2.01,1.23,32.7,18.6
sess007615,v68,quest3,2.08,0.77,38.9,14.7
sess007616,v70,quest3s,2.55,1.81,38.3,19.1
sess007617,v70,quest3s,2.41,0.75,41.9,20.6
sess007618,v70,quest3,2.73,1.1,39.6,16.9
sess007619,v68,quest3,1.59,1.62,39.7,17.7
sess007620,v70,quest3,1.67,0.99,38.6,19.2
sess007621,v70,quest3,1.98,0.79,36.7,19.8
sess007622,v70,quest3s,1.67,1.21,43.6,18.9
sess007623,v69,quest3s,2.64,1.28,44.6,16.9
sess007624,v70,quest3s,2.13,1.21,40.6,17.6
sess007625,v68,quest3s,1.77,1.55,34.5,17.3
sess007626,v69,quest3s,2.92,1.9,39.3,17.5
sess007627,v70,quest3,2.14,0.89,40.5,18.4
sess007628,v69,quest3,2.21,1.08,44.0,16.8
sess007629,v70,quest3s,1.98,1.11,43.3,17.1
sess007630,v68,quest3s,1.57,0.57,42.9,20.2
sess007631,v68,quest3,1.91,1.39,47.2,19.4
sess007632,v70,quest3s,3.06,1.92,38.7,17.4
sess007633,v69,quest3s,3.14,2.34,39.7,17.1
sess007634,v69,quest3,2.59,1.24,48.6,20.2
sess007635,v70,quest3,2.05,1.49,42.9,21.5
sess007636,v69,quest3s,3.33,2.22,41.0,17.2
sess007637,v70,quest3,1.82,1.17,45.7,17.8
sess007638,v68,quest3s,1.78,0.82,45.1,17.1
sess007639,v70,quest3,1.24,1.01,47.7,18.8
sess007640,v68,quest3,2.07,1.28,33.5,20.8
sess007641,v68,quest3,2.87,1.13,43.6,18.4
sess007642,v68,quest3,2.71,1.29,39.2,21.5
sess007643,v70,quest3,2.33,1.11,39.5,22.5
sess007644,v69,quest3,1.97,1.62,36.7,17.9
sess007645,v68,quest3s,1.88,1.36,36.7,18.1
sess007646,v69,quest3,3.25,0.77,44.8,18.1
sess007647,v70,quest3s,2.63,1.39,39.3,20.6
sess007648,v69,quest3,2.32,0.6,44.5,18.9
sess007649,v69,quest3s,3.0,0.77,36.6,17.5
sess007650,v70,quest3,2.09,1.75,48.2,18.8
sess007651,v69,quest3,2.84,1.09,39.6,20.4
sess007652,v68,quest3,2.5,0.9,39.9,17.6
sess007653,v69,quest3,1.96,0.92,46.6,16.5
sess007654,v70,quest3s,1.95,0.94,34.4,17.9
sess007655,v70,quest3s,2.05,1.54,39.3,21.7
sess007656,v69,quest3,1.89,1.49,36.6,19.9
sess007657,v70,quest3s,2.08,1.12,44.7,20.2
sess007658,v69,quest3s,2.05,1.58,42.0,17.3
sess007659,v69,quest3,2.11,1.69,44.0,19.0
sess007660,v70,quest3,1.93,2.11,36.5,17.6
sess007661,v70,quest3s,2.64,0.57,45.8,17.2
sess007662,v69,quest3s,3.26,2.0,42.9,20.9
sess007663,v69,quest3,2.47,1.27,39.1,19.5
sess007664,v69,quest3,1.36,1.62,35.8,18.3
sess007665,v69,quest3,2.63,1.53,40.0,20.1
sess007666,v68,quest3,2.33,1.59,33.7,16.9
sess007667,v69,quest3,1.8,0.81,42.5,17.4
sess007668,v68,quest3,1.65,1.15,45.7,17.5
sess007669,v68,quest3,2.42,1.15,44.2,20.1
sess007670,v68,quest3,1.83,1.65,45.4,18.6
sess007671,v68,quest3,2.02,0.58,43.3,20.4
sess007672,v68,quest3,1.91,1.24,46.1,19.9
sess007673,v68,quest3,1.93,1.97,39.9,17.4
sess007674,v69,quest3s,3.28,1.58,45.0,18.1
sess007675,v69,quest3s,3.13,1.5,32.4,18.2
sess007676,v68,quest3s,1.49,1.28,38.3,19.6
sess007677,v70,quest3,2.4,1.26,39.7,15.8
sess007678,v68,quest3,2.52,1.45,35.3,17.9
sess007679,v69,quest3,2.23,0.8,44.9,16.8
sess007680,v68,quest3s,1.75,1.44,47.1,16.7
sess007681,v68,quest3s,3.48,1.28,43.2,18.1
sess007682,v69,quest3,1.9,1.22,35.4,20.5
sess007683,v69,quest3,3.21,1.69,44.4,18.7
sess007684,v70,quest3s,2.07,2.24,38.4,17.2
sess007685,v70,quest3s,2.36,1.28,44.2,19.8
sess007686,v68,quest3,2.38,1.63,41.8,17.4
sess007687,v70,quest3,2.16,0.87,42.0,18.3
sess007688,v69,quest3s,2.61,2.66,44.2,17.9
sess007689,v69,quest3,1.98,1.7,45.3,19.4
sess007690,v68,quest3s,1.49,1.14,44.9,16.6
sess007691,v70,quest3,1.58,1.45,40.5,17.1
sess007692,v68,quest3s,2.16,1.52,47.3,19.7
sess007693,v70,quest3,1.79,1.72,43.0,18.2
sess007694,v68,quest3,2.38,2.04,36.3,17.4
sess007695,v70,quest3s,2.12,1.5,39.6,18.7
sess007696,v69,quest3,2.96,1.56,36.3,18.5
sess007697,v69,quest3s,2.98,1.83,48.2,16.9
sess007698,v68,quest3s,2.1,1.6,39.7,16.7
sess007699,v69,quest3,2.18,1.91,44.0,19.6
sess007700,v69,quest3s,2.53,1.73,34.6,15.4
sess007701,v70,quest3,2.07,0.94,47.8,18.2
sess007702,v70,quest3s,2.18,1.18,40.4,18.0
sess007703,v70,quest3s,1.8,2.12,43.3,18.7
sess007704,v68,quest3s,1.17,1.33,35.2,18.0
sess007705,v70,quest3s,2.26,1.45,41.4,21.3
sess007706,v70,quest3,1.69,1.49,40.8,17.2
sess007707,v68,quest3,1.21,0.71,42.6,18.7
sess007708,v69,quest3s,2.68,1.63,43.1,19.6
sess007709,v70,quest3,2.4,1.38,46.8,19.7
sess007710,v70,quest3s,2.53,1.17,46.7,20.5
sess007711,v69,quest3,1.77,1.49,43.2,15.1
sess007712,v68,quest3s,2.82,1.03,43.8,18.6
sess007713,v70,quest3,2.0,1.68,39.7,18.0
sess007714,v68,quest3,1.88,1.14,41.9,19.3
sess007715,v69,quest3,2.24,1.43,41.1,16.5
sess007716,v68,quest3s,2.44,1.17,44.9,20.2
sess007717,v69,quest3s,3.76,2.58,42.9,18.8
sess007718,v68,quest3s,2.69,1.35,42.1,18.7
sess007719,v70,quest3,2.33,1.25,46.6,19.5
sess007720,v69,quest3s,2.68,1.88,44.9,17.6
sess007721,v70,quest3,2.28,1.14,43.9,17.8
sess007722,v68,quest3,2.16,1.4,43.3,17.0
sess007723,v68,quest3s,2.02,2.12,41.1,16.7
sess007724,v70,quest3s,1.23,1.5,36.7,18.2
sess007725,v70,quest3s,2.62,0.4,46.9,20.0
sess007726,v69,quest3,2.78,1.34,45.0,16.2
sess007727,v70,quest3s,1.87,0.81,44.2,18.0
sess007728,v68,quest3,2.25,1.01,37.7,17.9
sess007729,v68,quest3s,1.18,0.49,48.7,16.9
sess007730,v70,quest3s,2.22,1.25,44.0,18.6
sess007731,v70,quest3s,2.43,0.98,37.9,20.4
sess007732,v70,quest3,2.39,1.45,39.2,18.9
sess007733,v70,quest3,2.19,1.52,42.0,18.2
sess007734,v69,quest3,2.65,1.29,37.5,15.5
sess007735,v69,quest3s,3.19,2.01,31.9,16.5
sess007736,v68,quest3s,1.63,1.03,43.9,18.2
sess007737,v69,quest3s,1.94,1.8,44.6,19.9
sess007738,v70,quest3s,0.97,1.36,44.4,19.6
sess007739,v70,quest3,2.2,1.35,42.1,19.1
sess007740,v68,quest3,1.94,1.49,50.7,17.8
sess007741,v70,quest3,2.28,0.95,49.3,20.6
sess007742,v69,quest3s,3.24,2.22,39.8,17.9
sess007743,v68,quest3s,2.36,0.64,44.1,16.9
sess007744,v69,quest3s,2.62,1.72,41.6,15.5
sess007745,v69,quest3,2.51,1.89,46.1,16.9
sess007746,v68,quest3s,1.1,1.71,38.8,17.9
sess007747,v69,quest3s,3.22,1.89,39.5,16.5
sess007748,v70,quest3,2.63,0.29,40.0,20.1
sess007749,v70,quest3,1.64,1.08,38.3,16.7
sess007750,v70,quest3,1.71,0.48,44.4,18.2
sess007751,v69,quest3,2.26,1.32,46.9,16.8
sess007752,v69,quest3,3.18,0.94,46.8,18.8
sess007753,v68,quest3,2.03,1.12,39.4,17.4
sess007754,v68,quest3,1.88,0.44,41.6,19.3
sess007755,v69,quest3,1.84,1.08,39.5,18.1
sess007756,v68,quest3s,3.02,1.1,37.1,19.5
sess007757,v68,quest3s,3.48,0.77,51.5,18.4
sess007758,v69,quest3s,3.71,2.8,45.2,19.8
sess007759,v70,quest3,1.98,0.1,38.4,20.0
sess007760,v69,quest3,1.94,1.53,45.5,17.7
sess007761,v70,quest3,1.79,1.34,44.5,21.3
sess007762,v70,quest3s,2.23,0.93,38.3,19.4
sess007763,v70,quest3s,2.25,1.4,35.3,17.1
sess007764,v70,quest3,1.5,1.03,37.8,17.8
sess007765,v70,quest3s,2.14,1.84,35.8,18.4
sess007766,v69,quest3s,2.78,1.05,42.0,19.1
sess007767,v68,quest3,0.86,0.91,46.2,15.1
sess007768,v68,quest3s,1.92,0.5,38.5,20.1
sess007769,v68,quest3,2.84,1.17,48.6,19.8
sess007770,v69,quest3,1.2,0.87,43.8,24.1
sess007771,v70,quest3,2.18,0.77,45.6,18.7
sess007772,v70,quest3s,2.16,1.54,39.9,20.7
sess007773,v70,quest3,2.09,2.15,32.1,17.3
sess007774,v68,quest3s,1.77,0.61,39.7,15.2
sess007775,v70,quest3,1.55,0.81,33.8,21.6
sess007776,v68,quest3,2.51,0.94,49.6,17.8
sess007777,v69,quest3,1.71,1.23,50.1,18.0
sess007778,v69,quest3,1.87,1.46,47.1,20.1
sess007779,v70,quest3s,2.43,1.45,35.6,19.4
sess007780,v68,quest3s,2.39,0.99,45.7,18.8
sess007781,v70,quest3,2.23,1.55,39.6,18.3
sess007782,v70,quest3,1.92,1.06,45.0,20.0
sess007783,v70,quest3,2.31,1.35,42.9,18.4
sess007784,v69,quest3,2.11,1.36,43.4,21.2
sess007785,v68,quest3,2.16,1.17,43.0,19.1
sess007786,v69,quest3s,3.06,2.36,42.1,16.4
sess007787,v68,quest3,1.97,0.81,44.6,19.1
sess007788,v69,quest3,2.27,1.13,51.2,18.9
sess007789,v70,quest3s,1.77,1.52,43.0,19.8
sess007790,v69,quest3,1.97,1.69,48.4,15.5
sess007791,v68,quest3,2.73,1.42,46.1,17.4
sess007792,v68,quest3s,2.8,1.52,38.3,17.2
sess007793,v69,quest3,2.44,1.33,42.7,17.4
sess007794,v69,quest3,1.5,1.81,41.6,19.2
sess007795,v68,quest3,1.69,2.5,45.7,18.4
sess007796,v68,quest3s,2.19,1.0,41.8,18.2
sess007797,v68,quest3,2.35,1.42,39.8,17.6
sess007798,v70,quest3,2.13,1.52,39.0,17.5
sess007799,v70,quest3,1.7,1.09,49.0,19.6
sess007800,v70,quest3s,2.25,1.53,42.2,17.8
sess007801,v68,quest3s,2.02,1.06,42.1,17.0
sess007802,v69,quest3,2.64,1.74,39.5,18.4
sess007803,v69,quest3s,2.96,1.71,42.2,19.6
sess007804,v70,quest3s,1.98,1.1,36.1,20.3
sess007805,v69,quest3,2.55,1.43,36.6,15.3
sess007806,v69,quest3,2.02,1.86,46.8,19.9
sess007807,v70,quest3s,2.48,1.39,46.9,21.8
sess007808,v68,quest3s,1.01,1.58,40.8,18.4
sess007809,v68,quest3,2.83,1.99,39.9,18.0
sess007810,v70,quest3s,3.09,1.23,45.7,17.8
sess007811,v69,quest3s,3.57,1.63,40.8,17.1
sess007812,v70,quest3s,2.97,0.76,35.8,19.5
sess007813,v68,quest3,2.62,1.12,43.9,17.8
sess007814,v69,quest3,2.07,0.97,44.8,16.7
sess007815,v70,quest3,1.99,0.76,42.9,19.3
sess007816,v70,quest3,1.57,1.41,39.9,20.1
sess007817,v69,quest3s,2.7,1.4,39.9,19.4
sess007818,v70,quest3s,1.53,1.59,44.6,19.0
sess007819,v68,quest3,2.14,1.5,36.6,18.0
sess007820,v69,quest3,2.47,1.57,38.6,18.0
sess007821,v68,quest3s,2.44,1.54,45.8,18.2
sess007822,v68,quest3,1.85,0.64,40.1,18.8
sess007823,v70,quest3s,1.72,1.07,45.1,19.5
sess007824,v69,quest3s,2.84,2.28,39.3,17.9
sess007825,v68,quest3,2.68,0.46,38.7,18.1
sess007826,v69,quest3s,2.92,1.81,43.1,19.3
sess007827,v68,quest3,1.87,1.94,38.3,16.5
sess007828,v70,quest3s,3.06,0.69,48.9,17.0
sess007829,v70,quest3,3.37,1.26,37.7,16.6
sess007830,v69,quest3,2.19,1.84,41.6,18.5
sess007831,v70,quest3,1.97,1.38,46.8,17.1
sess007832,v69,quest3s,2.82,2.71,38.7,19.7
sess007833,v69,quest3s,2.82,2.08,43.5,17.1
sess007834,v68,quest3,1.73,1.48,38.2,18.7
sess007835,v68,quest3,2.13,0.38,44.2,17.8
sess007836,v68,quest3,2.27,0.78,45.2,18.8
sess007837,v69,quest3,2.84,1.53,42.9,15.5
sess007838,v68,quest3s,2.09,0.84,33.5,14.9
sess007839,v68,quest3,1.66,0.6,47.6,20.1
sess007840,v68,quest3,2.4,1.58,46.5,15.6
sess007841,v68,quest3,2.59,0.72,46.3,18.8
sess007842,v70,quest3,1.61,1.31,49.0,18.7
sess007843,v70,quest3s,1.15,1.88,43.7,21.7
sess007844,v70,quest3,1.98,1.63,45.3,20.2
sess007845,v68,quest3,2.61,0.84,46.1,18.6
sess007846,v68,quest3,2.28,1.36,43.1,17.2
sess007847,v68,quest3s,1.96,1.12,43.3,16.6
sess007848,v70,quest3,2.41,1.0,40.4,19.4
sess007849,v69,quest3s,2.72,1.88,44.2,16.6
sess007850,v68,quest3,1.61,1.35,39.6,18.8
sess007851,v70,quest3s,3.1,0.96,42.6,19.3
sess007852,v69,quest3,2.52,1.22,35.9,16.7
sess007853,v70,quest3,2.21,1.12,43.4,14.9
sess007854,v70,quest3s,1.84,1.48,45.5,18.7
sess007855,v69,quest3,2.11,1.07,47.2,18.6
sess007856,v69,quest3s,3.07,1.93,38.8,17.3
sess007857,v69,quest3,1.49,1.24,45.0,19.7
sess007858,v69,quest3s,2.54,2.12,39.9,17.4
sess007859,v69,quest3,2.43,1.68,39.8,19.1
sess007860,v68,quest3,1.88,0.64,47.3,20.3
sess007861,v70,quest3s,2.86,1.43,40.0,20.0
sess007862,v70,quest3s,2.36,1.7,47.8,21.5
sess007863,v70,quest3s,2.03,1.89,40.2,20.7
sess007864,v69,quest3s,3.89,1.64,41.6,19.1
sess007865,v69,quest3,1.62,1.52,43.4,19.5
sess007866,v69,quest3s,2.19,1.72,40.1,17.2
sess007867,v69,quest3s,3.68,2.87,40.5,18.7
sess007868,v69,quest3s,3.41,2.04,30.4,18.4
sess007869,v68,quest3s,1.73,1.46,45.9,20.1
sess007870,v68,quest3,2.5,0.92,41.8,16.8
sess007871,v70,quest3,2.06,1.65,41.7,22.9
sess007872,v69,quest3,2.35,1.96,42.7,18.0
sess007873,v69,quest3,2.23,0.96,44.4,16.5
sess007874,v70,quest3,2.16,1.0,37.5,19.1
sess007875,v70,quest3s,2.43,1.07,37.4,19.9
sess007876,v69,quest3,1.97,0.82,46.3,17.1
sess007877,v70,quest3s,1.81,0.55,39.9,21.3
sess007878,v70,quest3s,2.22,0.56,44.5,20.3
sess007879,v70,quest3s,3.21,0.85,37.5,18.6
sess007880,v69,quest3,2.8,1.33,44.8,18.7
sess007881,v69,quest3,2.86,0.6,47.1,20.1
sess007882,v70,quest3s,2.18,1.08,44.2,18.6
sess007883,v68,quest3s,2.71,0.71,45.2,19.0
sess007884,v69,quest3,2.44,1.23,45.1,20.9
sess007885,v70,quest3s,2.9,1.1,44.8,22.4
sess007886,v68,quest3s,2.0,1.14,39.0,20.5
sess007887,v69,quest3,1.77,1.5,39.6,19.1
sess007888,v68,quest3,2.25,1.37,43.7,17.0
sess007889,v68,quest3,1.87,1.22,46.8,16.4
sess007890,v70,quest3s,2.62,1.17,41.2,21.1
sess007891,v68,quest3,1.21,0.71,39.7,17.9
sess007892,v70,quest3,1.59,1.33,44.8,15.7
sess007893,v69,quest3s,1.78,2.06,43.5,17.6
sess007894,v68,quest3s,2.01,1.33,39.8,18.1
sess007895,v69,quest3,1.76,0.78,41.0,19.3
sess007896,v70,quest3,2.63,1.89,48.6,21.0
sess007897,v68,quest3s,1.37,0.85,41.4,19.1
sess007898,v68,quest3,1.72,0.99,42.9,18.5
sess007899,v69,quest3,1.63,1.26,45.1,18.3
sess007900,v70,quest3s,1.97,0.81,43.6,21.1
sess007901,v69,quest3,1.98,1.33,37.1,19.9
sess007902,v70,quest3s,1.7,1.15,42.0,20.8
sess007903,v68,quest3s,2.2,1.07,41.8,13.6
sess007904,v69,quest3,1.68,0.83,37.0,17.7
sess007905,v68,quest3,1.87,1.39,46.8,18.3
sess007906,v69,quest3s,2.54,1.84,42.6,18.2
sess007907,v69,quest3s,2.87,1.74,41.0,21.6
sess007908,v70,quest3,1.68,0.92,33.6,19.0
sess007909,v69,quest3,2.39,0.7,37.7,18.6
sess007910,v69,quest3s,2.67,1.35,45.8,19.6
sess007911,v69,quest3,2.13,1.97,42.0,20.9
sess007912,v70,quest3,2.24,1.5,41.5,18.6
sess007913,v70,quest3,1.67,1.49,45.6,18.2
sess007914,v70,quest3s,2.16,1.29,37.8,20.3
sess007915,v69,quest3,1.41,1.65,36.8,18.8
sess007916,v68,quest3,1.61,1.59,47.3,19.0
sess007917,v68,quest3,2.84,0.95,44.3,18.3
sess007918,v69,quest3,2.2,1.0,32.9,17.2
sess007919,v69,quest3s,2.32,1.82,40.8,18.5
sess007920,v69,quest3s,3.46,1.73,43.7,17.8
sess007921,v70,quest3s,2.56,0.41,47.4,18.8
sess007922,v70,quest3,2.04,1.11,43.1,21.4
sess007923,v69,quest3,2.16,1.31,40.5,16.0
sess007924,v68,quest3s,2.7,1.06,45.8,20.2
sess007925,v69,quest3s,3.42,1.61,47.9,17.6
sess007926,v68,quest3,2.24,2.01,39.8,18.6
sess007927,v69,quest3s,2.84,1.7,39.2,19.0
sess007928,v68,quest3,2.76,1.16,39.2,17.3
sess007929,v69,quest3,2.29,1.53,39.4,18.2
sess007930,v69,quest3s,2.9,1.99,45.7,18.3
sess007931,v69,quest3,1.7,0.51,43.1,18.5
sess007932,v68,quest3,1.61,1.08,41.3,19.2
sess007933,v70,quest3s,2.4,1.3,40.8,15.0
sess007934,v69,quest3s,3.59,1.58,35.5,18.8
sess007935,v68,quest3,2.14,1.5,37.1,21.0
sess007936,v70,quest3,1.6,1.28,33.7,17.3
sess007937,v68,quest3,1.79,0.74,40.0,16.6
sess007938,v68,quest3,2.26,1.24,42.2,18.1
sess007939,v68,quest3s,1.73,1.52,45.3,18.4
sess007940,v68,quest3s,1.21,1.76,38.4,16.7
sess007941,v69,quest3,1.81,0.79,44.4,16.7
sess007942,v68,quest3,2.58,1.13,41.5,18.1
sess007943,v69,quest3,1.79,1.06,47.7,17.5
sess007944,v68,quest3,2.3,1.61,44.9,17.1
sess007945,v69,quest3,2.77,1.44,43.3,16.9
sess007946,v68,quest3,0.48,1.92,37.6,19.1
sess007947,v69,quest3,2.49,1.04,43.0,16.3
sess007948,v70,quest3,2.09,0.92,40.1,19.4
sess007949,v68,quest3,1.32,0.1,42.4,15.1
sess007950,v68,quest3,1.97,1.62,32.8,18.5
sess007951,v70,quest3s,3.76,1.21,43.3,17.9
sess007952,v68,quest3s,1.85,1.14,45.1,18.1
sess007953,v69,quest3,2.79,1.34,43.1,19.6
sess007954,v68,quest3,1.74,1.4,47.3,18.5
sess007955,v69,quest3,2.76,1.41,44.8,15.8
sess007956,v68,quest3,1.81,1.1,41.5,18.5
sess007957,v70,quest3s,2.94,1.65,37.7,20.9
sess007958,v70,quest3s,1.16,1.35,47.3,19.2
sess007959,v70,quest3s,1.49,0.85,41.5,20.3
sess007960,v68,quest3,3.21,0.74,43.7,17.3
sess007961,v70,quest3,2.4,1.52,39.9,18.8
sess007962,v68,quest3s,1.42,1.05,45.4,17.5
sess007963,v70,quest3,2.51,0.9,43.9,19.8
sess007964,v69,quest3,1.94,0.83,46.5,19.9
sess007965,v69,quest3s,2.76,2.09,42.9,16.4
sess007966,v70,quest3,2.29,0.69,37.4,17.2
sess007967,v68,quest3s,1.93,0.99,39.2,17.4
sess007968,v68,quest3s,1.86,1.56,36.0,20.7
sess007969,v68,quest3,3.45,1.06,40.3,17.3
sess007970,v70,quest3s,1.85,1.57,34.5,21.0
sess007971,v70,quest3s,1.5,0.82,49.0,18.7
sess007972,v69,quest3,2.01,0.64,40.5,15.5
sess007973,v70,quest3s,2.05,0.72,38.4,15.3
sess007974,v69,quest3s,3.05,1.63,41.7,16.3
sess007975,v68,quest3,3.11,1.18,37.8,18.1
sess007976,v69,quest3s,2.95,1.68,44.1,19.1
sess007977,v70,quest3s,2.7,1.4,43.8,17.7
sess007978,v69,quest3,2.54,1.38,39.3,19.8
sess007979,v68,quest3s,1.79,1.52,38.5,18.4
sess007980,v69,quest3,2.49,0.91,38.2,17.5
sess007981,v70,quest3s,2.34,0.44,47.8,16.2
sess007982,v70,quest3s,1.93,1.47,39.0,18.6
sess007983,v70,quest3s,2.12,1.3,38.3,16.9
sess007984,v69,quest3s,3.61,1.9,42.1,16.2
sess007985,v69,quest3,1.99,1.89,50.4,17.6
sess007986,v69,quest3,2.07,1.91,39.2,15.9
sess007987,v69,quest3,1.81,2.04,41.3,18.4
sess007988,v70,quest3,2.4,1.37,42.3,20.3
sess007989,v70,quest3s,2.72,1.3,41.5,18.4
sess007990,v70,quest3,2.22,1.07,42.6,20.0
sess007991,v69,quest3s,3.05,1.36,37.0,16.8
sess007992,v70,quest3s,1.85,1.29,48.0,19.0
sess007993,v69,quest3,1.82,1.11,36.2,19.0
sess007994,v69,quest3,2.24,1.06,40.1,18.4
sess007995,v69,quest3s,2.27,1.97,42.4,17.1
sess007996,v69,quest3,2.44,1.34,41.3,18.7
sess007997,v69,quest3,1.43,1.64,38.5,17.2
sess007998,v70,quest3,2.18,0.7,45.8,18.1
sess007999,v68,quest3,1.98,0.54,39.0,18.6
sess008000,v69,quest3s,2.85,1.74,43.8,15.9
sess008001,v68,quest3,2.1,0.96,41.2,19.6
sess008002,v69,quest3s,4.35,2.0,38.8,17.9
sess008003,v70,quest3,1.33,1.81,38.0,18.7
sess008004,v68,quest3s,2.48,0.5,38.4,16.9
sess008005,v68,quest3,2.33,0.99,36.2,19.0
sess008006,v68,quest3s,1.98,0.81,46.9,17.9
sess008007,v70,quest3,1.59,1.55,43.3,18.2
sess008008,v68,quest3,1.21,1.74,39.3,21.0
sess008009,v68,quest3,3.16,0.9,41.7,21.9
sess008010,v70,quest3s,2.14,1.31,39.9,18.0
sess008011,v68,quest3,1.65,1.62,35.1,18.2
sess008012,v70,quest3,1.46,1.23,45.8,20.3
sess008013,v68,quest3s,1.44,1.71,40.5,18.2
sess008014,v69,quest3,3.04,0.91,43.4,17.8
sess008015,v68,quest3,2.0,0.82,45.7,17.2
sess008016,v68,quest3,2.34,1.21,43.7,15.7
sess008017,v68,quest3,1.62,1.17,37.1,17.3
sess008018,v69,quest3s,3.22,1.71,43.9,16.7
sess008019,v70,quest3s,1.95,1.11,42.3,17.2
sess008020,v68,quest3,1.8,1.17,41.6,17.2
sess008021,v70,quest3s,0.96,1.02,42.4,17.7
sess008022,v68,quest3,1.96,1.42,37.6,18.3
sess008023,v70,quest3s,1.98,1.42,42.5,17.5
sess008024,v69,quest3,1.83,1.53,39.4,20.4
sess008025,v69,quest3s,4.59,2.43,42.3,17.3
sess008026,v68,quest3s,2.08,0.85,40.3,19.7
sess008027,v70,quest3s,2.11,0.88,39.0,20.5
sess008028,v70,quest3,1.23,1.02,40.6,18.7
sess008029,v69,quest3,2.58,1.6,40.7,18.2
sess008030,v68,quest3s,2.85,1.78,48.4,16.1
sess008031,v69,quest3,2.11,1.19,47.6,19.9
sess008032,v68,quest3,2.26,0.75,35.2,18.6
sess008033,v68,quest3s,2.03,1.64,40.2,18.1
sess008034,v70,quest3,1.57,1.28,42.6,19.7
sess008035,v69,quest3,2.36,1.05,38.6,18.9
sess008036,v69,quest3s,2.4,2.04,43.4,18.5
sess008037,v68,quest3,2.19,1.42,40.2,18.2
sess008038,v69,quest3,1.24,1.32,42.1,19.0
sess008039,v70,quest3s,1.75,1.21,31.4,17.5
sess008040,v69,quest3,1.99,1.2,43.0,19.4
sess008041,v70,quest3,2.56,2.09,42.7,19.8
sess008042,v69,quest3s,3.17,1.79,41.2,18.1
sess008043,v68,quest3,2.14,0.6,36.0,19.7
sess008044,v68,quest3s,2.24,0.52,45.6,19.6
sess008045,v69,quest3s,2.37,2.45,39.5,18.8
sess008046,v68,quest3,0.95,1.91,37.8,21.5
sess008047,v70,quest3s,2.59,1.17,38.8,19.3
sess008048,v69,quest3,3.01,1.33,44.6,17.6
sess008049,v69,quest3s,2.24,1.76,47.4,18.7
sess008050,v70,quest3s,2.69,2.65,38.1,17.2
sess008051,v70,quest3,1.74,1.22,45.2,18.4
sess008052,v69,quest3s,3.14,1.17,38.4,18.6
sess008053,v70,quest3,1.79,1.98,36.6,18.7
sess008054,v69,quest3s,2.49,2.23,41.5,17.0
sess008055,v68,quest3s,1.56,1.52,41.5,19.9
sess008056,v70,quest3,1.72,1.24,44.2,20.9
sess008057,v69,quest3,2.82,1.26,40.3,19.2
sess008058,v68,quest3,1.72,0.79,39.0,15.6
sess008059,v68,quest3,1.66,1.0,48.0,17.3
sess008060,v68,quest3s,2.39,0.89,39.7,18.0
sess008061,v68,quest3s,1.92,0.99,44.0,14.9
sess008062,v69,quest3,2.21,1.9,45.7,15.4
sess008063,v69,quest3s,3.23,1.45,44.3,19.2
sess008064,v70,quest3,2.74,1.19,39.7,17.8
sess008065,v69,quest3,1.83,1.49,46.1,18.5
sess008066,v69,quest3,1.12,1.16,40.4,19.2
sess008067,v68,quest3,1.76,1.85,38.5,18.8
sess008068,v70,quest3,2.42,0.3,44.1,19.0
sess008069,v70,quest3,2.18,1.16,43.9,18.7
sess008070,v68,quest3,2.41,1.58,45.4,16.3
sess008071,v69,quest3s,2.89,1.75,44.3,20.8
sess008072,v68,quest3,2.45,1.67,47.1,16.0
sess008073,v68,quest3s,1.81,0.49,39.8,16.2
sess008074,v68,quest3s,2.01,2.38,36.9,20.0
sess008075,v69,quest3,1.5,1.34,38.8,18.3
sess008076,v68,quest3s,3.15,1.86,38.0,18.6
sess008077,v69,quest3s,2.54,1.79,44.1,18.6
sess008078,v69,quest3,2.22,1.67,44.6,20.1
sess008079,v69,quest3,1.44,0.7,45.6,19.7
sess008080,v70,quest3,2.61,0.4,38.6,18.7
sess008081,v70,quest3s,2.89,1.15,40.1,20.9
sess008082,v68,quest3,2.28,1.35,38.1,15.7
sess008083,v69,quest3s,2.49,1.67,40.7,18.2
sess008084,v68,quest3,1.34,1.25,34.6,20.6
sess008085,v69,quest3,3.4,0.78,41.7,19.7
sess008086,v68,quest3s,2.29,1.46,44.7,19.6
sess008087,v68,quest3s,1.9,0.85,38.9,17.7
sess008088,v70,quest3s,2.11,0.46,36.4,17.6
sess008089,v70,quest3s,2.26,0.58,41.1,20.8
sess008090,v68,quest3s,2.02,1.8,43.9,18.3
sess008091,v68,quest3s,3.23,1.63,42.0,18.1
sess008092,v68,quest3,0.82,1.1,36.8,19.7
sess008093,v68,quest3,2.76,1.36,45.6,21.3
sess008094,v68,quest3,1.95,0.95,36.9,14.1
sess008095,v68,quest3s,1.57,1.59,38.7,16.7
sess008096,v70,quest3,3.05,1.43,33.6,17.3
sess008097,v70,quest3s,1.5,1.57,49.0,18.8
sess008098,v70,quest3,1.84,1.26,40.3,18.2
sess008099,v69,quest3,2.19,1.35,45.3,19.4
sess008100,v70,quest3s,2.32,0.75,46.1,17.2
sess008101,v70,quest3s,2.8,1.16,41.5,21.3
sess008102,v68,quest3s,2.43,1.32,42.2,16.7
sess008103,v69,quest3,2.02,1.64,51.6,16.1
sess008104,v69,quest3,2.26,0.57,40.3,19.2
sess008105,v68,quest3s,1.24,1.61,43.6,15.8
sess008106,v70,quest3,1.42,1.77,43.4,19.4
sess008107,v70,quest3,2.92,0.85,43.3,18.8
sess008108,v70,quest3s,1.84,1.7,36.1,17.0
sess008109,v69,quest3s,2.66,2.31,37.8,20.2
sess008110,v70,quest3,1.89,1.39,47.9,19.2
sess008111,v70,quest3,2.01,1.82,41.9,19.0
sess008112,v70,quest3,2.43,0.81,43.6,17.5
sess008113,v70,quest3s,2.9,1.12,39.6,16.9
sess008114,v68,quest3s,2.07,0.78,46.9,19.7
sess008115,v68,quest3,3.27,1.27,38.6,18.3
sess008116,v70,quest3s,1.99,1.09,41.4,19.8
sess008117,v70,quest3,1.77,1.75,29.3,18.0
sess008118,v68,quest3,2.26,1.76,45.6,18.9
sess008119,v69,quest3,2.11,1.18,46.5,15.3
sess008120,v68,quest3s,2.63,2.41,45.1,20.2
sess008121,v68,quest3,2.91,1.86,41.9,20.6
sess008122,v68,quest3s,1.51,1.56,38.7,20.3
sess008123,v70,quest3s,2.07,0.75,39.6,17.6
sess008124,v68,quest3,1.14,1.26,44.9,18.8
sess008125,v69,quest3,2.32,1.37,38.2,17.5
sess008126,v70,quest3s,1.8,1.29,40.6,16.2
sess008127,v69,quest3,1.08,1.53,42.7,18.0
sess008128,v70,quest3s,1.53,1.67,42.4,17.4
sess008129,v68,quest3,2.33,0.96,44.0,17.5
sess008130,v70,quest3s,2.51,2.29,35.4,18.0
sess008131,v69,quest3s,4.2,2.57,39.5,17.5
sess008132,v68,quest3,2.2,0.81,45.5,17.0
sess008133,v68,quest3s,1.85,0.85,40.0,17.7
sess008134,v70,quest3,1.86,0.85,41.5,17.4
sess008135,v69,quest3s,2.54,2.42,44.3,17.6
sess008136,v70,quest3s,2.21,2.07,43.4,21.5
sess008137,v70,quest3,1.63,0.28,42.0,18.0
sess008138,v70,quest3,2.38,1.4,35.0,18.5
sess008139,v70,quest3,1.95,1.6,40.8,19.7
sess008140,v69,quest3s,3.36,2.0,40.4,14.8
sess008141,v70,quest3s,2.68,0.78,43.5,19.0
sess008142,v70,quest3,1.08,0.36,40.9,18.8
sess008143,v70,quest3s,1.89,0.67,42.8,18.2
sess008144,v69,quest3,3.23,0.57,44.4,20.0
sess008145,v70,quest3,2.51,1.07,44.3,18.3
sess008146,v69,quest3,1.92,0.99,39.6,15.2
sess008147,v68,quest3,2.09,1.54,45.8,21.2
sess008148,v70,quest3s,2.58,0.55,43.1,17.5
sess008149,v68,quest3s,2.43,1.36,45.7,17.6
sess008150,v69,quest3,2.29,1.59,40.7,18.2
sess008151,v69,quest3,2.29,0.97,44.3,17.5
sess008152,v70,quest3,2.24,0.8,40.0,18.8
sess008153,v70,quest3s,1.54,1.37,44.9,17.7
sess008154,v69,quest3s,3.58,1.48,47.6,20.4
sess008155,v68,quest3s,2.29,1.99,39.6,17.6
sess008156,v70,quest3s,2.29,1.06,43.1,18.5
sess008157,v69,quest3,1.15,1.04,46.0,18.5
sess008158,v69,quest3s,2.82,1.24,43.8,15.9
sess008159,v68,quest3s,2.51,0.47,49.0,19.7
sess008160,v69,quest3s,3.29,1.78,40.5,17.4
sess008161,v70,quest3s,1.25,0.6,37.9,16.9
sess008162,v69,quest3s,2.31,2.24,39.1,20.0
sess008163,v70,quest3s,2.13,0.1,35.8,18.1
sess008164,v69,quest3s,2.82,2.35,38.8,18.4
sess008165,v68,quest3,1.93,0.62,40.9,18.4
sess008166,v68,quest3s,1.66,1.49,44.2,17.2
sess008167,v70,quest3,2.81,0.85,44.2,18.8
sess008168,v70,quest3,3.38,0.92,43.1,19.9
sess008169,v68,quest3s,1.69,1.05,43.5,15.9
sess008170,v68,quest3,2.36,0.46,44.1,17.9
sess008171,v68,quest3,2.15,0.82,47.6,18.8
sess008172,v70,quest3s,1.53,1.65,36.9,20.2
sess008173,v70,quest3s,2.66,1.74,52.2,18.5
sess008174,v69,quest3s,2.88,2.39,43.3,17.4
sess008175,v70,quest3s,2.88,0.67,46.8,17.2
sess008176,v70,quest3s,1.74,1.55,45.3,19.5
sess008177,v69,quest3s,2.68,1.57,36.6,20.7
sess008178,v68,quest3s,1.51,1.05,38.1,14.3
sess008179,v69,quest3,1.73,1.66,44.3,18.4
sess008180,v70,quest3,1.56,1.18,40.6,18.3
sess008181,v68,quest3s,2.66,0.71,38.6,17.6
sess008182,v69,quest3,1.89,0.71,42.9,16.4
sess008183,v70,quest3s,2.55,1.7,38.9,21.4
sess008184,v68,quest3,1.44,1.07,42.4,18.0
sess008185,v70,quest3,2.38,1.05,41.1,19.7
sess008186,v69,quest3,1.98,0.54,38.7,16.0
sess008187,v69,quest3,2.56,1.71,47.7,21.1
sess008188,v70,quest3s,1.88,1.05,43.6,18.0
sess008189,v70,quest3,2.68,1.14,44.0,16.8
sess008190,v69,quest3,2.43,0.99,46.8,18.6
sess008191,v68,quest3,2.56,0.88,44.0,17.9
sess008192,v69,quest3,1.32,1.02,43.3,18.5
sess008193,v69,quest3s,3.47,1.6,43.3,19.9
sess008194,v69,quest3,2.89,1.41,47.6,19.5
sess008195,v68,quest3s,1.8,1.25,44.0,19.8
sess008196,v69,quest3s,3.11,1.58,40.4,20.1
sess008197,v69,quest3,2.71,2.0,44.2,17.1
sess008198,v70,quest3s,2.14,0.82,42.1,19.3
sess008199,v70,quest3s,2.23,0.92,44.8,18.9
sess008200,v68,quest3s,1.45,1.99,47.4,18.4
sess008201,v70,quest3,1.4,1.56,37.2,20.1
sess008202,v69,quest3s,3.96,1.01,51.5,18.6
sess008203,v68,quest3s,2.7,1.41,42.8,18.7
sess008204,v70,quest3,2.02,1.01,46.3,19.4
sess008205,v68,quest3,1.23,1.41,44.5,21.2
sess008206,v69,quest3,2.81,1.17,39.1,17.5
sess008207,v68,quest3s,2.77,0.96,43.2,19.5
sess008208,v69,quest3,1.23,1.71,45.8,18.4
sess008209,v68,quest3,2.66,1.73,43.6,19.3
sess008210,v69,quest3,1.96,1.01,40.4,18.6
sess008211,v70,quest3s,1.85,1.76,38.4,18.8
sess008212,v68,quest3s,2.32,1.84,45.7,19.1
sess008213,v68,quest3,2.19,0.89,36.7,19.2
sess008214,v69,quest3,3.02,1.73,41.2,20.0
sess008215,v69,quest3s,2.82,2.64,45.8,18.4
sess008216,v70,quest3,2.06,1.15,46.8,19.3
sess008217,v70,quest3s,2.13,1.85,36.8,18.4
sess008218,v70,quest3s,2.03,1.58,38.2,20.7
sess008219,v70,quest3s,2.34,1.46,43.6,16.9
sess008220,v69,quest3,2.6,1.1,47.2,18.4
sess008221,v70,quest3,2.01,1.5,38.4,17.5
sess008222,v69,quest3s,3.62,2.45,44.0,19.6
sess008223,v69,quest3,1.91,0.24,45.6,16.4
sess008224,v69,quest3,2.46,0.97,43.1,21.3
sess008225,v68,quest3s,2.48,1.14,39.0,20.2
sess008226,v70,quest3,1.85,1.21,39.1,17.1
sess008227,v70,quest3s,2.01,0.9,41.8,19.4
sess008228,v69,quest3,2.24,1.1,43.7,19.4
sess008229,v68,quest3s,1.44,1.03,41.2,17.5
sess008230,v70,quest3s,2.27,1.52,41.4,20.2
sess008231,v69,quest3,2.86,1.86,43.5,19.1
sess008232,v68,quest3,1.69,0.81,38.1,16.3
sess008233,v70,quest3,2.44,1.63,41.9,15.1
sess008234,v70,quest3s,2.41,0.58,42.8,18.2
sess008235,v68,quest3s,2.48,0.72,44.2,18.4
sess008236,v68,quest3s,2.03,1.09,47.2,19.0
sess008237,v69,quest3,1.41,1.07,39.8,15.9
sess008238,v69,quest3,2.0,1.91,40.4,17.6
sess008239,v70,quest3,2.58,1.43,45.8,18.0
sess008240,v68,quest3s,2.6,2.04,40.9,18.0
sess008241,v69,quest3,1.84,0.93,36.5,19.4
sess008242,v69,quest3,3.0,0.73,51.3,16.0
sess008243,v69,quest3s,2.54,0.98,38.2,16.5
sess008244,v68,quest3,1.63,1.36,37.6,18.6
sess008245,v70,quest3,2.17,1.07,42.4,20.2
sess008246,v68,quest3,1.79,0.54,47.8,18.2
sess008247,v70,quest3s,2.15,0.53,37.1,20.9
sess008248,v69,quest3s,4.09,2.39,43.5,18.7
sess008249,v70,quest3,1.57,1.07,40.3,18.8
sess008250,v68,quest3,2.15,2.03,39.9,16.4
sess008251,v68,quest3s,2.84,0.96,44.9,19.7
sess008252,v68,quest3s,2.16,0.98,37.3,18.1
sess008253,v70,quest3s,3.13,1.18,41.1,18.5
sess008254,v68,quest3,2.0,1.36,38.7,17.5
sess008255,v68,quest3s,2.35,0.94,37.4,19.2
sess008256,v70,quest3s,2.41,1.17,44.7,18.3
sess008257,v69,quest3,2.16,1.88,39.4,17.3
sess008258,v68,quest3,2.16,1.58,36.9,18.3
sess008259,v68,quest3,1.99,1.78,38.9,19.4
sess008260,v68,quest3,2.92,0.81,33.2,17.6
sess008261,v69,quest3,1.95,1.6,41.1,21.2
sess008262,v70,quest3s,1.68,0.88,43.5,19.5
sess008263,v69,quest3s,3.07,1.73,40.0,16.9
sess008264,v68,quest3s,1.74,0.58,41.0,17.1
sess008265,v70,quest3,1.95,1.13,44.2,20.3
sess008266,v69,quest3,2.01,0.32,37.6,19.2
sess008267,v68,quest3,3.0,1.45,43.0,16.3
sess008268,v69,quest3,1.66,0.56,41.6,18.3
sess008269,v70,quest3,1.59,1.63,39.2,19.5
sess008270,v68,quest3,2.25,1.45,50.9,18.8
sess008271,v68,quest3,2.14,1.48,46.0,16.6
sess008272,v70,quest3,2.44,1.47,35.7,16.3
sess008273,v68,quest3s,3.09,0.72,48.6,16.9
sess008274,v70,quest3,2.08,0.69,43.1,20.1
sess008275,v68,quest3s,2.34,1.33,43.7,19.0
sess008276,v69,quest3s,2.99,3.28,35.7,18.9
sess008277,v68,quest3,2.58,1.46,38.3,18.7
sess008278,v68,quest3,2.12,1.3,33.1,18.7
sess008279,v70,quest3,2.7,1.15,48.7,18.8
sess008280,v69,quest3,2.36,1.24,37.7,19.5
sess008281,v68,quest3,2.34,0.8,45.3,18.8
sess008282,v69,quest3,1.97,1.26,38.5,19.6
sess008283,v70,quest3,2.25,1.34,51.2,17.0
sess008284,v69,quest3,2.74,0.69,39.3,17.6
sess008285,v70,quest3,1.39,1.29,36.1,21.0
sess008286,v68,quest3,1.27,1.43,34.2,21.4
sess008287,v70,quest3,1.48,0.75,36.9,20.1
sess008288,v69,quest3,2.57,1.42,43.4,18.5
sess008289,v70,quest3,2.5,1.62,42.7,17.1
sess008290,v68,quest3s,1.89,2.21,41.6,19.5
sess008291,v70,quest3s,2.71,0.93,43.4,17.9
sess008292,v68,quest3,2.22,1.89,43.3,17.7
sess008293,v69,quest3s,2.89,1.99,43.1,17.5
sess008294,v69,quest3,1.51,1.2,32.3,15.7
sess008295,v70,quest3s,2.55,0.35,40.8,20.8
sess008296,v70,quest3,2.51,0.64,37.7,19.3
sess008297,v69,quest3,1.33,1.3,44.5,20.2
sess008298,v69,quest3s,3.37,1.24,39.9,17.5
sess008299,v69,quest3s,1.99,2.14,35.9,19.6
sess008300,v68,quest3,1.86,1.28,45.8,17.9
sess008301,v68,quest3,2.27,1.57,39.6,17.0
sess008302,v70,quest3s,1.96,1.41,45.3,19.7
sess008303,v68,quest3s,2.39,1.16,39.0,16.2
sess008304,v69,quest3s,2.95,2.15,44.2,20.4
sess008305,v70,quest3,3.24,0.81,44.0,19.0
sess008306,v70,quest3s,1.61,1.33,42.6,20.7
sess008307,v70,quest3,2.72,0.64,41.3,19.8
sess008308,v68,quest3s,2.02,0.33,43.5,16.4
sess008309,v69,quest3s,3.44,2.3,41.9,17.2
sess008310,v70,quest3,3.44,1.01,43.7,19.2
sess008311,v68,quest3,2.12,1.78,37.1,17.8
sess008312,v70,quest3,2.43,1.77,40.0,18.4
sess008313,v70,quest3s,2.51,1.06,45.1,20.3
sess008314,v70,quest3,3.33,0.75,40.3,18.7
sess008315,v68,quest3s,3.41,1.37,41.5,20.8
sess008316,v70,quest3s,2.5,0.95,50.9,19.7
sess008317,v68,quest3,1.99,0.69,39.9,20.8
sess008318,v69,quest3,1.99,1.47,40.1,20.6
sess008319,v68,quest3s,1.26,1.42,45.0,17.0
sess008320,v68,quest3s,2.25,1.15,38.6,18.9
sess008321,v70,quest3,1.92,1.58,47.5,18.6
sess008322,v70,quest3s,1.53,0.93,47.4,19.4
sess008323,v70,quest3,1.93,1.41,34.7,20.8
sess008324,v70,quest3,2.99,1.49,39.0,17.5
sess008325,v68,quest3s,1.9,0.94,45.9,19.7
sess008326,v70,quest3,2.71,1.3,38.4,21.2
sess008327,v68,quest3s,2.53,1.18,39.7,18.1
sess008328,v70,quest3s,2.19,1.25,47.6,18.7
sess008329,v70,quest3s,2.14,1.96,41.5,17.6
sess008330,v68,quest3,1.7,1.24,42.0,17.9
sess008331,v68,quest3s,1.92,1.76,43.1,18.8
sess008332,v68,quest3s,2.01,0.82,33.5,16.6
sess008333,v68,quest3s,2.66,1.42,43.0,18.7
sess008334,v68,quest3s,2.08,0.74,42.6,21.1
sess008335,v68,quest3,2.53,1.86,48.2,19.2
sess008336,v70,quest3,2.4,0.54,47.9,20.9
sess008337,v69,quest3,2.36,0.78,35.3,20.4
sess008338,v68,quest3,1.83,1.0,39.0,18.4
sess008339,v69,quest3,2.27,1.33,47.2,16.9
sess008340,v68,quest3,2.12,1.8,49.2,18.0
sess008341,v69,quest3,1.67,1.53,39.3,17.3
sess008342,v68,quest3s,1.74,1.17,36.0,18.9
sess008343,v69,quest3s,3.48,1.67,42.5,19.8
sess008344,v70,quest3s,2.34,1.38,47.7,22.3
sess008345,v69,quest3,2.14,1.4,37.4,19.1
sess008346,v68,quest3s,2.88,1.27,36.2,17.1
sess008347,v69,quest3,3.48,1.03,43.7,18.7
sess008348,v68,quest3,3.15,0.92,37.8,18.0
sess008349,v68,quest3s,1.13,0.78,32.9,15.4
sess008350,v70,quest3s,2.59,1.37,48.9,19.1
sess008351,v69,quest3s,2.62,1.66,40.8,15.7
sess008352,v70,quest3s,2.16,1.82,49.8,20.5
sess008353,v68,quest3s,2.76,1.08,45.5,18.3
sess008354,v69,quest3s,2.49,2.17,38.0,16.5
sess008355,v68,quest3,2.0,1.16,38.6,17.7
sess008356,v70,quest3s,3.42,1.01,39.9,19.0
sess008357,v68,quest3,1.54,0.93,37.1,17.6
sess008358,v68,quest3,1.68,1.16,41.5,16.6
sess008359,v68,quest3s,1.97,0.99,41.1,19.4
sess008360,v68,quest3,2.12,1.86,44.9,18.8
sess008361,v68,quest3,2.64,0.95,42.4,16.7
sess008362,v68,quest3s,1.92,2.07,42.6,20.5
sess008363,v69,quest3s,3.26,1.57,40.9,16.8
sess008364,v68,quest3,2.11,0.59,43.3,17.9
sess008365,v70,quest3,2.04,0.34,42.1,17.6
sess008366,v68,quest3,2.18,0.72,49.6,19.7
sess008367,v70,quest3s,2.02,1.53,42.3,21.5
sess008368,v68,quest3,2.6,0.0,41.7,17.0
sess008369,v68,quest3s,1.81,0.7,37.6,16.8
sess008370,v69,quest3,1.13,1.23,45.0,17.5
sess008371,v69,quest3s,2.65,1.8,47.3,18.9
sess008372,v70,quest3,2.09,0.81,35.6,20.2
sess008373,v70,quest3,3.06,1.5,37.1,21.0
sess008374,v68,quest3s,2.09,1.5,45.9,17.6
sess008375,v68,quest3s,2.84,0.86,46.5,16.3
sess008376,v70,quest3,2.29,1.92,44.1,19.3
sess008377,v70,quest3,2.13,1.0,43.0,21.0
sess008378,v68,quest3s,2.35,1.07,38.3,17.7
sess008379,v70,quest3s,2.16,1.08,45.1,17.0
sess008380,v68,quest3s,2.47,1.09,41.0,19.1
sess008381,v68,quest3s,2.84,1.03,36.8,18.9
sess008382,v70,quest3,2.92,0.61,45.8,19.2
sess008383,v68,quest3s,2.54,0.58,48.7,16.9
sess008384,v68,quest3,2.32,1.27,37.3,18.2
sess008385,v70,quest3,1.75,1.3,48.8,22.0
sess008386,v70,quest3,2.06,1.05,43.0,18.2
sess008387,v68,quest3,2.48,1.45,42.7,19.7
sess008388,v68,quest3,1.93,0.91,49.9,16.4
sess008389,v69,quest3,1.49,0.47,50.1,15.3
sess008390,v68,quest3s,1.86,0.9,38.0,18.2
sess008391,v68,quest3,2.17,1.02,43.9,17.9
sess008392,v69,quest3,2.76,1.19,35.0,17.9
sess008393,v69,quest3,2.22,1.7,48.5,15.7
sess008394,v70,quest3s,2.58,1.5,41.7,19.7
sess008395,v70,quest3,2.09,1.51,41.3,20.0
sess008396,v69,quest3s,2.41,2.39,39.6,18.1
sess008397,v70,quest3s,2.62,1.01,38.5,18.9
sess008398,v69,quest3s,3.51,1.52,43.2,16.7
sess008399,v69,quest3s,3.62,1.88,33.1,17.7
sess008400,v69,quest3,1.86,1.27,40.1,20.4
sess008401,v68,quest3,1.29,1.34,37.6,20.0
sess008402,v69,quest3,2.76,1.37,36.6,18.8
sess008403,v70,quest3,1.45,1.29,41.6,16.0
sess008404,v68,quest3,2.5,1.71,42.5,20.5
sess008405,v69,quest3s,2.42,2.16,46.3,19.3
sess008406,v68,quest3,1.81,1.48,47.1,20.9
sess008407,v68,quest3,2.48,0.81,44.6,16.8
sess008408,v69,quest3s,3.27,1.72,46.6,17.5
sess008409,v69,quest3s,3.72,2.36,40.8,17.9
sess008410,v69,quest3,2.33,1.09,41.3,18.9
sess008411,v70,quest3s,1.97,1.43,43.0,20.5
sess008412,v68,quest3,1.14,0.85,36.3,20.1
sess008413,v68,quest3,1.88,1.14,44.9,18.4
sess008414,v68,quest3,2.34,0.87,46.0,16.9
sess008415,v69,quest3s,2.74,1.07,41.0,16.4
sess008416,v70,quest3,2.55,0.4,42.3,19.8
sess008417,v68,quest3s,2.17,1.16,43.7,18.7
sess008418,v69,quest3s,3.17,2.66,45.9,15.3
sess008419,v70,quest3s,2.18,1.66,41.8,19.6
sess008420,v70,quest3s,1.88,0.76,39.4,19.8
sess008421,v70,quest3,2.75,1.0,36.5,16.1
sess008422,v70,quest3,2.36,1.22,41.5,18.5
sess008423,v68,quest3,1.49,1.29,44.7,18.2
sess008424,v70,quest3s,1.68,1.12,43.9,20.5
sess008425,v69,quest3,1.87,1.73,42.2,21.6
sess008426,v69,quest3,1.61,1.32,33.2,17.3
sess008427,v69,quest3s,3.1,1.46,41.5,20.7
sess008428,v69,quest3s,3.91,2.14,41.6,16.7
sess008429,v68,quest3,2.19,0.67,44.1,16.9
sess008430,v69,quest3s,3.44,2.03,44.1,20.0
sess008431,v70,quest3,2.8,1.92,41.4,18.8
sess008432,v69,quest3s,3.2,2.07,45.5,20.3
sess008433,v69,quest3,1.45,2.09,37.6,18.1
sess008434,v70,quest3,2.57,1.51,43.3,19.6
sess008435,v70,quest3s,2.47,1.62,43.6,16.5
sess008436,v68,quest3,2.22,1.08,47.1,16.3
sess008437,v70,quest3s,2.39,0.92,42.1,19.1
sess008438,v68,quest3s,2.79,1.07,40.1,16.9
sess008439,v69,quest3,1.9,1.35,37.6,17.9
sess008440,v70,quest3s,3.12,0.95,35.2,20.0
sess008441,v69,quest3,2.04,1.38,41.9,18.6
sess008442,v69,quest3s,2.81,1.29,49.2,18.2
sess008443,v68,quest3s,0.92,1.11,41.1,19.3
sess008444,v70,quest3s,2.36,1.22,44.6,20.7
sess008445,v70,quest3,2.35,2.03,42.5,15.4
sess008446,v69,quest3s,2.83,1.99,41.8,19.6
sess008447,v68,quest3s,1.84,0.51,34.4,18.6
sess008448,v68,quest3s,2.38,0.27,37.0,19.2
sess008449,v69,quest3s,2.63,1.64,42.9,16.7
sess008450,v70,quest3s,1.96,1.26,49.9,18.7
sess008451,v68,quest3,1.46,1.08,39.9,18.0
sess008452,v68,quest3,2.38,1.06,40.2,19.3
sess008453,v68,quest3,2.44,0.39,37.6,14.6
sess008454,v68,quest3s,2.05,0.58,45.3,18.9
sess008455,v70,quest3,2.28,1.44,36.8,15.5
sess008456,v68,quest3,1.92,0.82,41.0,18.1
sess008457,v70,quest3s,2.08,1.42,43.2,17.4
sess008458,v69,quest3,1.28,1.07,31.6,20.3
sess008459,v69,quest3s,3.63,2.11,42.7,16.6
sess008460,v68,quest3,2.3,1.38,48.0,19.7
sess008461,v69,quest3s,2.59,1.92,42.3,20.0
sess008462,v70,quest3,2.28,1.18,44.3,18.6
sess008463,v69,quest3,1.87,1.65,44.8,19.5
sess008464,v70,quest3s,1.95,1.35,39.9,21.5
sess008465,v70,quest3s,1.23,1.07,38.2,18.7
sess008466,v69,quest3,2.38,1.12,45.3,18.7
sess008467,v70,quest3,1.68,1.23,35.6,17.4
sess008468,v68,quest3s,1.55,1.01,40.5,17.3
sess008469,v70,quest3s,2.0,1.9,37.7,17.0
sess008470,v70,quest3,1.56,1.65,35.3,19.0
sess008471,v68,quest3s,2.16,1.81,36.5,17.4
sess008472,v68,quest3,2.72,1.85,45.5,18.9
sess008473,v69,quest3,1.32,1.73,36.7,17.2
sess008474,v68,quest3,1.9,1.07,42.9,18.7
sess008475,v68,quest3s,1.75,0.87,40.3,18.2
sess008476,v69,quest3,2.33,1.14,37.8,19.9
sess008477,v70,quest3s,2.16,1.03,33.6,19.6
sess008478,v69,quest3,1.8,0.53,41.4,18.3
sess008479,v68,quest3s,1.39,0.75,38.8,18.6
sess008480,v70,quest3s,0.86,1.03,39.1,17.9
sess008481,v69,quest3,0.85,0.68,40.8,19.6
sess008482,v69,quest3s,2.62,1.15,40.3,16.2
sess008483,v68,quest3s,1.94,1.33,35.1,17.2
sess008484,v68,quest3s,1.83,1.65,38.8,16.9
sess008485,v70,quest3,2.06,0.89,44.0,18.7
sess008486,v69,quest3,1.7,0.99,41.2,18.5
sess008487,v68,quest3,2.89,0.5,39.5,19.3
sess008488,v70,quest3s,1.62,1.84,44.0,19.4
sess008489,v70,quest3s,2.03,1.05,40.3,17.7
sess008490,v70,quest3,2.43,1.32,34.5,20.8
sess008491,v69,quest3s,3.13,2.29,45.0,16.8
sess008492,v70,quest3,1.73,1.36,41.7,17.7
sess008493,v69,quest3s,3.4,1.19,46.1,18.4
sess008494,v70,quest3,2.19,1.57,44.8,17.6
sess008495,v70,quest3,2.61,1.12,43.3,17.7
sess008496,v70,quest3s,1.09,2.12,30.5,18.9
sess008497,v70,quest3s,2.02,0.76,38.3,19.1
sess008498,v69,quest3,2.36,1.39,41.6,16.2
sess008499,v68,quest3,2.21,1.18,32.9,18.8
sess008500,v69,quest3,1.98,1.2,46.0,19.0
sess008501,v69,quest3s,2.91,1.25,52.8,18.4
sess008502,v70,quest3,2.56,1.19,30.2,19.7
sess008503,v68,quest3s,2.65,1.7,46.5,19.4
sess008504,v70,quest3s,1.99,1.1,42.1,19.0
sess008505,v69,quest3s,2.68,1.18,40.0,20.9
sess008506,v69,quest3s,3.24,2.13,47.4,19.9
sess008507,v70,quest3,1.46,1.53,48.5,19.7
sess008508,v70,quest3,1.55,1.86,39.9,17.7
sess008509,v68,quest3s,1.42,1.09,46.1,18.3
sess008510,v69,quest3,2.4,1.43,48.1,18.9
sess008511,v69,quest3,2.29,1.32,41.3,19.7
sess008512,v70,quest3,2.74,1.3,34.6,20.0
sess008513,v70,quest3s,1.23,0.73,41.1,20.1
sess008514,v70,quest3s,2.77,1.38,43.8,19.9
sess008515,v68,quest3,2.24,0.89,40.6,16.7
sess008516,v70,quest3s,2.11,0.73,41.2,18.2
sess008517,v68,quest3,2.43,1.11,41.4,17.0
sess008518,v70,quest3s,2.37,1.29,44.4,19.3
sess008519,v68,quest3s,1.53,1.17,42.3,20.3
sess008520,v68,quest3,2.3,1.02,48.1,16.1
sess008521,v68,quest3,2.06,0.86,38.7,14.6
sess008522,v69,quest3s,2.67,2.3,47.5,16.4
sess008523,v69,quest3,3.42,1.25,40.8,15.2
sess008524,v70,quest3,1.94,0.71,39.6,17.6
sess008525,v70,quest3,1.0,1.12,41.1,19.2
sess008526,v68,quest3s,2.58,0.59,46.6,16.3
sess008527,v70,quest3,2.37,1.19,32.5,18.7
sess008528,v68,quest3,2.43,1.47,40.0,15.7
sess008529,v70,quest3s,2.13,1.0,49.0,18.2
sess008530,v70,quest3,1.92,0.91,38.4,20.2
sess008531,v69,quest3s,2.65,1.06,39.7,18.7
sess008532,v70,quest3,2.27,1.19,37.7,21.3
sess008533,v68,quest3s,2.13,1.15,49.8,15.4
sess008534,v68,quest3s,1.52,0.23,41.9,15.0
sess008535,v70,quest3,2.62,1.45,35.5,19.3
sess008536,v68,quest3s,3.22,0.91,38.4,18.6
sess008537,v70,quest3,2.17,1.61,43.5,15.8
sess008538,v70,quest3s,2.33,1.46,44.3,18.8
sess008539,v69,quest3,2.24,1.17,47.5,18.8
sess008540,v68,quest3,1.67,0.98,40.3,17.3
sess008541,v70,quest3,1.78,0.44,41.4,16.5
sess008542,v69,quest3,2.34,0.76,42.3,18.9
sess008543,v68,quest3,2.35,1.18,45.3,20.7
sess008544,v70,quest3s,2.31,0.92,43.4,20.8
sess008545,v68,quest3,2.4,1.53,47.4,20.1
sess008546,v69,quest3,1.75,0.72,39.9,18.3
sess008547,v70,quest3s,1.82,1.49,42.4,21.2
sess008548,v69,quest3s,3.27,2.29,47.9,16.4
sess008549,v70,quest3,2.2,0.87,51.4,20.9
sess008550,v69,quest3,2.11,1.32,31.7,18.3
sess008551,v69,quest3s,2.96,1.78,45.0,19.4
sess008552,v69,quest3,2.07,1.49,41.8,18.9
sess008553,v68,quest3,1.28,1.19,45.0,16.9
sess008554,v68,quest3s,1.64,0.56,47.2,15.8
sess008555,v68,quest3s,1.64,1.0,39.8,18.7
sess008556,v70,quest3,3.23,1.24,44.8,19.5
sess008557,v70,quest3,2.3,1.78,46.9,18.4
sess008558,v69,quest3,2.76,1.51,32.2,20.3
sess008559,v69,quest3s,2.17,1.92,36.6,18.8
sess008560,v68,quest3,2.7,1.38,38.6,18.2
sess008561,v70,quest3s,1.54,1.39,43.3,18.3
sess008562,v68,quest3s,2.37,1.43,43.3,18.2
sess008563,v70,quest3s,1.27,1.4,41.1,20.6
sess008564,v68,quest3s,1.8,1.26,43.0,15.6
sess008565,v68,quest3s,1.53,1.08,33.8,17.6
sess008566,v69,quest3s,3.18,2.23,38.4,19.1
sess008567,v69,quest3,1.7,1.83,41.3,17.2
sess008568,v68,quest3,2.19,1.3,45.0,19.6
sess008569,v70,quest3,1.9,0.98,40.0,19.5
sess008570,v70,quest3s,1.84,1.41,41.4,16.8
sess008571,v69,quest3,1.93,1.38,36.8,18.1
sess008572,v70,quest3s,2.31,1.29,40.0,18.9
sess008573,v69,quest3s,2.86,2.03,41.4,20.3
sess008574,v69,quest3s,2.6,1.94,36.0,18.6
sess008575,v69,quest3,2.1,1.34,38.6,19.9
sess008576,v69,quest3s,3.08,1.44,42.1,17.8
sess008577,v68,quest3,2.16,1.73,44.7,15.4
sess008578,v70,quest3,2.26,1.15,39.7,19.1
sess008579,v70,quest3s,2.28,1.77,37.7,17.0
sess008580,v70,quest3s,1.92,1.81,46.0,18.9
sess008581,v70,quest3,2.89,1.07,42.5,17.3
sess008582,v68,quest3,1.79,1.48,37.8,19.9
sess008583,v69,quest3s,2.36,2.08,44.8,19.1
sess008584,v70,quest3,1.97,0.84,42.3,21.8
sess008585,v68,quest3,2.0,1.24,44.7,20.3
sess008586,v69,quest3s,2.46,1.54,39.5,17.7
sess008587,v69,quest3,2.03,1.01,47.3,15.6
sess008588,v68,quest3s,2.12,1.55,44.7,16.3
sess008589,v69,quest3,2.82,1.14,43.9,18.7
sess008590,v69,quest3,2.09,1.34,48.2,19.4
sess008591,v70,quest3s,2.39,0.85,51.4,19.3
sess008592,v68,quest3s,2.21,0.86,44.2,19.2
sess008593,v69,quest3s,3.02,1.97,45.3,17.4
sess008594,v68,quest3,2.51,0.69,38.8,17.3
sess008595,v68,quest3,2.16,1.53,38.7,21.4
sess008596,v68,quest3s,2.19,1.52,43.3,18.9
sess008597,v69,quest3s,2.87,1.89,42.3,19.8
sess008598,v70,quest3,2.3,0.59,37.8,20.7
sess008599,v68,quest3,2.02,0.98,41.4,18.8
sess008600,v69,quest3,2.31,1.16,47.4,17.3
sess008601,v69,quest3s,2.91,2.5,42.1,17.8
sess008602,v69,quest3s,3.07,1.47,39.5,15.1
sess008603,v69,quest3,2.09,1.03,35.9,19.6
sess008604,v70,quest3,1.54,1.73,46.8,18.0
sess008605,v70,quest3,2.47,0.7,43.9,19.9
sess008606,v70,quest3,2.43,1.68,44.4,20.0
sess008607,v70,quest3s,2.8,0.19,39.7,19.6
sess008608,v70,quest3,1.91,1.09,40.2,18.9
sess008609,v70,quest3,1.3,1.3,39.0,20.0
sess008610,v70,quest3,1.64,0.98,43.1,18.5
sess008611,v69,quest3,1.17,1.16,41.3,18.1
sess008612,v69,quest3,1.5,1.69,44.8,19.0
sess008613,v69,quest3s,2.53,1.26,43.5,18.2
sess008614,v69,quest3s,2.54,1.64,38.9,16.9
sess008615,v70,quest3,2.05,0.67,44.4,18.2
sess008616,v68,quest3,2.09,1.15,43.6,19.3
sess008617,v70,quest3s,2.55,0.54,46.2,16.6
sess008618,v68,quest3s,2.18,1.68,46.6,16.9
sess008619,v68,quest3s,2.49,1.31,34.8,17.0
sess008620,v70,quest3,1.89,1.51,45.4,18.7
sess008621,v70,quest3s,2.33,0.84,40.2,19.6
sess008622,v68,quest3s,1.41,1.24,42.5,16.9
sess008623,v69,quest3,2.03,0.77,38.1,19.5
sess008624,v69,quest3,1.71,2.43,36.5,20.2
sess008625,v68,quest3s,1.81,0.37,38.8,18.7
sess008626,v70,quest3,1.55,0.83,41.0,19.6
sess008627,v68,quest3,2.4,1.51,39.7,18.9
sess008628,v69,quest3,1.38,1.53,36.9,17.6
sess008629,v70,quest3,2.48,1.42,47.0,20.1
sess008630,v70,quest3s,1.22,1.02,39.2,19.6
sess008631,v70,quest3,2.2,1.69,38.4,17.5
sess008632,v68,quest3,1.27,0.58,44.6,16.2
sess008633,v70,quest3,1.99,1.49,41.1,19.1
sess008634,v70,quest3,1.81,0.46,41.4,19.2
sess008635,v69,quest3,2.06,1.09,39.0,18.8
sess008636,v70,quest3s,2.51,1.65,47.0,21.7
sess008637,v70,quest3,2.02,1.08,42.9,15.9
sess008638,v70,quest3s,2.29,1.51,39.3,17.8
sess008639,v68,quest3,1.82,1.32,40.9,20.4
sess008640,v70,quest3,2.4,1.58,40.5,17.0
sess008641,v70,quest3s,2.25,1.13,43.8,17.6
sess008642,v68,quest3s,1.68,1.75,48.3,18.3
sess008643,v69,quest3,2.1,1.36,40.9,18.7
sess008644,v70,quest3,2.42,1.09,35.5,18.6
sess008645,v69,quest3,1.55,1.63,44.4,16.6
sess008646,v68,quest3s,2.34,0.05,38.9,17.2
sess008647,v69,quest3s,2.67,1.6,38.4,17.6
sess008648,v70,quest3s,1.03,1.72,39.6,15.6
sess008649,v68,quest3s,1.35,1.23,44.8,17.0
sess008650,v68,quest3,1.81,1.36,45.1,18.6
sess008651,v69,quest3,1.9,1.17,41.9,15.5
sess008652,v69,quest3,1.24,1.32,33.9,17.8
sess008653,v69,quest3s,3.05,2.74,42.7,18.6
sess008654,v70,quest3,1.08,0.51,39.0,18.1
sess008655,v69,quest3,2.46,0.87,37.6,17.4
sess008656,v68,quest3s,2.5,1.3,37.0,18.5
sess008657,v69,quest3s,2.89,2.08,42.3,17.8
sess008658,v68,quest3s,2.02,1.69,46.8,18.4
sess008659,v70,quest3,2.99,1.32,33.1,20.5
sess008660,v69,quest3,1.63,1.28,47.7,19.6
sess008661,v68,quest3,1.22,1.13,42.2,19.1
sess008662,v68,quest3,2.51,1.01,54.0,17.2
sess008663,v69,quest3,2.08,1.43,44.8,18.3
sess008664,v68,quest3,2.1,1.35,37.8,16.5
sess008665,v70,quest3,2.14,1.06,37.7,17.3
sess008666,v69,quest3,2.73,0.88,42.2,16.6
sess008667,v70,quest3,1.98,1.46,48.5,18.5
sess008668,v69,quest3s,1.68,1.59,42.7,17.9
sess008669,v69,quest3,3.06,1.59,43.6,18.5
sess008670,v70,quest3,2.88,1.49,41.7,19.1
sess008671,v68,quest3,1.88,0.73,46.3,19.5
sess008672,v69,quest3,1.59,1.82,36.6,18.3
sess008673,v68,quest3s,2.58,1.7,33.7,18.0
sess008674,v69,quest3s,3.03,1.95,42.9,16.2
sess008675,v69,quest3,1.85,1.31,43.6,16.6
sess008676,v68,quest3,1.62,1.61,43.4,15.9
sess008677,v69,quest3,1.76,1.71,44.4,16.9
sess008678,v68,quest3,2.71,1.74,44.0,18.2
sess008679,v70,quest3s,2.01,1.41,34.8,17.3
sess008680,v68,quest3s,2.04,1.21,47.3,19.9
sess008681,v70,quest3s,2.26,0.59,48.0,22.1
sess008682,v68,quest3,2.95,1.74,37.4,17.0
sess008683,v70,quest3,2.44,0.86,39.5,18.2
sess008684,v68,quest3s,2.27,0.93,46.2,20.5
sess008685,v70,quest3,1.84,0.92,36.2,20.5
sess008686,v69,quest3,2.52,1.43,43.0,20.8
sess008687,v69,quest3,1.74,1.03,39.0,18.2
sess008688,v70,quest3s,2.94,0.74,38.6,21.1
sess008689,v69,quest3,2.37,2.15,37.0,17.3
sess008690,v69,quest3s,3.3,2.53,41.9,18.0
sess008691,v70,quest3,1.79,1.3,43.6,19.1
sess008692,v70,quest3,1.35,1.52,43.3,19.9
sess008693,v68,quest3s,2.15,1.52,42.0,18.4
sess008694,v68,quest3s,1.98,1.53,42.3,19.8
sess008695,v70,quest3s,2.29,1.35,43.9,17.7
sess008696,v68,quest3,2.64,0.98,38.5,17.1
sess008697,v69,quest3,1.26,1.88,44.5,15.8
sess008698,v68,quest3,2.37,1.32,45.4,22.5
sess008699,v69,quest3,3.03,1.08,38.4,19.1
sess008700,v69,quest3,2.06,0.32,40.1,19.5
sess008701,v70,quest3,1.11,1.19,46.0,19.9
sess008702,v68,quest3s,1.52,1.33,33.9,18.5
sess008703,v70,quest3,2.81,1.21,41.5,17.1
sess008704,v70,quest3s,2.94,1.18,41.5,15.3
sess008705,v70,quest3,1.72,1.24,40.8,18.5
sess008706,v70,quest3s,1.61,1.04,39.0,17.7
sess008707,v70,quest3s,1.85,1.26,43.0,17.7
sess008708,v70,quest3,2.14,1.09,38.1,19.1
sess008709,v68,quest3,2.12,1.42,42.3,16.8
sess008710,v68,quest3s,2.04,0.88,48.5,15.9
sess008711,v69,quest3,1.57,1.77,41.1,15.6
sess008712,v70,quest3s,2.98,1.34,40.7,19.0
sess008713,v70,quest3,1.92,1.26,44.5,22.2
sess008714,v70,quest3,2.04,0.79,42.2,20.6
sess008715,v70,quest3,1.96,1.53,37.5,19.7
sess008716,v70,quest3s,1.73,1.53,32.5,17.6
sess008717,v68,quest3,1.66,0.52,44.9,20.1
sess008718,v68,quest3s,2.08,1.37,49.8,17.2
sess008719,v70,quest3,2.04,1.05,47.7,20.1
sess008720,v68,quest3,2.04,0.95,41.8,17.5
sess008721,v69,quest3s,2.26,1.27,41.4,18.0
sess008722,v70,quest3s,2.35,1.45,41.1,19.3
sess008723,v69,quest3,2.14,1.46,46.0,20.3
sess008724,v70,quest3s,2.72,1.86,40.8,20.8
sess008725,v69,quest3,1.66,1.46,37.6,18.5
sess008726,v69,quest3,1.44,0.86,45.0,19.1
sess008727,v70,quest3s,1.94,1.68,40.8,18.2
sess008728,v68,quest3,1.78,0.77,42.4,19.2
sess008729,v68,quest3,2.05,0.66,43.1,14.3
sess008730,v69,quest3,2.43,0.41,45.4,17.6
sess008731,v69,quest3s,4.01,1.74,51.3,20.0
sess008732,v69,quest3s,3.02,2.57,39.1,20.6
sess008733,v70,quest3s,2.58,0.87,44.4,19.1
sess008734,v69,quest3,2.87,1.93,45.3,18.0
sess008735,v70,quest3,1.64,2.03,32.5,18.2
sess008736,v70,quest3s,1.98,1.41,44.6,19.7
sess008737,v69,quest3,2.1,0.49,40.6,16.9
sess008738,v69,quest3,2.38,1.47,41.9,19.7
sess008739,v69,quest3s,2.69,1.72,40.7,16.1
sess008740,v68,quest3,2.55,1.11,44.2,19.6
sess008741,v70,quest3,2.73,1.02,51.0,17.1
sess008742,v70,quest3s,2.79,1.3,39.4,16.7
sess008743,v68,quest3,1.83,1.06,44.4,20.5
sess008744,v70,quest3,2.4,0.82,45.3,17.9
sess008745,v70,quest3,2.15,0.5,35.2,19.1
sess008746,v69,quest3,1.67,0.9,44.6,14.8
sess008747,v70,quest3,2.77,1.67,44.3,19.6
sess008748,v68,quest3,2.61,0.47,43.4,17.3
sess008749,v69,quest3s,2.69,1.55,40.5,18.2
sess008750,v70,quest3s,1.86,0.97,39.2,19.4
sess008751,v69,quest3,2.07,1.78,39.2,18.1
sess008752,v68,quest3,1.64,1.08,45.9,18.9
sess008753,v70,quest3,1.82,1.72,44.6,20.5
sess008754,v69,quest3s,2.4,2.04,46.1,17.3
sess008755,v70,quest3s,2.94,1.38,44.3,16.8
sess008756,v68,quest3,1.36,1.5,35.7,19.5
sess008757,v68,quest3,2.11,1.39,52.1,20.4
sess008758,v68,quest3s,3.01,1.77,44.4,18.9
sess008759,v70,quest3,2.03,1.01,42.6,20.3
sess008760,v69,quest3s,3.13,2.58,44.3,16.7
sess008761,v70,quest3,1.96,0.7,54.2,18.0
sess008762,v70,quest3,1.62,1.17,40.4,17.0
sess008763,v70,quest3,2.73,1.76,44.1,17.2
sess008764,v70,quest3,2.64,0.89,40.7,19.9
sess008765,v68,quest3s,1.66,2.59,34.8,18.0
sess008766,v68,quest3s,1.61,1.38,42.4,19.5
sess008767,v69,quest3,1.95,1.28,36.3,18.6
sess008768,v70,quest3s,3.37,1.29,47.1,19.2
sess008769,v68,quest3,2.21,0.69,36.6,17.5
sess008770,v69,quest3s,2.89,2.15,44.5,18.7
sess008771,v70,quest3s,2.11,0.99,41.9,18.1
sess008772,v70,quest3,1.08,1.44,42.8,21.6
sess008773,v70,quest3,1.73,1.58,43.4,20.5
sess008774,v70,quest3s,2.86,0.37,41.8,20.8
sess008775,v70,quest3,1.39,1.38,47.7,20.1
sess008776,v70,quest3,2.99,1.42,40.5,19.0
sess008777,v68,quest3s,2.24,1.14,41.1,19.4
sess008778,v70,quest3s,1.7,1.41,43.5,17.3
sess008779,v70,quest3,2.25,1.15,42.3,18.3
sess008780,v68,quest3,1.43,0.79,43.5,18.6
sess008781,v69,quest3,2.43,0.8,36.4,18.6
sess008782,v69,quest3,2.72,0.85,38.8,19.9
sess008783,v68,quest3s,1.84,2.11,42.5,19.2
sess008784,v69,quest3s,3.61,1.99,42.6,19.5
sess008785,v69,quest3,1.49,0.75,40.5,18.7
sess008786,v68,quest3s,1.55,1.89,43.9,19.1
sess008787,v68,quest3s,1.93,0.55,39.6,17.0
sess008788,v69,quest3s,2.97,2.24,43.6,21.1
sess008789,v70,quest3,1.55,1.4,36.4,19.3
sess008790,v70,quest3,2.46,0.79,47.5,20.0
sess008791,v70,quest3,2.59,0.66,39.4,21.2
sess008792,v69,quest3,2.0,1.51,43.0,16.7
sess008793,v68,quest3s,1.56,1.14,47.8,18.0
sess008794,v70,quest3s,2.19,1.05,44.7,20.2
sess008795,v68,quest3,1.68,0.68,46.7,19.1
sess008796,v70,quest3,2.09,0.83,42.7,17.4
sess008797,v69,quest3,1.55,1.15,44.7,18.9
sess008798,v70,quest3,2.04,0.67,44.1,16.3
sess008799,v69,quest3s,2.82,1.94,37.3,14.7
sess008800,v68,quest3,2.3,1.32,42.6,17.8
sess008801,v69,quest3,1.89,0.47,45.9,20.1
sess008802,v70,quest3s,2.21,0.83,41.1,20.4
sess008803,v69,quest3,2.44,1.43,46.6,17.7
sess008804,v68,quest3,1.8,1.05,41.6,15.5
sess008805,v69,quest3s,2.97,1.85,40.2,17.7
sess008806,v69,quest3,2.41,1.4,42.6,15.4
sess008807,v68,quest3,2.16,1.62,39.3,17.8
sess008808,v68,quest3,2.42,0.81,36.1,17.5
sess008809,v69,quest3s,3.0,1.4,39.2,16.4
sess008810,v70,quest3,1.7,1.7,40.5,15.6
sess008811,v70,quest3s,1.29,1.16,41.4,19.3
sess008812,v69,quest3,2.63,1.47,38.8,19.8
sess008813,v70,quest3,2.65,1.28,45.0,19.0
sess008814,v69,quest3,2.12,1.43,45.1,18.1
sess008815,v69,quest3s,2.47,2.22,37.4,17.1
sess008816,v68,quest3s,1.93,1.14,40.9,16.5
sess008817,v68,quest3s,2.28,0.55,46.2,17.7
sess008818,v68,quest3,1.48,1.55,46.5,16.5
sess008819,v70,quest3s,1.95,1.41,46.9,20.8
sess008820,v68,quest3,1.75,1.79,46.5,19.6
sess008821,v68,quest3s,2.53,1.19,45.5,16.1
sess008822,v69,quest3,2.44,1.23,46.5,17.1
sess008823,v69,quest3s,2.67,1.5,36.3,20.0
sess008824,v68,quest3,2.09,1.24,46.5,17.9
sess008825,v69,quest3,1.47,1.21,41.5,18.8
sess008826,v69,quest3,2.42,1.02,42.6,18.6
sess008827,v68,quest3s,1.65,1.09,44.6,17.4
sess008828,v69,quest3,2.38,1.12,51.0,18.0
sess008829,v70,quest3,1.49,1.95,45.2,19.8
sess008830,v70,quest3s,1.25,1.26,52.4,18.8
sess008831,v70,quest3s,2.64,1.58,43.1,17.8
sess008832,v69,quest3,1.77,0.98,39.3,18.6
sess008833,v70,quest3s,2.26,0.67,47.4,18.6
sess008834,v68,quest3,0.95,0.85,43.5,19.8
sess008835,v69,quest3,1.7,1.07,44.7,19.0
sess008836,v70,quest3,2.29,1.73,44.3,19.3
sess008837,v70,quest3s,1.88,1.3,40.9,17.4
sess008838,v69,quest3s,2.39,2.87,37.3,16.7
sess008839,v68,quest3s,1.53,0.62,44.8,17.5
sess008840,v68,quest3s,2.46,0.68,39.8,18.2
sess008841,v70,quest3s,2.87,0.92,41.3,18.1
sess008842,v69,quest3,2.62,1.25,41.0,14.9
sess008843,v69,quest3s,1.78,2.13,36.8,18.7
sess008844,v68,quest3s,3.1,1.35,45.0,19.1
sess008845,v68,quest3,2.09,1.32,48.4,16.9
sess008846,v69,quest3,2.83,1.78,38.2,18.8
sess008847,v69,quest3,2.64,1.51,48.8,17.4
sess008848,v70,quest3s,1.62,1.58,37.8,17.6
sess008849,v68,quest3s,2.38,1.38,39.5,18.2
sess008850,v68,quest3,1.86,1.24,46.3,19.5
sess008851,v68,quest3,2.49,1.62,34.1,20.3
sess008852,v69,quest3s,3.36,1.71,49.6,17.2
sess008853,v68,quest3,2.69,1.56,48.7,16.1
sess008854,v70,quest3,2.91,0.47,48.1,19.3
sess008855,v69,quest3s,3.66,2.69,41.8,17.3
sess008856,v69,quest3,1.35,0.8,38.6,18.5
sess008857,v69,quest3s,2.66,1.99,48.4,16.7
sess008858,v70,quest3,1.79,0.51,35.3,21.0
sess008859,v68,quest3s,1.76,1.74,49.7,17.8
sess008860,v68,quest3s,1.95,1.88,46.5,17.4
sess008861,v68,quest3s,2.64,1.43,50.6,20.2
sess008862,v70,quest3s,2.23,0.32,34.9,17.5
sess008863,v70,quest3s,2.51,1.69,39.0,19.8
sess008864,v68,quest3s,1.94,0.96,38.4,17.6
sess008865,v69,quest3,2.18,0.67,45.7,15.9
sess008866,v68,quest3s,2.45,1.34,42.2,18.8
sess008867,v70,quest3s,1.17,0.86,33.8,18.9
sess008868,v68,quest3s,1.64,1.25,34.8,20.5
sess008869,v70,quest3,1.96,0.8,45.2,22.2
sess008870,v68,quest3,1.33,1.22,45.3,16.8
sess008871,v69,quest3,2.51,0.97,48.2,17.3
sess008872,v68,quest3s,1.44,1.39,49.7,17.4
sess008873,v70,quest3s,1.99,0.81,41.7,21.6
sess008874,v70,quest3,1.75,1.46,41.7,20.4
sess008875,v70,quest3,2.04,1.61,34.7,21.2
sess008876,v68,quest3s,2.3,1.42,45.2,16.1
sess008877,v68,quest3,2.08,1.37,41.0,20.4
sess008878,v68,quest3,1.69,1.75,46.3,17.8
sess008879,v69,quest3s,3.25,1.94,39.7,19.3
sess008880,v68,quest3,1.99,0.89,38.6,19.8
sess008881,v70,quest3,2.39,1.93,45.6,20.9
sess008882,v69,quest3s,3.21,2.06,44.9,19.1
sess008883,v68,quest3s,1.97,1.27,44.5,19.0
sess008884,v69,quest3s,3.65,1.65,39.5,14.9
sess008885,v70,quest3s,1.66,1.4,39.2,21.8
sess008886,v70,quest3,1.16,1.22,49.0,18.9
sess008887,v68,quest3,1.65,1.41,40.0,17.3
sess008888,v68,quest3,2.38,0.81,43.9,19.0
sess008889,v68,quest3s,2.21,0.69,43.4,18.5
sess008890,v68,quest3s,2.2,1.93,44.6,17.4
sess008891,v68,quest3,1.57,0.97,42.1,19.4
sess008892,v68,quest3s,2.11,1.27,40.1,19.7
sess008893,v68,quest3s,3.1,1.55,38.8,18.1
sess008894,v68,quest3s,2.78,0.95,42.1,18.7
sess008895,v69,quest3s,2.02,2.0,46.2,15.6
sess008896,v70,quest3s,1.54,1.4,35.5,18.3
sess008897,v68,quest3s,1.38,1.45,40.7,19.3
sess008898,v69,quest3,2.58,1.91,39.1,21.0
sess008899,v69,quest3s,2.73,1.98,41.8,18.1
sess008900,v69,quest3,1.81,0.38,41.0,20.2
sess008901,v68,quest3,2.24,2.1,44.6,17.9
sess008902,v70,quest3,1.37,1.96,41.5,18.3
sess008903,v69,quest3s,2.91,1.75,42.7,17.6
sess008904,v68,quest3s,1.72,1.3,40.8,20.2
sess008905,v70,quest3,1.93,0.95,38.0,19.2
sess008906,v68,quest3s,1.98,1.64,38.3,19.0
sess008907,v68,quest3s,2.33,0.89,48.1,18.0
sess008908,v68,quest3,1.54,0.69,47.1,18.3
sess008909,v70,quest3s,2.07,1.32,34.4,18.3
sess008910,v69,quest3,1.7,1.04,39.1,22.3
sess008911,v70,quest3s,1.55,1.49,42.7,17.5
sess008912,v69,quest3s,2.12,2.13,37.2,20.0
sess008913,v68,quest3,2.2,1.11,39.8,17.4
sess008914,v69,quest3,1.7,1.75,39.8,20.0
sess008915,v69,quest3,1.69,1.5,46.4,19.5
sess008916,v70,quest3,1.86,0.84,49.5,17.8
sess008917,v70,quest3s,1.74,1.24,39.2,19.6
sess008918,v70,quest3s,2.87,0.51,38.2,18.0
sess008919,v69,quest3s,3.47,1.43,37.9,15.6
sess008920,v70,quest3,3.08,1.72,41.7,16.9
sess008921,v69,quest3s,2.09,1.22,37.1,19.6
sess008922,v68,quest3s,2.12,0.54,32.0,17.5
sess008923,v69,quest3s,2.47,1.75,38.7,18.2
sess008924,v70,quest3,1.99,1.54,45.4,18.2
sess008925,v68,quest3s,1.58,0.86,39.8,18.9
sess008926,v69,quest3s,3.15,2.23,41.4,18.8
sess008927,v69,quest3,1.84,1.84,42.7,16.7
sess008928,v70,quest3,1.98,1.57,35.4,17.9
sess008929,v70,quest3,1.84,0.74,44.2,19.1
sess008930,v70,quest3s,0.7,1.0,47.8,19.5
sess008931,v68,quest3s,1.48,0.82,45.3,17.7
sess008932,v68,quest3,1.29,0.97,38.6,18.8
sess008933,v68,quest3s,2.45,1.5,34.6,19.1
sess008934,v69,quest3s,2.64,1.81,40.8,17.2
sess008935,v69,quest3,2.31,1.5,41.2,18.1
sess008936,v69,quest3,2.17,1.76,41.4,17.3
sess008937,v68,quest3,1.54,1.23,39.6,17.6
sess008938,v68,quest3,1.59,0.54,44.8,16.7
sess008939,v69,quest3s,3.02,1.51,46.6,17.4
sess008940,v69,quest3s,3.14,2.52,40.9,18.2
sess008941,v70,quest3s,1.9,0.86,47.0,18.5
sess008942,v68,quest3,1.81,1.0,40.6,19.6
sess008943,v68,quest3s,2.72,0.49,47.6,17.4
sess008944,v69,quest3,1.96,1.02,41.6,18.0
sess008945,v69,quest3s,3.72,2.16,47.6,16.9
sess008946,v70,quest3s,2.29,1.85,37.6,20.9
sess008947,v68,quest3s,1.92,1.56,40.8,19.5
sess008948,v70,quest3s,2.07,0.62,41.6,21.1
sess008949,v68,quest3s,1.1,1.07,39.9,19.0
sess008950,v68,quest3,1.86,1.33,39.2,18.8
sess008951,v69,quest3,2.38,0.98,48.6,20.7
sess008952,v68,quest3s,1.12,0.91,33.3,20.0
sess008953,v70,quest3s,2.69,1.49,41.7,19.6
sess008954,v69,quest3,2.17,0.67,37.8,18.3
sess008955,v68,quest3,2.07,1.24,46.1,18.9
sess008956,v68,quest3s,1.87,0.95,45.0,20.7
sess008957,v69,quest3,1.34,1.18,39.5,18.4
sess008958,v69,quest3,2.61,1.77,37.5,17.1
sess008959,v68,quest3s,1.79,0.95,45.9,18.9
sess008960,v68,quest3s,2.46,1.29,37.7,16.4
sess008961,v69,quest3s,3.98,2.6,44.7,16.1
sess008962,v69,quest3,2.04,0.83,40.5,17.7
sess008963,v68,quest3s,0.62,1.32,37.0,20.6
sess008964,v69,quest3,2.3,1.68,45.5,13.3
sess008965,v69,quest3s,3.32,1.65,44.9,19.7
sess008966,v70,quest3,2.12,1.12,41.1,20.8
sess008967,v69,quest3s,2.83,2.15,38.0,20.7
sess008968,v69,quest3s,2.92,1.62,41.7,16.0
sess008969,v69,quest3s,3.04,1.44,35.5,18.1
sess008970,v70,quest3s,2.66,0.79,43.5,16.4
sess008971,v70,quest3,2.17,1.34,39.7,19.5
sess008972,v70,quest3s,1.84,1.41,39.2,19.1
sess008973,v69,quest3,2.5,0.94,41.1,18.4
sess008974,v70,quest3s,2.19,2.24,48.6,20.8
sess008975,v69,quest3,3.05,0.92,45.9,17.8
sess008976,v70,quest3s,2.12,1.07,39.4,20.9
sess008977,v69,quest3,2.61,1.4,49.4,19.4
sess008978,v70,quest3,1.55,0.97,37.8,17.8
sess008979,v69,quest3,2.24,1.85,44.8,16.4
sess008980,v69,quest3,2.31,1.54,42.2,18.3
sess008981,v70,quest3,2.26,1.69,49.8,15.7
sess008982,v69,quest3s,3.67,1.51,45.6,17.1
sess008983,v70,quest3,2.11,1.69,38.2,19.7
sess008984,v69,quest3s,3.67,1.59,38.5,14.4
sess008985,v70,quest3s,2.29,1.33,42.6,18.2
sess008986,v68,quest3s,1.8,1.45,44.2,18.7
sess008987,v69,quest3,1.76,0.79,45.2,17.2
sess008988,v68,quest3s,2.52,0.79,42.9,18.3
sess008989,v68,quest3s,1.93,0.73,42.9,18.7
sess008990,v68,quest3,2.2,0.63,44.6,18.2
sess008991,v68,quest3s,1.78,1.04,44.2,17.7
sess008992,v70,quest3,2.49,0.96,48.1,18.5
sess008993,v68,quest3s,2.89,1.76,43.0,18.2
sess008994,v69,quest3,1.6,1.28,44.9,17.6
sess008995,v69,quest3,2.0,0.94,49.9,17.4
sess008996,v68,quest3,2.72,0.88,34.0,17.4
sess008997,v69,quest3s,3.06,1.6,39.6,18.3
sess008998,v70,quest3,1.66,1.64,46.0,16.5
sess008999,v70,quest3,1.54,0.96,41.7,19.9
